source_url,parent_source_product_id,parent_slug,parent_name,parent_sku,source_variation_id,variation_sku,attributes_json,attributes_text,price,regular_price,sale_price,currency,in_stock,stock_quantity,min_quantity,active,visible,image_url,description,source_extracted_at
https://dentalmarket.ma/product/porte-mine-criterium-05mm/,15137,porte-mine-criterium-05mm,"Porte-Mine/Critérium 0,5mm",15137,15138,,"{""attribute_pa_couleur"":""noir""}",pa_couleur=noir,12,12,,MAD,true,,1,true,true,https://dentalmarket.ma/wp-content/uploads/2026/07/Porte-Mine.png,"<p>Remarque : Ces porte-mines colorés contiennent uniquement des mines noires, et non des mines de couleur !</p>
",2026-07-29T15:49:50.238Z
https://dentalmarket.ma/product/porte-mine-criterium-05mm/,15137,porte-mine-criterium-05mm,"Porte-Mine/Critérium 0,5mm",15137,15139,,"{""attribute_pa_couleur"":""rouge""}",pa_couleur=rouge,12,12,,MAD,true,,1,true,true,https://dentalmarket.ma/wp-content/uploads/2026/07/Porte-Mine.png,"<p>Remarque : Ces porte-mines colorés contiennent uniquement des mines noires, et non des mines de couleur !</p>
",2026-07-29T15:49:50.238Z
https://dentalmarket.ma/product/porte-mine-criterium-05mm/,15137,porte-mine-criterium-05mm,"Porte-Mine/Critérium 0,5mm",15137,15140,,"{""attribute_pa_couleur"":""bleu""}",pa_couleur=bleu,12,12,,MAD,true,,1,true,true,https://dentalmarket.ma/wp-content/uploads/2026/07/Porte-Mine.png,"<p>Remarque : Ces porte-mines colorés contiennent uniquement des mines noires, et non des mines de couleur !</p>
",2026-07-29T15:49:50.238Z
https://dentalmarket.ma/product/porte-mine-criterium-05mm/,15137,porte-mine-criterium-05mm,"Porte-Mine/Critérium 0,5mm",15137,15141,,"{""attribute_pa_couleur"":""vert""}",pa_couleur=vert,12,12,,MAD,true,,1,true,true,https://dentalmarket.ma/wp-content/uploads/2026/07/Porte-Mine.png,"<p>Remarque : Ces porte-mines colorés contiennent uniquement des mines noires, et non des mines de couleur !</p>
",2026-07-29T15:49:50.238Z
https://dentalmarket.ma/product/mine/,8071,mine,"Mine de Critérium 0,5mm",8071,8072,,"{""attribute_couleur"":""Vert""}",couleur=Vert,29,29,,MAD,true,,1,true,true,https://dentalmarket.ma/wp-content/uploads/2025/08/Mine-Vert.webp,,2026-07-29T15:49:50.238Z
https://dentalmarket.ma/product/mine/,8071,mine,"Mine de Critérium 0,5mm",8071,8073,,"{""attribute_couleur"":""Rouge""}",couleur=Rouge,29,29,,MAD,true,,1,true,true,https://dentalmarket.ma/wp-content/uploads/2025/08/Mine-Rouge.webp,,2026-07-29T15:49:50.238Z
https://dentalmarket.ma/product/mine/,8071,mine,"Mine de Critérium 0,5mm",8071,8074,,"{""attribute_couleur"":""Bleu""}",couleur=Bleu,29,29,,MAD,true,,1,true,true,https://dentalmarket.ma/wp-content/uploads/2025/08/Mine-Bleu.webp,,2026-07-29T15:49:50.238Z
https://dentalmarket.ma/product/mine/,8071,mine,"Mine de Critérium 0,5mm",8071,8075,,"{""attribute_couleur"":""Noir""}",couleur=Noir,8,8,,MAD,true,,1,true,true,https://dentalmarket.ma/wp-content/uploads/2025/08/Mine-Noire.webp,,2026-07-29T15:49:50.238Z
https://dentalmarket.ma/product/fraise-diamantee-conge-conique-a-bout-rond-pour-contre-angle-odenta/,13852,fraise-diamantee-conge-conique-a-bout-rond-pour-contre-angle-odenta,Fraise Diamantée Congé / Conique à Bout Rond pour Contre-Angle - Odenta,13852,15067,O-254-254,"{""attribute_pa_bague"":""jaune"",""attribute_pa_diametre"":""018"",""attribute_pa_longueur-de-la-tete"":""10mm-iso-199""}",pa_bague=jaune | pa_diametre=018 | pa_longueur-de-la-tete=10mm-iso-199,12,12,,MAD,false,,1,true,true,https://dentalmarket.ma/wp-content/uploads/2026/07/Odenta-15.png,,2026-07-29T15:49:50.238Z
https://dentalmarket.ma/product/fraise-diamantee-conge-conique-a-bout-rond-pour-contre-angle-odenta/,13852,fraise-diamantee-conge-conique-a-bout-rond-pour-contre-angle-odenta,Fraise Diamantée Congé / Conique à Bout Rond pour Contre-Angle - Odenta,13852,15068,O-255-255,"{""attribute_pa_bague"":""rouge"",""attribute_pa_diametre"":""016"",""attribute_pa_longueur-de-la-tete"":""10mm-iso-199""}",pa_bague=rouge | pa_diametre=016 | pa_longueur-de-la-tete=10mm-iso-199,12,12,,MAD,true,152,1,true,true,https://dentalmarket.ma/wp-content/uploads/2026/07/Odenta-15.png,,2026-07-29T15:49:50.238Z
https://dentalmarket.ma/product/fraise-diamantee-conge-conique-a-bout-rond-pour-contre-angle-odenta/,13852,fraise-diamantee-conge-conique-a-bout-rond-pour-contre-angle-odenta,Fraise Diamantée Congé / Conique à Bout Rond pour Contre-Angle - Odenta,13852,15069,O-256-256,"{""attribute_pa_bague"":""rouge"",""attribute_pa_diametre"":""018"",""attribute_pa_longueur-de-la-tete"":""10mm-iso-199""}",pa_bague=rouge | pa_diametre=018 | pa_longueur-de-la-tete=10mm-iso-199,12,12,,MAD,true,100,1,true,true,https://dentalmarket.ma/wp-content/uploads/2026/07/Odenta-15.png,,2026-07-29T15:49:50.238Z
https://dentalmarket.ma/product/fraise-diamantee-conge-conique-a-bout-rond-pour-contre-angle-odenta/,13852,fraise-diamantee-conge-conique-a-bout-rond-pour-contre-angle-odenta,Fraise Diamantée Congé / Conique à Bout Rond pour Contre-Angle - Odenta,13852,15070,O-257-257,"{""attribute_pa_bague"":""rouge"",""attribute_pa_diametre"":""021"",""attribute_pa_longueur-de-la-tete"":""10mm-iso-199""}",pa_bague=rouge | pa_diametre=021 | pa_longueur-de-la-tete=10mm-iso-199,12,12,,MAD,true,155,1,true,true,https://dentalmarket.ma/wp-content/uploads/2026/07/Odenta-15.png,,2026-07-29T15:49:50.238Z
https://dentalmarket.ma/product/fraise-diamantee-conge-conique-a-bout-rond-pour-contre-angle-odenta/,13852,fraise-diamantee-conge-conique-a-bout-rond-pour-contre-angle-odenta,Fraise Diamantée Congé / Conique à Bout Rond pour Contre-Angle - Odenta,13852,15071,O-258-258,"{""attribute_pa_bague"":""bleu"",""attribute_pa_diametre"":""012"",""attribute_pa_longueur-de-la-tete"":""10mm-iso-199""}",pa_bague=bleu | pa_diametre=012 | pa_longueur-de-la-tete=10mm-iso-199,12,12,,MAD,true,230,1,true,true,https://dentalmarket.ma/wp-content/uploads/2026/07/Odenta-15.png,,2026-07-29T15:49:50.238Z
https://dentalmarket.ma/product/fraise-diamantee-conge-conique-a-bout-rond-pour-contre-angle-odenta/,13852,fraise-diamantee-conge-conique-a-bout-rond-pour-contre-angle-odenta,Fraise Diamantée Congé / Conique à Bout Rond pour Contre-Angle - Odenta,13852,15072,O-259-259,"{""attribute_pa_bague"":""bleu"",""attribute_pa_diametre"":""014"",""attribute_pa_longueur-de-la-tete"":""10mm-iso-199""}",pa_bague=bleu | pa_diametre=014 | pa_longueur-de-la-tete=10mm-iso-199,12,12,,MAD,true,90,1,true,true,https://dentalmarket.ma/wp-content/uploads/2026/07/Odenta-15.png,,2026-07-29T15:49:50.238Z
https://dentalmarket.ma/product/fraise-diamantee-conge-conique-a-bout-rond-pour-contre-angle-odenta/,13852,fraise-diamantee-conge-conique-a-bout-rond-pour-contre-angle-odenta,Fraise Diamantée Congé / Conique à Bout Rond pour Contre-Angle - Odenta,13852,15073,O-260-260,"{""attribute_pa_bague"":""bleu"",""attribute_pa_diametre"":""016"",""attribute_pa_longueur-de-la-tete"":""10mm-iso-199""}",pa_bague=bleu | pa_diametre=016 | pa_longueur-de-la-tete=10mm-iso-199,12,12,,MAD,true,94,1,true,true,https://dentalmarket.ma/wp-content/uploads/2026/07/Odenta-15.png,,2026-07-29T15:49:50.238Z
https://dentalmarket.ma/product/fraise-diamantee-conge-conique-a-bout-rond-pour-contre-angle-odenta/,13852,fraise-diamantee-conge-conique-a-bout-rond-pour-contre-angle-odenta,Fraise Diamantée Congé / Conique à Bout Rond pour Contre-Angle - Odenta,13852,15074,O-261-261,"{""attribute_pa_bague"":""bleu"",""attribute_pa_diametre"":""018"",""attribute_pa_longueur-de-la-tete"":""10mm-iso-199""}",pa_bague=bleu | pa_diametre=018 | pa_longueur-de-la-tete=10mm-iso-199,12,12,,MAD,true,100,1,true,true,https://dentalmarket.ma/wp-content/uploads/2026/07/Odenta-15.png,,2026-07-29T15:49:50.238Z
https://dentalmarket.ma/product/fraise-diamantee-conge-conique-a-bout-rond-pour-contre-angle-odenta/,13852,fraise-diamantee-conge-conique-a-bout-rond-pour-contre-angle-odenta,Fraise Diamantée Congé / Conique à Bout Rond pour Contre-Angle - Odenta,13852,15075,O-262-262,"{""attribute_pa_bague"":""bleu"",""attribute_pa_diametre"":""021"",""attribute_pa_longueur-de-la-tete"":""10mm-iso-199""}",pa_bague=bleu | pa_diametre=021 | pa_longueur-de-la-tete=10mm-iso-199,12,12,,MAD,true,102,1,true,true,https://dentalmarket.ma/wp-content/uploads/2026/07/Odenta-15.png,,2026-07-29T15:49:50.238Z
https://dentalmarket.ma/product/fraise-diamantee-conge-conique-a-bout-rond-pour-contre-angle-odenta/,13852,fraise-diamantee-conge-conique-a-bout-rond-pour-contre-angle-odenta,Fraise Diamantée Congé / Conique à Bout Rond pour Contre-Angle - Odenta,13852,15076,O-263-263,"{""attribute_pa_bague"":""verte"",""attribute_pa_diametre"":""012"",""attribute_pa_longueur-de-la-tete"":""10mm-iso-199""}",pa_bague=verte | pa_diametre=012 | pa_longueur-de-la-tete=10mm-iso-199,12,12,,MAD,true,200,1,true,true,https://dentalmarket.ma/wp-content/uploads/2026/07/Odenta-15.png,,2026-07-29T15:49:50.238Z
https://dentalmarket.ma/product/fraise-diamantee-conge-conique-a-bout-rond-pour-contre-angle-odenta/,13852,fraise-diamantee-conge-conique-a-bout-rond-pour-contre-angle-odenta,Fraise Diamantée Congé / Conique à Bout Rond pour Contre-Angle - Odenta,13852,15077,O-264-264,"{""attribute_pa_bague"":""verte"",""attribute_pa_diametre"":""014"",""attribute_pa_longueur-de-la-tete"":""10mm-iso-199""}",pa_bague=verte | pa_diametre=014 | pa_longueur-de-la-tete=10mm-iso-199,12,12,,MAD,true,100,1,true,true,https://dentalmarket.ma/wp-content/uploads/2026/07/Odenta-15.png,,2026-07-29T15:49:50.238Z
https://dentalmarket.ma/product/fraise-diamantee-conge-conique-a-bout-rond-pour-contre-angle-odenta/,13852,fraise-diamantee-conge-conique-a-bout-rond-pour-contre-angle-odenta,Fraise Diamantée Congé / Conique à Bout Rond pour Contre-Angle - Odenta,13852,15078,O-265-265,"{""attribute_pa_bague"":""verte"",""attribute_pa_diametre"":""016"",""attribute_pa_longueur-de-la-tete"":""10mm-iso-199""}",pa_bague=verte | pa_diametre=016 | pa_longueur-de-la-tete=10mm-iso-199,12,12,,MAD,true,140,1,true,true,https://dentalmarket.ma/wp-content/uploads/2026/07/Odenta-15.png,,2026-07-29T15:49:50.238Z
https://dentalmarket.ma/product/fraise-diamantee-conge-conique-a-bout-rond-pour-contre-angle-odenta/,13852,fraise-diamantee-conge-conique-a-bout-rond-pour-contre-angle-odenta,Fraise Diamantée Congé / Conique à Bout Rond pour Contre-Angle - Odenta,13852,15079,O-266-266,"{""attribute_pa_bague"":""verte"",""attribute_pa_diametre"":""018"",""attribute_pa_longueur-de-la-tete"":""10mm-iso-199""}",pa_bague=verte | pa_diametre=018 | pa_longueur-de-la-tete=10mm-iso-199,12,12,,MAD,true,100,1,true,true,https://dentalmarket.ma/wp-content/uploads/2026/07/Odenta-15.png,,2026-07-29T15:49:50.238Z
https://dentalmarket.ma/product/fraise-diamantee-conge-conique-a-bout-rond-pour-contre-angle-odenta/,13852,fraise-diamantee-conge-conique-a-bout-rond-pour-contre-angle-odenta,Fraise Diamantée Congé / Conique à Bout Rond pour Contre-Angle - Odenta,13852,15080,O-267-267,"{""attribute_pa_bague"":""verte"",""attribute_pa_diametre"":""021"",""attribute_pa_longueur-de-la-tete"":""10mm-iso-199""}",pa_bague=verte | pa_diametre=021 | pa_longueur-de-la-tete=10mm-iso-199,12,12,,MAD,true,119,1,true,true,https://dentalmarket.ma/wp-content/uploads/2026/07/Odenta-15.png,,2026-07-29T15:49:50.238Z
https://dentalmarket.ma/product/fraise-diamantee-conge-conique-a-bout-rond-pour-contre-angle-odenta/,13852,fraise-diamantee-conge-conique-a-bout-rond-pour-contre-angle-odenta,Fraise Diamantée Congé / Conique à Bout Rond pour Contre-Angle - Odenta,13852,15081,O-105-105,"{""attribute_pa_bague"":""jaune"",""attribute_pa_diametre"":""018"",""attribute_pa_longueur-de-la-tete"":""8mm-iso-198""}",pa_bague=jaune | pa_diametre=018 | pa_longueur-de-la-tete=8mm-iso-198,12,12,,MAD,true,87,1,true,true,https://dentalmarket.ma/wp-content/uploads/2025/08/label_DM-105-105.png,,2026-07-29T15:49:50.238Z
https://dentalmarket.ma/product/fraise-diamantee-conge-conique-a-bout-rond-pour-contre-angle-odenta/,13852,fraise-diamantee-conge-conique-a-bout-rond-pour-contre-angle-odenta,Fraise Diamantée Congé / Conique à Bout Rond pour Contre-Angle - Odenta,13852,15082,O-106-106,"{""attribute_pa_bague"":""rouge"",""attribute_pa_diametre"":""016"",""attribute_pa_longueur-de-la-tete"":""8mm-iso-198""}",pa_bague=rouge | pa_diametre=016 | pa_longueur-de-la-tete=8mm-iso-198,12,12,,MAD,false,,1,true,true,https://dentalmarket.ma/wp-content/uploads/2025/08/label_DM-106-106.png,,2026-07-29T15:49:50.238Z
https://dentalmarket.ma/product/fraise-diamantee-conge-conique-a-bout-rond-pour-contre-angle-odenta/,13852,fraise-diamantee-conge-conique-a-bout-rond-pour-contre-angle-odenta,Fraise Diamantée Congé / Conique à Bout Rond pour Contre-Angle - Odenta,13852,15083,O-107-107,"{""attribute_pa_bague"":""rouge"",""attribute_pa_diametre"":""018"",""attribute_pa_longueur-de-la-tete"":""8mm-iso-198""}",pa_bague=rouge | pa_diametre=018 | pa_longueur-de-la-tete=8mm-iso-198,12,12,,MAD,true,66,1,true,true,https://dentalmarket.ma/wp-content/uploads/2025/08/label_DM-107-107.png,,2026-07-29T15:49:50.238Z
https://dentalmarket.ma/product/fraise-diamantee-conge-conique-a-bout-rond-pour-contre-angle-odenta/,13852,fraise-diamantee-conge-conique-a-bout-rond-pour-contre-angle-odenta,Fraise Diamantée Congé / Conique à Bout Rond pour Contre-Angle - Odenta,13852,15084,O-108-108,"{""attribute_pa_bague"":""rouge"",""attribute_pa_diametre"":""021"",""attribute_pa_longueur-de-la-tete"":""8mm-iso-198""}",pa_bague=rouge | pa_diametre=021 | pa_longueur-de-la-tete=8mm-iso-198,12,12,,MAD,false,,1,true,true,https://dentalmarket.ma/wp-content/uploads/2025/08/label_DM-108-108.png,,2026-07-29T15:49:50.238Z
https://dentalmarket.ma/product/fraise-diamantee-conge-conique-a-bout-rond-pour-contre-angle-odenta/,13852,fraise-diamantee-conge-conique-a-bout-rond-pour-contre-angle-odenta,Fraise Diamantée Congé / Conique à Bout Rond pour Contre-Angle - Odenta,13852,15085,O-109-109,"{""attribute_pa_bague"":""bleu"",""attribute_pa_diametre"":""012"",""attribute_pa_longueur-de-la-tete"":""8mm-iso-198""}",pa_bague=bleu | pa_diametre=012 | pa_longueur-de-la-tete=8mm-iso-198,12,12,,MAD,false,,1,true,true,https://dentalmarket.ma/wp-content/uploads/2025/08/label_DM-109-109.png,,2026-07-29T15:49:50.238Z
https://dentalmarket.ma/product/fraise-diamantee-conge-conique-a-bout-rond-pour-contre-angle-odenta/,13852,fraise-diamantee-conge-conique-a-bout-rond-pour-contre-angle-odenta,Fraise Diamantée Congé / Conique à Bout Rond pour Contre-Angle - Odenta,13852,15086,O-110-110,"{""attribute_pa_bague"":""bleu"",""attribute_pa_diametre"":""014"",""attribute_pa_longueur-de-la-tete"":""8mm-iso-198""}",pa_bague=bleu | pa_diametre=014 | pa_longueur-de-la-tete=8mm-iso-198,12,12,,MAD,false,,1,true,true,https://dentalmarket.ma/wp-content/uploads/2025/08/label_DM-110-110.png,,2026-07-29T15:49:50.238Z
https://dentalmarket.ma/product/fraise-diamantee-conge-conique-a-bout-rond-pour-contre-angle-odenta/,13852,fraise-diamantee-conge-conique-a-bout-rond-pour-contre-angle-odenta,Fraise Diamantée Congé / Conique à Bout Rond pour Contre-Angle - Odenta,13852,15087,O-111-111,"{""attribute_pa_bague"":""bleu"",""attribute_pa_diametre"":""016"",""attribute_pa_longueur-de-la-tete"":""8mm-iso-198""}",pa_bague=bleu | pa_diametre=016 | pa_longueur-de-la-tete=8mm-iso-198,12,12,,MAD,true,177,1,true,true,https://dentalmarket.ma/wp-content/uploads/2025/08/label_DM-111-111.png,,2026-07-29T15:49:50.238Z
https://dentalmarket.ma/product/fraise-diamantee-conge-conique-a-bout-rond-pour-contre-angle-odenta/,13852,fraise-diamantee-conge-conique-a-bout-rond-pour-contre-angle-odenta,Fraise Diamantée Congé / Conique à Bout Rond pour Contre-Angle - Odenta,13852,15088,O-112-112,"{""attribute_pa_bague"":""bleu"",""attribute_pa_diametre"":""018"",""attribute_pa_longueur-de-la-tete"":""8mm-iso-198""}",pa_bague=bleu | pa_diametre=018 | pa_longueur-de-la-tete=8mm-iso-198,12,12,,MAD,true,208,1,true,true,https://dentalmarket.ma/wp-content/uploads/2025/08/label_DM-112-112.png,,2026-07-29T15:49:50.238Z
https://dentalmarket.ma/product/fraise-diamantee-conge-conique-a-bout-rond-pour-contre-angle-odenta/,13852,fraise-diamantee-conge-conique-a-bout-rond-pour-contre-angle-odenta,Fraise Diamantée Congé / Conique à Bout Rond pour Contre-Angle - Odenta,13852,15089,O-113-113,"{""attribute_pa_bague"":""bleu"",""attribute_pa_diametre"":""021"",""attribute_pa_longueur-de-la-tete"":""8mm-iso-198""}",pa_bague=bleu | pa_diametre=021 | pa_longueur-de-la-tete=8mm-iso-198,12,12,,MAD,true,273,1,true,true,https://dentalmarket.ma/wp-content/uploads/2025/08/label_DM-113-113.png,,2026-07-29T15:49:50.238Z
https://dentalmarket.ma/product/fraise-diamantee-conge-conique-a-bout-rond-pour-contre-angle-odenta/,13852,fraise-diamantee-conge-conique-a-bout-rond-pour-contre-angle-odenta,Fraise Diamantée Congé / Conique à Bout Rond pour Contre-Angle - Odenta,13852,15090,O-114-114,"{""attribute_pa_bague"":""verte"",""attribute_pa_diametre"":""012"",""attribute_pa_longueur-de-la-tete"":""8mm-iso-198""}",pa_bague=verte | pa_diametre=012 | pa_longueur-de-la-tete=8mm-iso-198,12,12,,MAD,false,,1,true,true,https://dentalmarket.ma/wp-content/uploads/2025/08/label_DM-114-114.png,,2026-07-29T15:49:50.238Z
https://dentalmarket.ma/product/fraise-diamantee-conge-conique-a-bout-rond-pour-contre-angle-odenta/,13852,fraise-diamantee-conge-conique-a-bout-rond-pour-contre-angle-odenta,Fraise Diamantée Congé / Conique à Bout Rond pour Contre-Angle - Odenta,13852,15091,O-115-115,"{""attribute_pa_bague"":""verte"",""attribute_pa_diametre"":""016"",""attribute_pa_longueur-de-la-tete"":""8mm-iso-198""}",pa_bague=verte | pa_diametre=016 | pa_longueur-de-la-tete=8mm-iso-198,12,12,,MAD,false,,1,true,true,https://dentalmarket.ma/wp-content/uploads/2025/08/label_DM-115-115.png,,2026-07-29T15:49:50.238Z
https://dentalmarket.ma/product/fraise-diamantee-conge-conique-a-bout-rond-pour-contre-angle-odenta/,13852,fraise-diamantee-conge-conique-a-bout-rond-pour-contre-angle-odenta,Fraise Diamantée Congé / Conique à Bout Rond pour Contre-Angle - Odenta,13852,15092,O-116-116,"{""attribute_pa_bague"":""verte"",""attribute_pa_diametre"":""021"",""attribute_pa_longueur-de-la-tete"":""8mm-iso-198""}",pa_bague=verte | pa_diametre=021 | pa_longueur-de-la-tete=8mm-iso-198,12,12,,MAD,false,,1,true,true,https://dentalmarket.ma/wp-content/uploads/2025/08/label_DM-116-116.png,,2026-07-29T15:49:50.238Z
https://dentalmarket.ma/product/fraise-diamantae-conique-a-bout-pointu-pour-contre-angle-odenta/,13851,fraise-diamantae-conique-a-bout-pointu-pour-contre-angle-odenta,Fraise Diamantée Conique à Bout Pointu pour Contre-Angle - Odenta,13851,15057,O-121-121,"{""attribute_pa_bague"":""bleu"",""attribute_pa_diametre"":""012""}",pa_bague=bleu | pa_diametre=012,12,12,,MAD,true,167,1,true,true,https://dentalmarket.ma/wp-content/uploads/2025/08/label_DM-121-121.png,,2026-07-29T15:49:50.238Z
https://dentalmarket.ma/product/fraise-diamantae-conique-a-bout-pointu-pour-contre-angle-odenta/,13851,fraise-diamantae-conique-a-bout-pointu-pour-contre-angle-odenta,Fraise Diamantée Conique à Bout Pointu pour Contre-Angle - Odenta,13851,15058,O-122-122,"{""attribute_pa_bague"":""bleu"",""attribute_pa_diametre"":""014""}",pa_bague=bleu | pa_diametre=014,12,12,,MAD,true,145,1,true,true,https://dentalmarket.ma/wp-content/uploads/2025/08/label_DM-122-122.png,,2026-07-29T15:49:50.238Z
https://dentalmarket.ma/product/fraise-diamantae-conique-a-bout-pointu-pour-contre-angle-odenta/,13851,fraise-diamantae-conique-a-bout-pointu-pour-contre-angle-odenta,Fraise Diamantée Conique à Bout Pointu pour Contre-Angle - Odenta,13851,15059,O-123-123,"{""attribute_pa_bague"":""bleu"",""attribute_pa_diametre"":""016""}",pa_bague=bleu | pa_diametre=016,12,12,,MAD,true,111,1,true,true,https://dentalmarket.ma/wp-content/uploads/2025/08/label_DM-123-123.png,,2026-07-29T15:49:50.238Z
https://dentalmarket.ma/product/fraise-diamantae-conique-a-bout-pointu-pour-contre-angle-odenta/,13851,fraise-diamantae-conique-a-bout-pointu-pour-contre-angle-odenta,Fraise Diamantée Conique à Bout Pointu pour Contre-Angle - Odenta,13851,15060,O-124-124,"{""attribute_pa_bague"":""bleu"",""attribute_pa_diametre"":""018""}",pa_bague=bleu | pa_diametre=018,12,12,,MAD,true,138,1,true,true,https://dentalmarket.ma/wp-content/uploads/2025/08/label_DM-124-124.png,,2026-07-29T15:49:50.238Z
https://dentalmarket.ma/product/fraise-diamantae-conique-a-bout-pointu-pour-contre-angle-odenta/,13851,fraise-diamantae-conique-a-bout-pointu-pour-contre-angle-odenta,Fraise Diamantée Conique à Bout Pointu pour Contre-Angle - Odenta,13851,15061,O-125-125,"{""attribute_pa_bague"":""bleu"",""attribute_pa_diametre"":""021""}",pa_bague=bleu | pa_diametre=021,12,12,,MAD,true,208,1,true,true,https://dentalmarket.ma/wp-content/uploads/2025/08/label_DM-125-125.png,,2026-07-29T15:49:50.238Z
https://dentalmarket.ma/product/fraise-diamantae-conique-a-bout-pointu-pour-contre-angle-odenta/,13851,fraise-diamantae-conique-a-bout-pointu-pour-contre-angle-odenta,Fraise Diamantée Conique à Bout Pointu pour Contre-Angle - Odenta,13851,15062,O-126-126,"{""attribute_pa_bague"":""verte"",""attribute_pa_diametre"":""012""}",pa_bague=verte | pa_diametre=012,12,12,,MAD,true,203,1,true,true,https://dentalmarket.ma/wp-content/uploads/2025/08/label_DM-126-126.png,,2026-07-29T15:49:50.238Z
https://dentalmarket.ma/product/fraise-diamantae-conique-a-bout-pointu-pour-contre-angle-odenta/,13851,fraise-diamantae-conique-a-bout-pointu-pour-contre-angle-odenta,Fraise Diamantée Conique à Bout Pointu pour Contre-Angle - Odenta,13851,15063,O-269-269,"{""attribute_pa_bague"":""verte"",""attribute_pa_diametre"":""014""}",pa_bague=verte | pa_diametre=014,12,12,,MAD,true,100,1,true,true,https://dentalmarket.ma/wp-content/uploads/2026/07/Odenta-10.png,,2026-07-29T15:49:50.238Z
https://dentalmarket.ma/product/fraise-diamantae-conique-a-bout-pointu-pour-contre-angle-odenta/,13851,fraise-diamantae-conique-a-bout-pointu-pour-contre-angle-odenta,Fraise Diamantée Conique à Bout Pointu pour Contre-Angle - Odenta,13851,15064,O-127-127,"{""attribute_pa_bague"":""verte"",""attribute_pa_diametre"":""016""}",pa_bague=verte | pa_diametre=016,12,12,,MAD,true,203,1,true,true,https://dentalmarket.ma/wp-content/uploads/2025/08/label_DM-127-127.png,,2026-07-29T15:49:50.238Z
https://dentalmarket.ma/product/fraise-diamantae-conique-a-bout-pointu-pour-contre-angle-odenta/,13851,fraise-diamantae-conique-a-bout-pointu-pour-contre-angle-odenta,Fraise Diamantée Conique à Bout Pointu pour Contre-Angle - Odenta,13851,15065,O-270-270,"{""attribute_pa_bague"":""verte"",""attribute_pa_diametre"":""018""}",pa_bague=verte | pa_diametre=018,12,12,,MAD,true,100,1,true,true,https://dentalmarket.ma/wp-content/uploads/2026/07/Odenta-10.png,,2026-07-29T15:49:50.238Z
https://dentalmarket.ma/product/fraise-diamantae-conique-a-bout-pointu-pour-contre-angle-odenta/,13851,fraise-diamantae-conique-a-bout-pointu-pour-contre-angle-odenta,Fraise Diamantée Conique à Bout Pointu pour Contre-Angle - Odenta,13851,15066,O-128-128,"{""attribute_pa_bague"":""verte"",""attribute_pa_diametre"":""021""}",pa_bague=verte | pa_diametre=021,12,12,,MAD,true,195,1,true,true,https://dentalmarket.ma/wp-content/uploads/2025/08/label_DM-128-128.png,,2026-07-29T15:49:50.238Z
https://dentalmarket.ma/product/fraise-diamantee-conique-a-bout-plat-pour-contre-angle-odenta/,13850,fraise-diamantee-conique-a-bout-plat-pour-contre-angle-odenta,Fraise Diamantée Conique à Bout Plât pour Contre-Angle - Odenta,13850,15052,O-117-117,"{""attribute_pa_bague"":""bleu"",""attribute_pa_diametre"":""012""}",pa_bague=bleu | pa_diametre=012,12,12,,MAD,true,135,1,true,true,https://dentalmarket.ma/wp-content/uploads/2025/08/label_DM-117-117.png,,2026-07-29T15:49:50.238Z
https://dentalmarket.ma/product/fraise-diamantee-conique-a-bout-plat-pour-contre-angle-odenta/,13850,fraise-diamantee-conique-a-bout-plat-pour-contre-angle-odenta,Fraise Diamantée Conique à Bout Plât pour Contre-Angle - Odenta,13850,15053,O-268-268,"{""attribute_pa_bague"":""bleu"",""attribute_pa_diametre"":""014""}",pa_bague=bleu | pa_diametre=014,12,12,,MAD,false,,1,true,true,https://dentalmarket.ma/wp-content/uploads/2026/07/Odenta-11.png,,2026-07-29T15:49:50.238Z
https://dentalmarket.ma/product/fraise-diamantee-conique-a-bout-plat-pour-contre-angle-odenta/,13850,fraise-diamantee-conique-a-bout-plat-pour-contre-angle-odenta,Fraise Diamantée Conique à Bout Plât pour Contre-Angle - Odenta,13850,15054,O-118-118,"{""attribute_pa_bague"":""bleu"",""attribute_pa_diametre"":""016""}",pa_bague=bleu | pa_diametre=016,12,12,,MAD,true,127,1,true,true,https://dentalmarket.ma/wp-content/uploads/2025/08/label_DM-118-118.png,,2026-07-29T15:49:50.238Z
https://dentalmarket.ma/product/fraise-diamantee-conique-a-bout-plat-pour-contre-angle-odenta/,13850,fraise-diamantee-conique-a-bout-plat-pour-contre-angle-odenta,Fraise Diamantée Conique à Bout Plât pour Contre-Angle - Odenta,13850,15055,O-119-119,"{""attribute_pa_bague"":""bleu"",""attribute_pa_diametre"":""018""}",pa_bague=bleu | pa_diametre=018,12,12,,MAD,true,568,1,true,true,https://dentalmarket.ma/wp-content/uploads/2025/08/label_DM-119-119.png,,2026-07-29T15:49:50.238Z
https://dentalmarket.ma/product/fraise-diamantee-conique-a-bout-plat-pour-contre-angle-odenta/,13850,fraise-diamantee-conique-a-bout-plat-pour-contre-angle-odenta,Fraise Diamantée Conique à Bout Plât pour Contre-Angle - Odenta,13850,15056,O-120-120,"{""attribute_pa_bague"":""bleu"",""attribute_pa_diametre"":""021""}",pa_bague=bleu | pa_diametre=021,12,12,,MAD,false,,1,true,true,https://dentalmarket.ma/wp-content/uploads/2026/07/Odenta-11.png,,2026-07-29T15:49:50.238Z
https://dentalmarket.ma/product/fraise-diamantee-boule-long-col-pour-contre-angle-odenta/,13849,fraise-diamantee-boule-long-col-pour-contre-angle-odenta,Fraise Diamantée Boule Long-Col pour Contre-Angle - Odenta,13849,15050,O-271-271,"{""attribute_pa_bague"":""verte"",""attribute_pa_diametre"":""010""}",pa_bague=verte | pa_diametre=010,13,13,,MAD,true,100,1,true,true,https://dentalmarket.ma/wp-content/uploads/2026/07/Odenta-13.png,,2026-07-29T15:49:50.238Z
https://dentalmarket.ma/product/fraise-diamantee-boule-long-col-pour-contre-angle-odenta/,13849,fraise-diamantee-boule-long-col-pour-contre-angle-odenta,Fraise Diamantée Boule Long-Col pour Contre-Angle - Odenta,13849,15051,O-272-272,"{""attribute_pa_bague"":""verte"",""attribute_pa_diametre"":""012""}",pa_bague=verte | pa_diametre=012,13,13,,MAD,true,100,1,true,true,https://dentalmarket.ma/wp-content/uploads/2026/07/Odenta-13.png,,2026-07-29T15:49:50.238Z
https://dentalmarket.ma/product/fraise-diamantee-boule-pour-contre-angle-odenta/,13848,fraise-diamantee-boule-pour-contre-angle-odenta,Fraise Diamantée Boule pour Contre-Angle - Odenta,13848,15038,O-085-085,"{""attribute_pa_bague"":""bleu"",""attribute_pa_diametre"":""008""}",pa_bague=bleu | pa_diametre=008,12,12,,MAD,true,211,1,true,true,https://dentalmarket.ma/wp-content/uploads/2025/08/label_DM-085-085.png,,2026-07-29T15:49:50.238Z
https://dentalmarket.ma/product/fraise-diamantee-boule-pour-contre-angle-odenta/,13848,fraise-diamantee-boule-pour-contre-angle-odenta,Fraise Diamantée Boule pour Contre-Angle - Odenta,13848,15039,O-086-086,"{""attribute_pa_bague"":""bleu"",""attribute_pa_diametre"":""010""}",pa_bague=bleu | pa_diametre=010,12,12,,MAD,true,159,1,true,true,https://dentalmarket.ma/wp-content/uploads/2025/08/label_DM-086-086.png,,2026-07-29T15:49:50.238Z
https://dentalmarket.ma/product/fraise-diamantee-boule-pour-contre-angle-odenta/,13848,fraise-diamantee-boule-pour-contre-angle-odenta,Fraise Diamantée Boule pour Contre-Angle - Odenta,13848,15040,O-087-087,"{""attribute_pa_bague"":""bleu"",""attribute_pa_diametre"":""012""}",pa_bague=bleu | pa_diametre=012,12,12,,MAD,true,226,1,true,true,https://dentalmarket.ma/wp-content/uploads/2025/08/label_DM-087-087.png,,2026-07-29T15:49:50.238Z
https://dentalmarket.ma/product/fraise-diamantee-boule-pour-contre-angle-odenta/,13848,fraise-diamantee-boule-pour-contre-angle-odenta,Fraise Diamantée Boule pour Contre-Angle - Odenta,13848,15041,O-088-088,"{""attribute_pa_bague"":""bleu"",""attribute_pa_diametre"":""014""}",pa_bague=bleu | pa_diametre=014,12,12,,MAD,true,164,1,true,true,https://dentalmarket.ma/wp-content/uploads/2025/08/label_DM-088-088.png,,2026-07-29T15:49:50.238Z
https://dentalmarket.ma/product/fraise-diamantee-boule-pour-contre-angle-odenta/,13848,fraise-diamantee-boule-pour-contre-angle-odenta,Fraise Diamantée Boule pour Contre-Angle - Odenta,13848,15042,O-089-089,"{""attribute_pa_bague"":""bleu"",""attribute_pa_diametre"":""016""}",pa_bague=bleu | pa_diametre=016,12,12,,MAD,true,118,1,true,true,https://dentalmarket.ma/wp-content/uploads/2025/08/label_DM-089-089.png,,2026-07-29T15:49:50.238Z
https://dentalmarket.ma/product/fraise-diamantee-boule-pour-contre-angle-odenta/,13848,fraise-diamantee-boule-pour-contre-angle-odenta,Fraise Diamantée Boule pour Contre-Angle - Odenta,13848,15044,O-092-092,"{""attribute_pa_bague"":""bleu"",""attribute_pa_diametre"":""018""}",pa_bague=bleu | pa_diametre=018,12,12,,MAD,true,154,1,true,true,https://dentalmarket.ma/wp-content/uploads/2025/08/label_DM-092-092.png,,2026-07-29T15:49:50.238Z
https://dentalmarket.ma/product/fraise-diamantee-boule-pour-contre-angle-odenta/,13848,fraise-diamantee-boule-pour-contre-angle-odenta,Fraise Diamantée Boule pour Contre-Angle - Odenta,13848,15045,O-093-093,"{""attribute_pa_bague"":""bleu"",""attribute_pa_diametre"":""020""}",pa_bague=bleu | pa_diametre=020,12,12,,MAD,true,201,1,true,true,https://dentalmarket.ma/wp-content/uploads/2025/08/label_DM-093-093.png,,2026-07-29T15:49:50.238Z
https://dentalmarket.ma/product/fraise-diamantee-boule-pour-contre-angle-odenta/,13848,fraise-diamantee-boule-pour-contre-angle-odenta,Fraise Diamantée Boule pour Contre-Angle - Odenta,13848,15046,O-094-094,"{""attribute_pa_bague"":""bleu"",""attribute_pa_diametre"":""023""}",pa_bague=bleu | pa_diametre=023,12,12,,MAD,true,177,1,true,true,https://dentalmarket.ma/wp-content/uploads/2025/08/label_DM-094-094.png,,2026-07-29T15:49:50.238Z
https://dentalmarket.ma/product/fraise-diamantee-boule-pour-contre-angle-odenta/,13848,fraise-diamantee-boule-pour-contre-angle-odenta,Fraise Diamantée Boule pour Contre-Angle - Odenta,13848,15047,O-095-095,"{""attribute_pa_bague"":""verte"",""attribute_pa_diametre"":""012""}",pa_bague=verte | pa_diametre=012,12,12,,MAD,true,197,1,true,true,https://dentalmarket.ma/wp-content/uploads/2025/08/label_DM-095-095.png,,2026-07-29T15:49:50.238Z
https://dentalmarket.ma/product/fraise-diamantee-boule-pour-contre-angle-odenta/,13848,fraise-diamantee-boule-pour-contre-angle-odenta,Fraise Diamantée Boule pour Contre-Angle - Odenta,13848,15048,O-096-096,"{""attribute_pa_bague"":""verte"",""attribute_pa_diametre"":""014""}",pa_bague=verte | pa_diametre=014,12,12,,MAD,true,154,1,true,true,https://dentalmarket.ma/wp-content/uploads/2025/08/label_DM-096-096.png,,2026-07-29T15:49:50.238Z
https://dentalmarket.ma/product/fraise-diamantee-boule-pour-contre-angle-odenta/,13848,fraise-diamantee-boule-pour-contre-angle-odenta,Fraise Diamantée Boule pour Contre-Angle - Odenta,13848,15049,O-097-097,"{""attribute_pa_bague"":""verte"",""attribute_pa_diametre"":""016""}",pa_bague=verte | pa_diametre=016,12,12,,MAD,true,5,1,true,true,https://dentalmarket.ma/wp-content/uploads/2025/08/label_DM-097-097.png,,2026-07-29T15:49:50.238Z
https://dentalmarket.ma/product/fraise-diamantee-poire-pour-contre-angle-odenta/,13847,fraise-diamantee-poire-pour-contre-angle-odenta,Fraise Diamantée Poire pour Contre-Angle - Odenta,13847,15036,O-147-147,"{""attribute_pa_bague"":""bleu"",""attribute_pa_diametre"":""010""}",pa_bague=bleu | pa_diametre=010,12,12,,MAD,false,,1,true,true,https://dentalmarket.ma/wp-content/uploads/2026/07/Odenta-1.png,,2026-07-29T15:49:50.238Z
https://dentalmarket.ma/product/fraise-diamantee-poire-pour-contre-angle-odenta/,13847,fraise-diamantee-poire-pour-contre-angle-odenta,Fraise Diamantée Poire pour Contre-Angle - Odenta,13847,15037,O-148-148,"{""attribute_pa_bague"":""bleu"",""attribute_pa_diametre"":""012""}",pa_bague=bleu | pa_diametre=012,12,12,,MAD,true,405,1,true,true,https://dentalmarket.ma/wp-content/uploads/2025/08/label_DM-148-148.png,,2026-07-29T15:49:50.238Z
https://dentalmarket.ma/product/fraise-diamantee-flamme-pour-contre-angle-odenta/,13846,fraise-diamantee-flamme-pour-contre-angle-odenta,Fraise Diamantée Flamme pour Contre-Angle - Odenta,13846,15028,O-139-139,"{""attribute_pa_bague"":""jaune"",""attribute_pa_diametre"":""010""}",pa_bague=jaune | pa_diametre=010,12,12,,MAD,true,292,1,true,true,https://dentalmarket.ma/wp-content/uploads/2025/08/label_DM-139-139.png,,2026-07-29T15:49:50.238Z
https://dentalmarket.ma/product/fraise-diamantee-flamme-pour-contre-angle-odenta/,13846,fraise-diamantee-flamme-pour-contre-angle-odenta,Fraise Diamantée Flamme pour Contre-Angle - Odenta,13846,15029,O-140-140,"{""attribute_pa_bague"":""jaune"",""attribute_pa_diametre"":""012""}",pa_bague=jaune | pa_diametre=012,12,12,,MAD,true,159,1,true,true,https://dentalmarket.ma/wp-content/uploads/2025/08/label_DM-140-140.png,,2026-07-29T15:49:50.238Z
https://dentalmarket.ma/product/fraise-diamantee-flamme-pour-contre-angle-odenta/,13846,fraise-diamantee-flamme-pour-contre-angle-odenta,Fraise Diamantée Flamme pour Contre-Angle - Odenta,13846,15030,O-141-141,"{""attribute_pa_bague"":""jaune"",""attribute_pa_diametre"":""014""}",pa_bague=jaune | pa_diametre=014,12,12,,MAD,true,248,1,true,true,https://dentalmarket.ma/wp-content/uploads/2025/08/label_DM-141-141.png,,2026-07-29T15:49:50.238Z
https://dentalmarket.ma/product/fraise-diamantee-flamme-pour-contre-angle-odenta/,13846,fraise-diamantee-flamme-pour-contre-angle-odenta,Fraise Diamantée Flamme pour Contre-Angle - Odenta,13846,15031,O-142-142,"{""attribute_pa_bague"":""jaune"",""attribute_pa_diametre"":""016""}",pa_bague=jaune | pa_diametre=016,12,12,,MAD,true,89,1,true,true,https://dentalmarket.ma/wp-content/uploads/2025/08/label_DM-142-142.png,,2026-07-29T15:49:50.238Z
https://dentalmarket.ma/product/fraise-diamantee-flamme-pour-contre-angle-odenta/,13846,fraise-diamantee-flamme-pour-contre-angle-odenta,Fraise Diamantée Flamme pour Contre-Angle - Odenta,13846,15032,O-143-143,"{""attribute_pa_bague"":""rouge"",""attribute_pa_diametre"":""010""}",pa_bague=rouge | pa_diametre=010,12,12,,MAD,true,290,1,true,true,https://dentalmarket.ma/wp-content/uploads/2025/08/label_DM-143-143.png,,2026-07-29T15:49:50.238Z
https://dentalmarket.ma/product/fraise-diamantee-flamme-pour-contre-angle-odenta/,13846,fraise-diamantee-flamme-pour-contre-angle-odenta,Fraise Diamantée Flamme pour Contre-Angle - Odenta,13846,15033,O-144-144,"{""attribute_pa_bague"":""rouge"",""attribute_pa_diametre"":""012""}",pa_bague=rouge | pa_diametre=012,12,12,,MAD,true,159,1,true,true,https://dentalmarket.ma/wp-content/uploads/2025/08/label_DM-144-144.png,,2026-07-29T15:49:50.238Z
https://dentalmarket.ma/product/fraise-diamantee-flamme-pour-contre-angle-odenta/,13846,fraise-diamantee-flamme-pour-contre-angle-odenta,Fraise Diamantée Flamme pour Contre-Angle - Odenta,13846,15034,O-145-145,"{""attribute_pa_bague"":""rouge"",""attribute_pa_diametre"":""014""}",pa_bague=rouge | pa_diametre=014,12,12,,MAD,true,344,1,true,true,https://dentalmarket.ma/wp-content/uploads/2025/08/label_DM-145-145.png,,2026-07-29T15:49:50.238Z
https://dentalmarket.ma/product/fraise-diamantee-flamme-pour-contre-angle-odenta/,13846,fraise-diamantee-flamme-pour-contre-angle-odenta,Fraise Diamantée Flamme pour Contre-Angle - Odenta,13846,15035,O-146-146,"{""attribute_pa_bague"":""rouge"",""attribute_pa_diametre"":""016""}",pa_bague=rouge | pa_diametre=016,12,12,,MAD,true,79,1,true,true,https://dentalmarket.ma/wp-content/uploads/2025/08/label_DM-146-146.png,,2026-07-29T15:49:50.238Z
https://dentalmarket.ma/product/fraise-diamantee-cylindrique-a-bout-rond-pour-contre-angle-odenta/,13845,fraise-diamantee-cylindrique-a-bout-rond-pour-contre-angle-odenta,Fraise Diamantée Cylindrique à Bout Rond pour Contre-Angle - Odenta,13845,15026,O-103-103,"{""attribute_pa_bague"":""bleu"",""attribute_pa_diametre"":""012""}",pa_bague=bleu | pa_diametre=012,12,12,,MAD,true,50,1,true,true,https://dentalmarket.ma/wp-content/uploads/2025/08/label_DM-103-103.png,,2026-07-29T15:49:50.238Z
https://dentalmarket.ma/product/fraise-diamantee-cylindrique-a-bout-rond-pour-contre-angle-odenta/,13845,fraise-diamantee-cylindrique-a-bout-rond-pour-contre-angle-odenta,Fraise Diamantée Cylindrique à Bout Rond pour Contre-Angle - Odenta,13845,15027,O-104-104,"{""attribute_pa_bague"":""bleu"",""attribute_pa_diametre"":""014""}",pa_bague=bleu | pa_diametre=014,12,12,,MAD,true,56,1,true,true,https://dentalmarket.ma/wp-content/uploads/2025/08/label_DM-104-104.png,,2026-07-29T15:49:50.238Z
https://dentalmarket.ma/product/fraise-diamantee-cylindrique-pour-contre-angle-odenta/,13844,fraise-diamantee-cylindrique-pour-contre-angle-odenta,Fraise Diamantée Cylindrique pour Contre-Angle - Odenta,13844,15021,O-098-098,"{""attribute_pa_bague"":""bleu"",""attribute_pa_diametre"":""010""}",pa_bague=bleu | pa_diametre=010,12,12,,MAD,true,78,1,true,true,https://dentalmarket.ma/wp-content/uploads/2025/08/label_DM-098-098.png,,2026-07-29T15:49:50.238Z
https://dentalmarket.ma/product/fraise-diamantee-cylindrique-pour-contre-angle-odenta/,13844,fraise-diamantee-cylindrique-pour-contre-angle-odenta,Fraise Diamantée Cylindrique pour Contre-Angle - Odenta,13844,15022,O-099-099,"{""attribute_pa_bague"":""bleu"",""attribute_pa_diametre"":""012""}",pa_bague=bleu | pa_diametre=012,12,12,,MAD,true,226,1,true,true,https://dentalmarket.ma/wp-content/uploads/2025/08/label_DM-099-099.png,,2026-07-29T15:49:50.238Z
https://dentalmarket.ma/product/fraise-diamantee-cylindrique-pour-contre-angle-odenta/,13844,fraise-diamantee-cylindrique-pour-contre-angle-odenta,Fraise Diamantée Cylindrique pour Contre-Angle - Odenta,13844,15023,O-100-100,"{""attribute_pa_bague"":""bleu"",""attribute_pa_diametre"":""014""}",pa_bague=bleu | pa_diametre=014,12,12,,MAD,true,126,1,true,true,https://dentalmarket.ma/wp-content/uploads/2025/08/label_DM-100-100.png,,2026-07-29T15:49:50.238Z
https://dentalmarket.ma/product/fraise-diamantee-cylindrique-pour-contre-angle-odenta/,13844,fraise-diamantee-cylindrique-pour-contre-angle-odenta,Fraise Diamantée Cylindrique pour Contre-Angle - Odenta,13844,15024,O-101-101,"{""attribute_pa_bague"":""bleu"",""attribute_pa_diametre"":""016""}",pa_bague=bleu | pa_diametre=016,12,12,,MAD,true,222,1,true,true,https://dentalmarket.ma/wp-content/uploads/2025/08/label_DM-101-101.png,,2026-07-29T15:49:50.238Z
https://dentalmarket.ma/product/fraise-diamantee-cylindrique-pour-contre-angle-odenta/,13844,fraise-diamantee-cylindrique-pour-contre-angle-odenta,Fraise Diamantée Cylindrique pour Contre-Angle - Odenta,13844,15025,O-102-102,"{""attribute_pa_bague"":""bleu"",""attribute_pa_diametre"":""018""}",pa_bague=bleu | pa_diametre=018,12,12,,MAD,true,451,1,true,true,https://dentalmarket.ma/wp-content/uploads/2025/08/label_DM-102-102.png,,2026-07-29T15:49:50.238Z
https://dentalmarket.ma/product/fraise-diamantee-ogive-pour-contre-angle-odenta/,13843,fraise-diamantee-ogive-pour-contre-angle-odenta,Fraise Diamantée Ogive pour Contre-Angle - Odenta,13843,15011,O-129-129,"{""attribute_pa_bague"":""jaune"",""attribute_pa_diametre"":""012""}",pa_bague=jaune | pa_diametre=012,12,12,,MAD,true,426,1,true,true,https://dentalmarket.ma/wp-content/uploads/2025/08/label_DM-129-129.png,,2026-07-29T15:49:50.238Z
https://dentalmarket.ma/product/fraise-diamantee-ogive-pour-contre-angle-odenta/,13843,fraise-diamantee-ogive-pour-contre-angle-odenta,Fraise Diamantée Ogive pour Contre-Angle - Odenta,13843,15012,O-130-130,"{""attribute_pa_bague"":""jaune"",""attribute_pa_diametre"":""018""}",pa_bague=jaune | pa_diametre=018,12,12,,MAD,true,146,1,true,true,https://dentalmarket.ma/wp-content/uploads/2025/08/label_DM-130-130.png,,2026-07-29T15:49:50.238Z
https://dentalmarket.ma/product/fraise-diamantee-ogive-pour-contre-angle-odenta/,13843,fraise-diamantee-ogive-pour-contre-angle-odenta,Fraise Diamantée Ogive pour Contre-Angle - Odenta,13843,15013,O-131-131,"{""attribute_pa_bague"":""rouge"",""attribute_pa_diametre"":""014""}",pa_bague=rouge | pa_diametre=014,12,12,,MAD,true,423,1,true,true,https://dentalmarket.ma/wp-content/uploads/2025/08/label_DM-131-131.png,,2026-07-29T15:49:50.238Z
https://dentalmarket.ma/product/fraise-diamantee-ogive-pour-contre-angle-odenta/,13843,fraise-diamantee-ogive-pour-contre-angle-odenta,Fraise Diamantée Ogive pour Contre-Angle - Odenta,13843,15014,O-132-132,"{""attribute_pa_bague"":""rouge"",""attribute_pa_diametre"":""016""}",pa_bague=rouge | pa_diametre=016,12,12,,MAD,true,91,1,true,true,https://dentalmarket.ma/wp-content/uploads/2025/08/label_DM-132-132.png,,2026-07-29T15:49:50.238Z
https://dentalmarket.ma/product/fraise-diamantee-ogive-pour-contre-angle-odenta/,13843,fraise-diamantee-ogive-pour-contre-angle-odenta,Fraise Diamantée Ogive pour Contre-Angle - Odenta,13843,15015,O-133-133,"{""attribute_pa_bague"":""rouge"",""attribute_pa_diametre"":""018""}",pa_bague=rouge | pa_diametre=018,12,12,,MAD,true,160,1,true,true,https://dentalmarket.ma/wp-content/uploads/2025/08/label_DM-133-133.png,,2026-07-29T15:49:50.238Z
https://dentalmarket.ma/product/fraise-diamantee-ogive-pour-contre-angle-odenta/,13843,fraise-diamantee-ogive-pour-contre-angle-odenta,Fraise Diamantée Ogive pour Contre-Angle - Odenta,13843,15016,O-134-134,"{""attribute_pa_bague"":""rouge"",""attribute_pa_diametre"":""021""}",pa_bague=rouge | pa_diametre=021,12,12,,MAD,true,80,1,true,true,https://dentalmarket.ma/wp-content/uploads/2025/08/label_DM-134-134.png,,2026-07-29T15:49:50.238Z
https://dentalmarket.ma/product/fraise-diamantee-ogive-pour-contre-angle-odenta/,13843,fraise-diamantee-ogive-pour-contre-angle-odenta,Fraise Diamantée Ogive pour Contre-Angle - Odenta,13843,15017,O-135-135,"{""attribute_pa_bague"":""bleu"",""attribute_pa_diametre"":""012""}",pa_bague=bleu | pa_diametre=012,12,12,,MAD,true,446,1,true,true,https://dentalmarket.ma/wp-content/uploads/2025/08/label_DM-135-135.png,,2026-07-29T15:49:50.238Z
https://dentalmarket.ma/product/fraise-diamantee-ogive-pour-contre-angle-odenta/,13843,fraise-diamantee-ogive-pour-contre-angle-odenta,Fraise Diamantée Ogive pour Contre-Angle - Odenta,13843,15018,O-136-136,"{""attribute_pa_bague"":""bleu"",""attribute_pa_diametre"":""016""}",pa_bague=bleu | pa_diametre=016,12,12,,MAD,true,81,1,true,true,https://dentalmarket.ma/wp-content/uploads/2025/08/label_DM-136-136.png,,2026-07-29T15:49:50.238Z
https://dentalmarket.ma/product/fraise-diamantee-ogive-pour-contre-angle-odenta/,13843,fraise-diamantee-ogive-pour-contre-angle-odenta,Fraise Diamantée Ogive pour Contre-Angle - Odenta,13843,15019,O-137-137,"{""attribute_pa_bague"":""bleu"",""attribute_pa_diametre"":""018""}",pa_bague=bleu | pa_diametre=018,12,12,,MAD,true,95,1,true,true,https://dentalmarket.ma/wp-content/uploads/2025/08/label_DM-137-137.png,,2026-07-29T15:49:50.238Z
https://dentalmarket.ma/product/fraise-diamantee-ogive-pour-contre-angle-odenta/,13843,fraise-diamantee-ogive-pour-contre-angle-odenta,Fraise Diamantée Ogive pour Contre-Angle - Odenta,13843,15020,O-138-138,"{""attribute_pa_bague"":""bleu"",""attribute_pa_diametre"":""021""}",pa_bague=bleu | pa_diametre=021,12,12,,MAD,true,410,1,true,true,https://dentalmarket.ma/wp-content/uploads/2025/08/label_DM-138-138.png,,2026-07-29T15:49:50.238Z
https://dentalmarket.ma/product/fraise-diamantee-roue-pour-turbine-odenta/,13842,fraise-diamantee-roue-pour-turbine-odenta,Fraise Diamantée Roue pour Turbine - Odenta,13842,15010,O-063-063,"{""attribute_pa_bague"":""bleu"",""attribute_pa_diametre"":""042""}",pa_bague=bleu | pa_diametre=042,10,10,,MAD,true,144,1,true,true,https://dentalmarket.ma/wp-content/uploads/2025/08/label_DM-063-063.png,,2026-07-29T15:49:50.238Z
https://dentalmarket.ma/product/fraise-diamantee-cong-conique-a-bout-rond-pour-turbine-odenta/,13841,fraise-diamantee-cong-conique-a-bout-rond-pour-turbine-odenta,Fraise Diamantée Congé / Conique à Rond pour Turbine - Odenta,13841,14983,O-273-273,"{""attribute_pa_bague"":""jaune"",""attribute_pa_diametre"":""018"",""attribute_pa_longueur-de-la-tete"":""10mm-iso-199""}",pa_bague=jaune | pa_diametre=018 | pa_longueur-de-la-tete=10mm-iso-199,10,10,,MAD,true,50,1,true,true,https://dentalmarket.ma/wp-content/uploads/2026/07/Odenta-12.png,,2026-07-29T15:49:50.238Z
https://dentalmarket.ma/product/fraise-diamantee-cong-conique-a-bout-rond-pour-turbine-odenta/,13841,fraise-diamantee-cong-conique-a-bout-rond-pour-turbine-odenta,Fraise Diamantée Congé / Conique à Rond pour Turbine - Odenta,13841,14984,O-241-241,"{""attribute_pa_bague"":""rouge"",""attribute_pa_diametre"":""014"",""attribute_pa_longueur-de-la-tete"":""10mm-iso-199""}",pa_bague=rouge | pa_diametre=014 | pa_longueur-de-la-tete=10mm-iso-199,10,10,,MAD,true,77,1,true,true,https://dentalmarket.ma/wp-content/uploads/2026/07/Odenta-12.png,,2026-07-29T15:49:50.238Z
https://dentalmarket.ma/product/fraise-diamantee-cong-conique-a-bout-rond-pour-turbine-odenta/,13841,fraise-diamantee-cong-conique-a-bout-rond-pour-turbine-odenta,Fraise Diamantée Congé / Conique à Rond pour Turbine - Odenta,13841,14985,O-242-242,"{""attribute_pa_bague"":""rouge"",""attribute_pa_diametre"":""016"",""attribute_pa_longueur-de-la-tete"":""10mm-iso-199""}",pa_bague=rouge | pa_diametre=016 | pa_longueur-de-la-tete=10mm-iso-199,10,10,,MAD,true,111,1,true,true,https://dentalmarket.ma/wp-content/uploads/2026/07/Odenta-12.png,,2026-07-29T15:49:50.238Z
https://dentalmarket.ma/product/fraise-diamantee-cong-conique-a-bout-rond-pour-turbine-odenta/,13841,fraise-diamantee-cong-conique-a-bout-rond-pour-turbine-odenta,Fraise Diamantée Congé / Conique à Rond pour Turbine - Odenta,13841,14986,O-243-243,"{""attribute_pa_bague"":""rouge"",""attribute_pa_diametre"":""018"",""attribute_pa_longueur-de-la-tete"":""10mm-iso-199""}",pa_bague=rouge | pa_diametre=018 | pa_longueur-de-la-tete=10mm-iso-199,10,10,,MAD,true,94,1,true,true,https://dentalmarket.ma/wp-content/uploads/2026/07/Odenta-12.png,,2026-07-29T15:49:50.238Z
https://dentalmarket.ma/product/fraise-diamantee-cong-conique-a-bout-rond-pour-turbine-odenta/,13841,fraise-diamantee-cong-conique-a-bout-rond-pour-turbine-odenta,Fraise Diamantée Congé / Conique à Rond pour Turbine - Odenta,13841,14987,O-040-040,"{""attribute_pa_bague"":""rouge"",""attribute_pa_diametre"":""021"",""attribute_pa_longueur-de-la-tete"":""10mm-iso-199""}",pa_bague=rouge | pa_diametre=021 | pa_longueur-de-la-tete=10mm-iso-199,10,10,,MAD,true,143,1,true,true,https://dentalmarket.ma/wp-content/uploads/2025/08/label_DM-040-040.png,,2026-07-29T15:49:50.238Z
https://dentalmarket.ma/product/fraise-diamantee-cong-conique-a-bout-rond-pour-turbine-odenta/,13841,fraise-diamantee-cong-conique-a-bout-rond-pour-turbine-odenta,Fraise Diamantée Congé / Conique à Rond pour Turbine - Odenta,13841,14988,O-244-244,"{""attribute_pa_bague"":""bleu"",""attribute_pa_diametre"":""010"",""attribute_pa_longueur-de-la-tete"":""10mm-iso-199""}",pa_bague=bleu | pa_diametre=010 | pa_longueur-de-la-tete=10mm-iso-199,10,10,,MAD,false,,1,true,true,https://dentalmarket.ma/wp-content/uploads/2026/07/Odenta-12.png,,2026-07-29T15:49:50.238Z
https://dentalmarket.ma/product/fraise-diamantee-cong-conique-a-bout-rond-pour-turbine-odenta/,13841,fraise-diamantee-cong-conique-a-bout-rond-pour-turbine-odenta,Fraise Diamantée Congé / Conique à Rond pour Turbine - Odenta,13841,14989,O-245-245,"{""attribute_pa_bague"":""bleu"",""attribute_pa_diametre"":""012"",""attribute_pa_longueur-de-la-tete"":""10mm-iso-199""}",pa_bague=bleu | pa_diametre=012 | pa_longueur-de-la-tete=10mm-iso-199,10,10,,MAD,false,,1,true,true,https://dentalmarket.ma/wp-content/uploads/2026/07/Odenta-12.png,,2026-07-29T15:49:50.238Z
https://dentalmarket.ma/product/fraise-diamantee-cong-conique-a-bout-rond-pour-turbine-odenta/,13841,fraise-diamantee-cong-conique-a-bout-rond-pour-turbine-odenta,Fraise Diamantée Congé / Conique à Rond pour Turbine - Odenta,13841,14990,O-246-246,"{""attribute_pa_bague"":""bleu"",""attribute_pa_diametre"":""014"",""attribute_pa_longueur-de-la-tete"":""10mm-iso-199""}",pa_bague=bleu | pa_diametre=014 | pa_longueur-de-la-tete=10mm-iso-199,10,10,,MAD,false,,1,true,true,https://dentalmarket.ma/wp-content/uploads/2026/07/Odenta-12.png,,2026-07-29T15:49:50.238Z
https://dentalmarket.ma/product/fraise-diamantee-cong-conique-a-bout-rond-pour-turbine-odenta/,13841,fraise-diamantee-cong-conique-a-bout-rond-pour-turbine-odenta,Fraise Diamantée Congé / Conique à Rond pour Turbine - Odenta,13841,14991,O-247-247,"{""attribute_pa_bague"":""bleu"",""attribute_pa_diametre"":""016"",""attribute_pa_longueur-de-la-tete"":""10mm-iso-199""}",pa_bague=bleu | pa_diametre=016 | pa_longueur-de-la-tete=10mm-iso-199,10,10,,MAD,true,76,1,true,true,https://dentalmarket.ma/wp-content/uploads/2026/07/Odenta-12.png,,2026-07-29T15:49:50.238Z
https://dentalmarket.ma/product/fraise-diamantee-cong-conique-a-bout-rond-pour-turbine-odenta/,13841,fraise-diamantee-cong-conique-a-bout-rond-pour-turbine-odenta,Fraise Diamantée Congé / Conique à Rond pour Turbine - Odenta,13841,14992,O-248-248,"{""attribute_pa_bague"":""bleu"",""attribute_pa_diametre"":""018"",""attribute_pa_longueur-de-la-tete"":""10mm-iso-199""}",pa_bague=bleu | pa_diametre=018 | pa_longueur-de-la-tete=10mm-iso-199,10,10,,MAD,true,80,1,true,true,https://dentalmarket.ma/wp-content/uploads/2026/07/Odenta-12.png,,2026-07-29T15:49:50.238Z
https://dentalmarket.ma/product/fraise-diamantee-cong-conique-a-bout-rond-pour-turbine-odenta/,13841,fraise-diamantee-cong-conique-a-bout-rond-pour-turbine-odenta,Fraise Diamantée Congé / Conique à Rond pour Turbine - Odenta,13841,14993,O-249-249,"{""attribute_pa_bague"":""bleu"",""attribute_pa_diametre"":""021"",""attribute_pa_longueur-de-la-tete"":""10mm-iso-199""}",pa_bague=bleu | pa_diametre=021 | pa_longueur-de-la-tete=10mm-iso-199,10,10,,MAD,true,87,1,true,true,https://dentalmarket.ma/wp-content/uploads/2026/07/Odenta-12.png,,2026-07-29T15:49:50.238Z
https://dentalmarket.ma/product/fraise-diamantee-cong-conique-a-bout-rond-pour-turbine-odenta/,13841,fraise-diamantee-cong-conique-a-bout-rond-pour-turbine-odenta,Fraise Diamantée Congé / Conique à Rond pour Turbine - Odenta,13841,14994,O-250-250,"{""attribute_pa_bague"":""bleu"",""attribute_pa_diametre"":""023"",""attribute_pa_longueur-de-la-tete"":""10mm-iso-199""}",pa_bague=bleu | pa_diametre=023 | pa_longueur-de-la-tete=10mm-iso-199,10,10,,MAD,true,20,1,true,true,https://dentalmarket.ma/wp-content/uploads/2026/07/Odenta-12.png,,2026-07-29T15:49:50.238Z
https://dentalmarket.ma/product/fraise-diamantee-cong-conique-a-bout-rond-pour-turbine-odenta/,13841,fraise-diamantee-cong-conique-a-bout-rond-pour-turbine-odenta,Fraise Diamantée Congé / Conique à Rond pour Turbine - Odenta,13841,14995,O-251-251,"{""attribute_pa_bague"":""verte"",""attribute_pa_diametre"":""016"",""attribute_pa_longueur-de-la-tete"":""10mm-iso-199""}",pa_bague=verte | pa_diametre=016 | pa_longueur-de-la-tete=10mm-iso-199,10,10,,MAD,true,100,1,true,true,https://dentalmarket.ma/wp-content/uploads/2026/07/Odenta-12.png,,2026-07-29T15:49:50.238Z
https://dentalmarket.ma/product/fraise-diamantee-cong-conique-a-bout-rond-pour-turbine-odenta/,13841,fraise-diamantee-cong-conique-a-bout-rond-pour-turbine-odenta,Fraise Diamantée Congé / Conique à Rond pour Turbine - Odenta,13841,14996,O-252-252,"{""attribute_pa_bague"":""verte"",""attribute_pa_diametre"":""018"",""attribute_pa_longueur-de-la-tete"":""10mm-iso-199""}",pa_bague=verte | pa_diametre=018 | pa_longueur-de-la-tete=10mm-iso-199,10,10,,MAD,true,100,1,true,true,https://dentalmarket.ma/wp-content/uploads/2026/07/Odenta-12.png,,2026-07-29T15:49:50.238Z
https://dentalmarket.ma/product/fraise-diamantee-cong-conique-a-bout-rond-pour-turbine-odenta/,13841,fraise-diamantee-cong-conique-a-bout-rond-pour-turbine-odenta,Fraise Diamantée Congé / Conique à Rond pour Turbine - Odenta,13841,14997,O-253-253,"{""attribute_pa_bague"":""verte"",""attribute_pa_diametre"":""021"",""attribute_pa_longueur-de-la-tete"":""10mm-iso-199""}",pa_bague=verte | pa_diametre=021 | pa_longueur-de-la-tete=10mm-iso-199,10,10,,MAD,true,100,1,true,true,https://dentalmarket.ma/wp-content/uploads/2026/07/Odenta-12.png,,2026-07-29T15:49:50.238Z
https://dentalmarket.ma/product/fraise-diamantee-cong-conique-a-bout-rond-pour-turbine-odenta/,13841,fraise-diamantee-cong-conique-a-bout-rond-pour-turbine-odenta,Fraise Diamantée Congé / Conique à Rond pour Turbine - Odenta,13841,14998,O-036-036,"{""attribute_pa_bague"":""rouge"",""attribute_pa_diametre"":""014"",""attribute_pa_longueur-de-la-tete"":""8mm-iso-198""}",pa_bague=rouge | pa_diametre=014 | pa_longueur-de-la-tete=8mm-iso-198,10,10,,MAD,false,,1,true,true,https://dentalmarket.ma/wp-content/uploads/2025/08/label_DM-036-036.png,,2026-07-29T15:49:50.238Z
https://dentalmarket.ma/product/fraise-diamantee-cong-conique-a-bout-rond-pour-turbine-odenta/,13841,fraise-diamantee-cong-conique-a-bout-rond-pour-turbine-odenta,Fraise Diamantée Congé / Conique à Rond pour Turbine - Odenta,13841,14999,O-037-037,"{""attribute_pa_bague"":""rouge"",""attribute_pa_diametre"":""016"",""attribute_pa_longueur-de-la-tete"":""8mm-iso-198""}",pa_bague=rouge | pa_diametre=016 | pa_longueur-de-la-tete=8mm-iso-198,10,10,,MAD,true,3,1,true,true,https://dentalmarket.ma/wp-content/uploads/2025/08/label_DM-037-037.png,,2026-07-29T15:49:50.238Z
https://dentalmarket.ma/product/fraise-diamantee-cong-conique-a-bout-rond-pour-turbine-odenta/,13841,fraise-diamantee-cong-conique-a-bout-rond-pour-turbine-odenta,Fraise Diamantée Congé / Conique à Rond pour Turbine - Odenta,13841,15000,O-038-038,"{""attribute_pa_bague"":""rouge"",""attribute_pa_diametre"":""018"",""attribute_pa_longueur-de-la-tete"":""8mm-iso-198""}",pa_bague=rouge | pa_diametre=018 | pa_longueur-de-la-tete=8mm-iso-198,10,10,,MAD,true,34,1,true,true,https://dentalmarket.ma/wp-content/uploads/2025/08/label_DM-038-038.png,,2026-07-29T15:49:50.238Z
https://dentalmarket.ma/product/fraise-diamantee-cong-conique-a-bout-rond-pour-turbine-odenta/,13841,fraise-diamantee-cong-conique-a-bout-rond-pour-turbine-odenta,Fraise Diamantée Congé / Conique à Rond pour Turbine - Odenta,13841,15001,O-039-039,"{""attribute_pa_bague"":""rouge"",""attribute_pa_diametre"":""020"",""attribute_pa_longueur-de-la-tete"":""8mm-iso-198""}",pa_bague=rouge | pa_diametre=020 | pa_longueur-de-la-tete=8mm-iso-198,10,10,,MAD,true,115,1,true,true,https://dentalmarket.ma/wp-content/uploads/2025/08/label_DM-039-039.png,,2026-07-29T15:49:50.238Z
https://dentalmarket.ma/product/fraise-diamantee-cong-conique-a-bout-rond-pour-turbine-odenta/,13841,fraise-diamantee-cong-conique-a-bout-rond-pour-turbine-odenta,Fraise Diamantée Congé / Conique à Rond pour Turbine - Odenta,13841,15002,O-041-041,"{""attribute_pa_bague"":""bleu"",""attribute_pa_diametre"":""010"",""attribute_pa_longueur-de-la-tete"":""8mm-iso-198""}",pa_bague=bleu | pa_diametre=010 | pa_longueur-de-la-tete=8mm-iso-198,10,10,,MAD,true,321,1,true,true,https://dentalmarket.ma/wp-content/uploads/2025/08/label_DM-041-041.png,,2026-07-29T15:49:50.238Z
https://dentalmarket.ma/product/fraise-diamantee-cong-conique-a-bout-rond-pour-turbine-odenta/,13841,fraise-diamantee-cong-conique-a-bout-rond-pour-turbine-odenta,Fraise Diamantée Congé / Conique à Rond pour Turbine - Odenta,13841,15003,O-042-042,"{""attribute_pa_bague"":""bleu"",""attribute_pa_diametre"":""012"",""attribute_pa_longueur-de-la-tete"":""8mm-iso-198""}",pa_bague=bleu | pa_diametre=012 | pa_longueur-de-la-tete=8mm-iso-198,10,10,,MAD,true,83,1,true,true,https://dentalmarket.ma/wp-content/uploads/2025/08/label_DM-042-042.png,,2026-07-29T15:49:50.238Z
https://dentalmarket.ma/product/fraise-diamantee-cong-conique-a-bout-rond-pour-turbine-odenta/,13841,fraise-diamantee-cong-conique-a-bout-rond-pour-turbine-odenta,Fraise Diamantée Congé / Conique à Rond pour Turbine - Odenta,13841,15004,O-043-043,"{""attribute_pa_bague"":""bleu"",""attribute_pa_diametre"":""014"",""attribute_pa_longueur-de-la-tete"":""8mm-iso-198""}",pa_bague=bleu | pa_diametre=014 | pa_longueur-de-la-tete=8mm-iso-198,10,10,,MAD,true,211,1,true,true,https://dentalmarket.ma/wp-content/uploads/2025/08/label_DM-043-043.png,,2026-07-29T15:49:50.238Z
https://dentalmarket.ma/product/fraise-diamantee-cong-conique-a-bout-rond-pour-turbine-odenta/,13841,fraise-diamantee-cong-conique-a-bout-rond-pour-turbine-odenta,Fraise Diamantée Congé / Conique à Rond pour Turbine - Odenta,13841,15005,O-044-044,"{""attribute_pa_bague"":""bleu"",""attribute_pa_diametre"":""016"",""attribute_pa_longueur-de-la-tete"":""8mm-iso-198""}",pa_bague=bleu | pa_diametre=016 | pa_longueur-de-la-tete=8mm-iso-198,10,10,,MAD,true,13,1,true,true,https://dentalmarket.ma/wp-content/uploads/2025/08/label_DM-044-044.png,,2026-07-29T15:49:50.238Z
https://dentalmarket.ma/product/fraise-diamantee-cong-conique-a-bout-rond-pour-turbine-odenta/,13841,fraise-diamantee-cong-conique-a-bout-rond-pour-turbine-odenta,Fraise Diamantée Congé / Conique à Rond pour Turbine - Odenta,13841,15006,O-045-045,"{""attribute_pa_bague"":""bleu"",""attribute_pa_diametre"":""018"",""attribute_pa_longueur-de-la-tete"":""8mm-iso-198""}",pa_bague=bleu | pa_diametre=018 | pa_longueur-de-la-tete=8mm-iso-198,10,10,,MAD,true,342,1,true,true,https://dentalmarket.ma/wp-content/uploads/2025/08/label_DM-045-045.png,,2026-07-29T15:49:50.238Z
https://dentalmarket.ma/product/fraise-diamantee-cong-conique-a-bout-rond-pour-turbine-odenta/,13841,fraise-diamantee-cong-conique-a-bout-rond-pour-turbine-odenta,Fraise Diamantée Congé / Conique à Rond pour Turbine - Odenta,13841,15007,O-046-046,"{""attribute_pa_bague"":""bleu"",""attribute_pa_diametre"":""021"",""attribute_pa_longueur-de-la-tete"":""8mm-iso-198""}",pa_bague=bleu | pa_diametre=021 | pa_longueur-de-la-tete=8mm-iso-198,10,10,,MAD,true,43,1,true,true,https://dentalmarket.ma/wp-content/uploads/2025/08/label_DM-046-046.png,,2026-07-29T15:49:50.238Z
https://dentalmarket.ma/product/fraise-diamantee-cong-conique-a-bout-rond-pour-turbine-odenta/,13841,fraise-diamantee-cong-conique-a-bout-rond-pour-turbine-odenta,Fraise Diamantée Congé / Conique à Rond pour Turbine - Odenta,13841,15008,O-047-047,"{""attribute_pa_bague"":""bleu"",""attribute_pa_diametre"":""023"",""attribute_pa_longueur-de-la-tete"":""8mm-iso-198""}",pa_bague=bleu | pa_diametre=023 | pa_longueur-de-la-tete=8mm-iso-198,10,10,,MAD,true,430,1,true,true,https://dentalmarket.ma/wp-content/uploads/2025/08/label_DM-047-047.png,,2026-07-29T15:49:50.238Z
https://dentalmarket.ma/product/fraise-diamantee-cong-conique-a-bout-rond-pour-turbine-odenta/,13841,fraise-diamantee-cong-conique-a-bout-rond-pour-turbine-odenta,Fraise Diamantée Congé / Conique à Rond pour Turbine - Odenta,13841,15009,O-048-048,"{""attribute_pa_bague"":""verte"",""attribute_pa_diametre"":""018"",""attribute_pa_longueur-de-la-tete"":""8mm-iso-198""}",pa_bague=verte | pa_diametre=018 | pa_longueur-de-la-tete=8mm-iso-198,10,10,,MAD,false,,1,true,true,https://dentalmarket.ma/wp-content/uploads/2026/07/Odenta-12.png,,2026-07-29T15:49:50.238Z
https://dentalmarket.ma/product/fraise-diamantee-conique-a-bout-pointu-pour-turbine-odenta/,13840,fraise-diamantee-conique-a-bout-pointu-pour-turbine-odenta,Fraise Diamantée Conique à Bout Pointu pour Turbine - Odenta,13840,14977,O-056-056,"{""attribute_pa_bague"":""bleu"",""attribute_pa_diametre"":""014""}",pa_bague=bleu | pa_diametre=014,10,10,,MAD,true,49,1,true,true,https://dentalmarket.ma/wp-content/uploads/2025/08/label_DM-056-056.png,,2026-07-29T15:49:50.238Z
https://dentalmarket.ma/product/fraise-diamantee-conique-a-bout-pointu-pour-turbine-odenta/,13840,fraise-diamantee-conique-a-bout-pointu-pour-turbine-odenta,Fraise Diamantée Conique à Bout Pointu pour Turbine - Odenta,13840,14978,O-057-057,"{""attribute_pa_bague"":""verte"",""attribute_pa_diametre"":""012""}",pa_bague=verte | pa_diametre=012,10,10,,MAD,true,146,1,true,true,https://dentalmarket.ma/wp-content/uploads/2025/08/label_DM-057-057.png,,2026-07-29T15:49:50.238Z
https://dentalmarket.ma/product/fraise-diamantee-conique-a-bout-pointu-pour-turbine-odenta/,13840,fraise-diamantee-conique-a-bout-pointu-pour-turbine-odenta,Fraise Diamantée Conique à Bout Pointu pour Turbine - Odenta,13840,14979,O-058-058,"{""attribute_pa_bague"":""verte"",""attribute_pa_diametre"":""014""}",pa_bague=verte | pa_diametre=014,10,10,,MAD,true,181,1,true,true,https://dentalmarket.ma/wp-content/uploads/2025/08/label_DM-058-058.png,,2026-07-29T15:49:50.238Z
https://dentalmarket.ma/product/fraise-diamantee-conique-a-bout-pointu-pour-turbine-odenta/,13840,fraise-diamantee-conique-a-bout-pointu-pour-turbine-odenta,Fraise Diamantée Conique à Bout Pointu pour Turbine - Odenta,13840,14980,O-059-059,"{""attribute_pa_bague"":""verte"",""attribute_pa_diametre"":""016""}",pa_bague=verte | pa_diametre=016,10,10,,MAD,true,158,1,true,true,https://dentalmarket.ma/wp-content/uploads/2025/08/label_DM-059-059.png,,2026-07-29T15:49:50.238Z
https://dentalmarket.ma/product/fraise-diamantee-conique-a-bout-pointu-pour-turbine-odenta/,13840,fraise-diamantee-conique-a-bout-pointu-pour-turbine-odenta,Fraise Diamantée Conique à Bout Pointu pour Turbine - Odenta,13840,14981,O-060-060,"{""attribute_pa_bague"":""verte"",""attribute_pa_diametre"":""018""}",pa_bague=verte | pa_diametre=018,10,10,,MAD,true,159,1,true,true,https://dentalmarket.ma/wp-content/uploads/2025/08/label_DM-060-060.png,,2026-07-29T15:49:50.238Z
https://dentalmarket.ma/product/fraise-diamantee-conique-a-bout-pointu-pour-turbine-odenta/,13840,fraise-diamantee-conique-a-bout-pointu-pour-turbine-odenta,Fraise Diamantée Conique à Bout Pointu pour Turbine - Odenta,13840,14982,O-061-061,"{""attribute_pa_bague"":""verte"",""attribute_pa_diametre"":""021""}",pa_bague=verte | pa_diametre=021,10,10,,MAD,true,157,1,true,true,https://dentalmarket.ma/wp-content/uploads/2025/08/label_DM-061-061.png,,2026-07-29T15:49:50.238Z
https://dentalmarket.ma/product/fraise-diamantee-conique-a-bout-plat-pour-turbine-odenta/,13839,fraise-diamantee-conique-a-bout-plat-pour-turbine-odenta,Fraise Diamantée Conique à Bout Plât pour Turbine - Odenta,13839,14970,O-049-049,"{""attribute_pa_bague"":""rouge"",""attribute_pa_diametre"":""014""}",pa_bague=rouge | pa_diametre=014,10,10,,MAD,false,,1,true,true,https://dentalmarket.ma/wp-content/uploads/2025/08/label_DM-049-049.png,,2026-07-29T15:49:50.238Z
https://dentalmarket.ma/product/fraise-diamantee-conique-a-bout-plat-pour-turbine-odenta/,13839,fraise-diamantee-conique-a-bout-plat-pour-turbine-odenta,Fraise Diamantée Conique à Bout Plât pour Turbine - Odenta,13839,14971,O-050-050,"{""attribute_pa_bague"":""rouge"",""attribute_pa_diametre"":""016""}",pa_bague=rouge | pa_diametre=016,10,10,,MAD,false,,1,true,true,https://dentalmarket.ma/wp-content/uploads/2025/08/label_DM-050-050.png,,2026-07-29T15:49:50.238Z
https://dentalmarket.ma/product/fraise-diamantee-conique-a-bout-plat-pour-turbine-odenta/,13839,fraise-diamantee-conique-a-bout-plat-pour-turbine-odenta,Fraise Diamantée Conique à Bout Plât pour Turbine - Odenta,13839,14972,O-051-051,"{""attribute_pa_bague"":""bleu"",""attribute_pa_diametre"":""014""}",pa_bague=bleu | pa_diametre=014,10,10,,MAD,true,100,1,true,true,https://dentalmarket.ma/wp-content/uploads/2025/08/label_DM-051-051.png,,2026-07-29T15:49:50.238Z
https://dentalmarket.ma/product/fraise-diamantee-conique-a-bout-plat-pour-turbine-odenta/,13839,fraise-diamantee-conique-a-bout-plat-pour-turbine-odenta,Fraise Diamantée Conique à Bout Plât pour Turbine - Odenta,13839,14973,O-052-052,"{""attribute_pa_bague"":""bleu"",""attribute_pa_diametre"":""016""}",pa_bague=bleu | pa_diametre=016,10,10,,MAD,true,100,1,true,true,https://dentalmarket.ma/wp-content/uploads/2026/07/Odenta-11.png,,2026-07-29T15:49:50.238Z
https://dentalmarket.ma/product/fraise-diamantee-conique-a-bout-plat-pour-turbine-odenta/,13839,fraise-diamantee-conique-a-bout-plat-pour-turbine-odenta,Fraise Diamantée Conique à Bout Plât pour Turbine - Odenta,13839,14974,O-053-053,"{""attribute_pa_bague"":""bleu"",""attribute_pa_diametre"":""018""}",pa_bague=bleu | pa_diametre=018,10,10,,MAD,true,277,1,true,true,https://dentalmarket.ma/wp-content/uploads/2025/08/label_DM-053-053.png,,2026-07-29T15:49:50.238Z
https://dentalmarket.ma/product/fraise-diamantee-conique-a-bout-plat-pour-turbine-odenta/,13839,fraise-diamantee-conique-a-bout-plat-pour-turbine-odenta,Fraise Diamantée Conique à Bout Plât pour Turbine - Odenta,13839,14975,O-054-054,"{""attribute_pa_bague"":""bleu"",""attribute_pa_diametre"":""021""}",pa_bague=bleu | pa_diametre=021,10,10,,MAD,true,405,1,true,true,https://dentalmarket.ma/wp-content/uploads/2025/08/label_DM-054-054.png,,2026-07-29T15:49:50.238Z
https://dentalmarket.ma/product/fraise-diamantee-conique-a-bout-plat-pour-turbine-odenta/,13839,fraise-diamantee-conique-a-bout-plat-pour-turbine-odenta,Fraise Diamantée Conique à Bout Plât pour Turbine - Odenta,13839,14976,O-055-055,"{""attribute_pa_bague"":""verte"",""attribute_pa_diametre"":""018""}",pa_bague=verte | pa_diametre=018,10,10,,MAD,false,,1,true,true,https://dentalmarket.ma/wp-content/uploads/2025/08/label_DM-055-055.png,,2026-07-29T15:49:50.238Z
https://dentalmarket.ma/product/fraise-diamantee-long-col-pour-turbine-odenta/,13838,fraise-diamantee-long-col-pour-turbine-odenta,Fraise Diamantée Long-Col pour Turbine - Odenta,13838,14963,O-005-005,"{""attribute_pa_bague"":""bleu"",""attribute_pa_diametre"":""010""}",pa_bague=bleu | pa_diametre=010,12,12,,MAD,true,102,1,true,true,https://dentalmarket.ma/wp-content/uploads/2025/08/label_DM-005-005.png,,2026-07-29T15:49:50.238Z
https://dentalmarket.ma/product/fraise-diamantee-long-col-pour-turbine-odenta/,13838,fraise-diamantee-long-col-pour-turbine-odenta,Fraise Diamantée Long-Col pour Turbine - Odenta,13838,14964,O-007-007,"{""attribute_pa_bague"":""bleu"",""attribute_pa_diametre"":""012""}",pa_bague=bleu | pa_diametre=012,12,12,,MAD,true,101,1,true,true,https://dentalmarket.ma/wp-content/uploads/2025/08/label_DM-007-007.png,,2026-07-29T15:49:50.238Z
https://dentalmarket.ma/product/fraise-diamantee-long-col-pour-turbine-odenta/,13838,fraise-diamantee-long-col-pour-turbine-odenta,Fraise Diamantée Long-Col pour Turbine - Odenta,13838,14965,O-009-009,"{""attribute_pa_bague"":""bleu"",""attribute_pa_diametre"":""014""}",pa_bague=bleu | pa_diametre=014,12,12,,MAD,true,101,1,true,true,https://dentalmarket.ma/wp-content/uploads/2025/08/label_DM-009-009.png,,2026-07-29T15:49:50.238Z
https://dentalmarket.ma/product/fraise-diamantee-long-col-pour-turbine-odenta/,13838,fraise-diamantee-long-col-pour-turbine-odenta,Fraise Diamantée Long-Col pour Turbine - Odenta,13838,14966,O-011-011,"{""attribute_pa_bague"":""bleu"",""attribute_pa_diametre"":""016""}",pa_bague=bleu | pa_diametre=016,12,12,,MAD,true,100,1,true,true,https://dentalmarket.ma/wp-content/uploads/2025/08/label_DM-011-011.png,,2026-07-29T15:49:50.238Z
https://dentalmarket.ma/product/fraise-diamantee-long-col-pour-turbine-odenta/,13838,fraise-diamantee-long-col-pour-turbine-odenta,Fraise Diamantée Long-Col pour Turbine - Odenta,13838,14967,O-013-013,"{""attribute_pa_bague"":""bleu"",""attribute_pa_diametre"":""018""}",pa_bague=bleu | pa_diametre=018,12,12,,MAD,true,100,1,true,true,https://dentalmarket.ma/wp-content/uploads/2025/08/label_DM-013-013.png,,2026-07-29T15:49:50.238Z
https://dentalmarket.ma/product/fraise-diamantee-long-col-pour-turbine-odenta/,13838,fraise-diamantee-long-col-pour-turbine-odenta,Fraise Diamantée Long-Col pour Turbine - Odenta,13838,14968,O-021-021,"{""attribute_pa_bague"":""verte"",""attribute_pa_diametre"":""014""}",pa_bague=verte | pa_diametre=014,12,12,,MAD,true,100,1,true,true,https://dentalmarket.ma/wp-content/uploads/2025/08/label_DM-021-021.png,,2026-07-29T15:49:50.238Z
https://dentalmarket.ma/product/fraise-diamantee-long-col-pour-turbine-odenta/,13838,fraise-diamantee-long-col-pour-turbine-odenta,Fraise Diamantée Long-Col pour Turbine - Odenta,13838,14969,O-023-023,"{""attribute_pa_bague"":""verte"",""attribute_pa_diametre"":""016""}",pa_bague=verte | pa_diametre=016,12,12,,MAD,true,102,1,true,true,https://dentalmarket.ma/wp-content/uploads/2025/08/label_DM-023-023.png,,2026-07-29T15:49:50.238Z
https://dentalmarket.ma/product/fraise-diamantee-boule-pour-turbine-odenta/,13837,fraise-diamantee-boule-pour-turbine-odenta,Fraise Diamantée Boule pour Turbine - Odenta,13837,14946,O-001-001,"{""attribute_pa_bague"":""rouge"",""attribute_pa_diametre"":""008""}",pa_bague=rouge | pa_diametre=008,10,10,,MAD,true,5,1,true,true,https://dentalmarket.ma/wp-content/uploads/2025/08/label_DM-001-001.png,,2026-07-29T15:49:50.238Z
https://dentalmarket.ma/product/fraise-diamantee-boule-pour-turbine-odenta/,13837,fraise-diamantee-boule-pour-turbine-odenta,Fraise Diamantée Boule pour Turbine - Odenta,13837,14947,O-002-002,"{""attribute_pa_bague"":""bleu"",""attribute_pa_diametre"":""008""}",pa_bague=bleu | pa_diametre=008,10,10,,MAD,true,164,1,true,true,https://dentalmarket.ma/wp-content/uploads/2025/08/label_DM-002-002.png,,2026-07-29T15:49:50.238Z
https://dentalmarket.ma/product/fraise-diamantee-boule-pour-turbine-odenta/,13837,fraise-diamantee-boule-pour-turbine-odenta,Fraise Diamantée Boule pour Turbine - Odenta,13837,14948,O-003-003,"{""attribute_pa_bague"":""bleu"",""attribute_pa_diametre"":""009""}",pa_bague=bleu | pa_diametre=009,10,10,,MAD,true,100,1,true,true,https://dentalmarket.ma/wp-content/uploads/2025/08/label_DM-003-003.png,,2026-07-29T15:49:50.238Z
https://dentalmarket.ma/product/fraise-diamantee-boule-pour-turbine-odenta/,13837,fraise-diamantee-boule-pour-turbine-odenta,Fraise Diamantée Boule pour Turbine - Odenta,13837,14949,O-004-004,"{""attribute_pa_bague"":""bleu"",""attribute_pa_diametre"":""010""}",pa_bague=bleu | pa_diametre=010,10,10,,MAD,true,417,1,true,true,https://dentalmarket.ma/wp-content/uploads/2025/08/label_DM-004-004.png,,2026-07-29T15:49:50.238Z
https://dentalmarket.ma/product/fraise-diamantee-boule-pour-turbine-odenta/,13837,fraise-diamantee-boule-pour-turbine-odenta,Fraise Diamantée Boule pour Turbine - Odenta,13837,14950,O-006-006,"{""attribute_pa_bague"":""bleu"",""attribute_pa_diametre"":""012""}",pa_bague=bleu | pa_diametre=012,10,10,,MAD,true,256,1,true,true,https://dentalmarket.ma/wp-content/uploads/2025/08/label_DM-006-006.png,,2026-07-29T15:49:50.238Z
https://dentalmarket.ma/product/fraise-diamantee-boule-pour-turbine-odenta/,13837,fraise-diamantee-boule-pour-turbine-odenta,Fraise Diamantée Boule pour Turbine - Odenta,13837,14951,O-008-008,"{""attribute_pa_bague"":""bleu"",""attribute_pa_diametre"":""014""}",pa_bague=bleu | pa_diametre=014,10,10,,MAD,true,145,1,true,true,https://dentalmarket.ma/wp-content/uploads/2025/08/label_DM-008-008.png,,2026-07-29T15:49:50.238Z
https://dentalmarket.ma/product/fraise-diamantee-boule-pour-turbine-odenta/,13837,fraise-diamantee-boule-pour-turbine-odenta,Fraise Diamantée Boule pour Turbine - Odenta,13837,14952,O-010-010,"{""attribute_pa_bague"":""bleu"",""attribute_pa_diametre"":""016""}",pa_bague=bleu | pa_diametre=016,10,10,,MAD,true,102,1,true,true,https://dentalmarket.ma/wp-content/uploads/2025/08/label_DM-010-010.png,,2026-07-29T15:49:50.238Z
https://dentalmarket.ma/product/fraise-diamantee-boule-pour-turbine-odenta/,13837,fraise-diamantee-boule-pour-turbine-odenta,Fraise Diamantée Boule pour Turbine - Odenta,13837,14953,O-012-012,"{""attribute_pa_bague"":""bleu"",""attribute_pa_diametre"":""018""}",pa_bague=bleu | pa_diametre=018,10,10,,MAD,true,287,1,true,true,https://dentalmarket.ma/wp-content/uploads/2025/08/label_DM-012-012.png,,2026-07-29T15:49:50.238Z
https://dentalmarket.ma/product/fraise-diamantee-boule-pour-turbine-odenta/,13837,fraise-diamantee-boule-pour-turbine-odenta,Fraise Diamantée Boule pour Turbine - Odenta,13837,14954,O-014-014,"{""attribute_pa_bague"":""bleu"",""attribute_pa_diametre"":""021""}",pa_bague=bleu | pa_diametre=021,10,10,,MAD,true,238,1,true,true,https://dentalmarket.ma/wp-content/uploads/2025/08/label_DM-014-014.png,,2026-07-29T15:49:50.238Z
https://dentalmarket.ma/product/fraise-diamantee-boule-pour-turbine-odenta/,13837,fraise-diamantee-boule-pour-turbine-odenta,Fraise Diamantée Boule pour Turbine - Odenta,13837,14955,O-015-014,"{""attribute_pa_bague"":""bleu"",""attribute_pa_diametre"":""022""}",pa_bague=bleu | pa_diametre=022,10,10,,MAD,true,100,1,true,true,https://dentalmarket.ma/wp-content/uploads/2025/08/label_DM-015-014.png,,2026-07-29T15:49:50.238Z
https://dentalmarket.ma/product/fraise-diamantee-boule-pour-turbine-odenta/,13837,fraise-diamantee-boule-pour-turbine-odenta,Fraise Diamantée Boule pour Turbine - Odenta,13837,14956,O-016-016,"{""attribute_pa_bague"":""bleu"",""attribute_pa_diametre"":""023""}",pa_bague=bleu | pa_diametre=023,10,10,,MAD,true,302,1,true,true,https://dentalmarket.ma/wp-content/uploads/2025/08/label_DM-016-016.png,,2026-07-29T15:49:50.238Z
https://dentalmarket.ma/product/fraise-diamantee-boule-pour-turbine-odenta/,13837,fraise-diamantee-boule-pour-turbine-odenta,Fraise Diamantée Boule pour Turbine - Odenta,13837,14957,O-017-017,"{""attribute_pa_bague"":""bleu"",""attribute_pa_diametre"":""025""}",pa_bague=bleu | pa_diametre=025,10,10,,MAD,true,16,1,true,true,https://dentalmarket.ma/wp-content/uploads/2025/08/label_DM-017-017.png,,2026-07-29T15:49:50.238Z
https://dentalmarket.ma/product/fraise-diamantee-boule-pour-turbine-odenta/,13837,fraise-diamantee-boule-pour-turbine-odenta,Fraise Diamantée Boule pour Turbine - Odenta,13837,14958,O-018-018,"{""attribute_pa_bague"":""bleu"",""attribute_pa_diametre"":""029""}",pa_bague=bleu | pa_diametre=029,10,10,,MAD,true,16,1,true,true,https://dentalmarket.ma/wp-content/uploads/2025/08/label_DM-018-018.png,,2026-07-29T15:49:50.238Z
https://dentalmarket.ma/product/fraise-diamantee-boule-pour-turbine-odenta/,13837,fraise-diamantee-boule-pour-turbine-odenta,Fraise Diamantée Boule pour Turbine - Odenta,13837,14959,O-019-019,"{""attribute_pa_bague"":""verte"",""attribute_pa_diametre"":""012""}",pa_bague=verte | pa_diametre=012,10,10,,MAD,true,278,1,true,true,https://dentalmarket.ma/wp-content/uploads/2025/08/label_DM-019-019.png,,2026-07-29T15:49:50.238Z
https://dentalmarket.ma/product/fraise-diamantee-boule-pour-turbine-odenta/,13837,fraise-diamantee-boule-pour-turbine-odenta,Fraise Diamantée Boule pour Turbine - Odenta,13837,14960,O-020-020,"{""attribute_pa_bague"":""verte"",""attribute_pa_diametre"":""014""}",pa_bague=verte | pa_diametre=014,10,10,,MAD,true,340,1,true,true,https://dentalmarket.ma/wp-content/uploads/2025/08/label_DM-020-020.png,,2026-07-29T15:49:50.238Z
https://dentalmarket.ma/product/fraise-diamantee-boule-pour-turbine-odenta/,13837,fraise-diamantee-boule-pour-turbine-odenta,Fraise Diamantée Boule pour Turbine - Odenta,13837,14961,O-022-022,"{""attribute_pa_bague"":""verte"",""attribute_pa_diametre"":""016""}",pa_bague=verte | pa_diametre=016,10,10,,MAD,true,428,1,true,true,https://dentalmarket.ma/wp-content/uploads/2025/08/label_DM-022-022.png,,2026-07-29T15:49:50.238Z
https://dentalmarket.ma/product/fraise-diamantee-boule-pour-turbine-odenta/,13837,fraise-diamantee-boule-pour-turbine-odenta,Fraise Diamantée Boule pour Turbine - Odenta,13837,14962,O-024-024,"{""attribute_pa_bague"":""verte"",""attribute_pa_diametre"":""018""}",pa_bague=verte | pa_diametre=018,10,10,,MAD,true,6,1,true,true,https://dentalmarket.ma/wp-content/uploads/2025/08/label_DM-024-024.png,,2026-07-29T15:49:50.238Z
https://dentalmarket.ma/product/fraise-diamantee-poire-pour-turbine-odenta/,13836,fraise-diamantee-poire-pour-turbine-odenta,Fraise Diamantée Poire pour Turbine - Odenta,13836,14943,O-081-082,"{""attribute_pa_bague"":""bleu"",""attribute_pa_diametre"":""009""}",pa_bague=bleu | pa_diametre=009,10,10,,MAD,true,100,1,true,true,https://dentalmarket.ma/wp-content/uploads/2025/08/label_DM-081-082.png,,2026-07-29T15:49:50.238Z
https://dentalmarket.ma/product/fraise-diamantee-poire-pour-turbine-odenta/,13836,fraise-diamantee-poire-pour-turbine-odenta,Fraise Diamantée Poire pour Turbine - Odenta,13836,14944,O-082-082,"{""attribute_pa_bague"":""bleu"",""attribute_pa_diametre"":""010""}",pa_bague=bleu | pa_diametre=010,10,10,,MAD,true,44,1,true,true,https://dentalmarket.ma/wp-content/uploads/2025/08/label_DM-082-082.png,,2026-07-29T15:49:50.238Z
https://dentalmarket.ma/product/fraise-diamantee-poire-pour-turbine-odenta/,13836,fraise-diamantee-poire-pour-turbine-odenta,Fraise Diamantée Poire pour Turbine - Odenta,13836,14945,O-083-083,"{""attribute_pa_bague"":""bleu"",""attribute_pa_diametre"":""012""}",pa_bague=bleu | pa_diametre=012,10,10,,MAD,true,155,1,true,true,https://dentalmarket.ma/wp-content/uploads/2025/08/label_DM-083-083.png,,2026-07-29T15:49:50.238Z
https://dentalmarket.ma/product/fraise-diamante-cne-invers-pour-turbine-odenta/,13835,fraise-diamante-cne-invers-pour-turbine-odenta,Fraise Diamantée Cône Inversé pour Turbine - Odenta,13835,14942,O-062-062,"{""attribute_pa_bague"":""bleu"",""attribute_pa_diametre"":""010""}",pa_bague=bleu | pa_diametre=010,10,10,,MAD,true,8,1,true,true,https://dentalmarket.ma/wp-content/uploads/2025/08/label_DM-062-062.png,,2026-07-29T15:49:50.238Z
https://dentalmarket.ma/product/fraise-diamantee-flamme-pour-turbine-odenta/,13834,fraise-diamantee-flamme-pour-turbine-odenta,Fraise Diamantée Flamme pour Turbine - Odenta,13834,14931,O-070-070,"{""attribute_pa_bague"":""jaune"",""attribute_pa_diametre"":""010""}",pa_bague=jaune | pa_diametre=010,10,10,,MAD,true,374,1,true,true,https://dentalmarket.ma/wp-content/uploads/2025/08/label_DM-070-070.png,,2026-07-29T15:49:50.238Z
https://dentalmarket.ma/product/fraise-diamantee-flamme-pour-turbine-odenta/,13834,fraise-diamantee-flamme-pour-turbine-odenta,Fraise Diamantée Flamme pour Turbine - Odenta,13834,14932,O-071-071,"{""attribute_pa_bague"":""jaune"",""attribute_pa_diametre"":""012""}",pa_bague=jaune | pa_diametre=012,10,10,,MAD,true,264,1,true,true,https://dentalmarket.ma/wp-content/uploads/2025/08/label_DM-071-071.png,,2026-07-29T15:49:50.238Z
https://dentalmarket.ma/product/fraise-diamantee-flamme-pour-turbine-odenta/,13834,fraise-diamantee-flamme-pour-turbine-odenta,Fraise Diamantée Flamme pour Turbine - Odenta,13834,14933,O-072-072,"{""attribute_pa_bague"":""jaune"",""attribute_pa_diametre"":""014""}",pa_bague=jaune | pa_diametre=014,10,10,,MAD,true,42,1,true,true,https://dentalmarket.ma/wp-content/uploads/2025/08/label_DM-072-072.png,,2026-07-29T15:49:50.238Z
https://dentalmarket.ma/product/fraise-diamantee-flamme-pour-turbine-odenta/,13834,fraise-diamantee-flamme-pour-turbine-odenta,Fraise Diamantée Flamme pour Turbine - Odenta,13834,14935,O-074-074,"{""attribute_pa_bague"":""rouge"",""attribute_pa_diametre"":""010""}",pa_bague=rouge | pa_diametre=010,10,10,,MAD,true,176,1,true,true,https://dentalmarket.ma/wp-content/uploads/2025/08/label_DM-074-074.png,,2026-07-29T15:49:50.238Z
https://dentalmarket.ma/product/fraise-diamantee-flamme-pour-turbine-odenta/,13834,fraise-diamantee-flamme-pour-turbine-odenta,Fraise Diamantée Flamme pour Turbine - Odenta,13834,14936,O-075-075,"{""attribute_pa_bague"":""rouge"",""attribute_pa_diametre"":""012""}",pa_bague=rouge | pa_diametre=012,10,10,,MAD,true,138,1,true,true,https://dentalmarket.ma/wp-content/uploads/2025/08/label_DM-075-075.png,,2026-07-29T15:49:50.238Z
https://dentalmarket.ma/product/fraise-diamantee-flamme-pour-turbine-odenta/,13834,fraise-diamantee-flamme-pour-turbine-odenta,Fraise Diamantée Flamme pour Turbine - Odenta,13834,14937,O-076-076,"{""attribute_pa_bague"":""rouge"",""attribute_pa_diametre"":""014""}",pa_bague=rouge | pa_diametre=014,10,10,,MAD,true,466,1,true,true,https://dentalmarket.ma/wp-content/uploads/2025/08/label_DM-076-076.png,,2026-07-29T15:49:50.238Z
https://dentalmarket.ma/product/fraise-diamantee-flamme-pour-turbine-odenta/,13834,fraise-diamantee-flamme-pour-turbine-odenta,Fraise Diamantée Flamme pour Turbine - Odenta,13834,14938,O-077-077,"{""attribute_pa_bague"":""rouge"",""attribute_pa_diametre"":""016""}",pa_bague=rouge | pa_diametre=016,10,10,,MAD,true,107,1,true,true,https://dentalmarket.ma/wp-content/uploads/2025/08/label_DM-077-077.png,,2026-07-29T15:49:50.238Z
https://dentalmarket.ma/product/fraise-diamantee-flamme-pour-turbine-odenta/,13834,fraise-diamantee-flamme-pour-turbine-odenta,Fraise Diamantée Flamme pour Turbine - Odenta,13834,14939,O-078-078,"{""attribute_pa_bague"":""rouge"",""attribute_pa_diametre"":""018""}",pa_bague=rouge | pa_diametre=018,10,10,,MAD,true,115,1,true,true,https://dentalmarket.ma/wp-content/uploads/2025/08/label_DM-078-078.png,,2026-07-29T15:49:50.238Z
https://dentalmarket.ma/product/fraise-diamantee-flamme-pour-turbine-odenta/,13834,fraise-diamantee-flamme-pour-turbine-odenta,Fraise Diamantée Flamme pour Turbine - Odenta,13834,14940,O-079-079,"{""attribute_pa_bague"":""rouge"",""attribute_pa_diametre"":""021""}",pa_bague=rouge | pa_diametre=021,10,10,,MAD,true,385,1,true,true,https://dentalmarket.ma/wp-content/uploads/2025/08/label_DM-079-079.png,,2026-07-29T15:49:50.238Z
https://dentalmarket.ma/product/fraise-diamantee-flamme-pour-turbine-odenta/,13834,fraise-diamantee-flamme-pour-turbine-odenta,Fraise Diamantée Flamme pour Turbine - Odenta,13834,14941,O-080-080,"{""attribute_pa_bague"":""bleu"",""attribute_pa_diametre"":""014""}",pa_bague=bleu | pa_diametre=014,10,10,,MAD,true,44,1,true,true,https://dentalmarket.ma/wp-content/uploads/2025/08/label_DM-080-080.png,,2026-07-29T15:49:50.238Z
https://dentalmarket.ma/product/fraise-diamantee-cylindrique-a-bout-rond-pour-turbine-odenta/,13833,fraise-diamantee-cylindrique-a-bout-rond-pour-turbine-odenta,Fraise Diamantée Cylindrique à Bout Rond pour Turbine - Odenta,13833,14928,O-033-033,"{""attribute_pa_bague"":""bleu"",""attribute_pa_diametre"":""012""}",pa_bague=bleu | pa_diametre=012,10,10,,MAD,true,11,1,true,true,https://dentalmarket.ma/wp-content/uploads/2025/08/label_DM-033-033.png,,2026-07-29T15:49:50.238Z
https://dentalmarket.ma/product/fraise-diamantee-cylindrique-a-bout-rond-pour-turbine-odenta/,13833,fraise-diamantee-cylindrique-a-bout-rond-pour-turbine-odenta,Fraise Diamantée Cylindrique à Bout Rond pour Turbine - Odenta,13833,14929,O-034-034,"{""attribute_pa_bague"":""bleu"",""attribute_pa_diametre"":""014""}",pa_bague=bleu | pa_diametre=014,10,10,,MAD,true,13,1,true,true,https://dentalmarket.ma/wp-content/uploads/2025/08/label_DM-034-034.png,,2026-07-29T15:49:50.238Z
https://dentalmarket.ma/product/fraise-diamantee-cylindrique-a-bout-rond-pour-turbine-odenta/,13833,fraise-diamantee-cylindrique-a-bout-rond-pour-turbine-odenta,Fraise Diamantée Cylindrique à Bout Rond pour Turbine - Odenta,13833,14930,O-035-035,"{""attribute_pa_bague"":""bleu"",""attribute_pa_diametre"":""016""}",pa_bague=bleu | pa_diametre=016,10,10,,MAD,true,6,1,true,true,https://dentalmarket.ma/wp-content/uploads/2025/08/label_DM-035-035.png,,2026-07-29T15:49:50.238Z
https://dentalmarket.ma/product/fraise-diamantee-cylindrique-pour-turbine-odenta/,13832,fraise-diamantee-cylindrique-pour-turbine-odenta,Fraise Diamantée Cylindrique pour Turbine - Odenta,13832,14920,O-025-025,"{""attribute_pa_bague"":""bleu"",""attribute_pa_diametre"":""008""}",pa_bague=bleu | pa_diametre=008,10,10,,MAD,true,232,1,true,true,https://dentalmarket.ma/wp-content/uploads/2025/08/label_DM-025-025.png,,2026-07-29T15:49:50.238Z
https://dentalmarket.ma/product/fraise-diamantee-cylindrique-pour-turbine-odenta/,13832,fraise-diamantee-cylindrique-pour-turbine-odenta,Fraise Diamantée Cylindrique pour Turbine - Odenta,13832,14921,O-026-027,"{""attribute_pa_bague"":""bleu"",""attribute_pa_diametre"":""009""}",pa_bague=bleu | pa_diametre=009,10,10,,MAD,true,200,1,true,true,https://dentalmarket.ma/wp-content/uploads/2025/08/label_DM-026-027.png,,2026-07-29T15:49:50.238Z
https://dentalmarket.ma/product/fraise-diamantee-cylindrique-pour-turbine-odenta/,13832,fraise-diamantee-cylindrique-pour-turbine-odenta,Fraise Diamantée Cylindrique pour Turbine - Odenta,13832,14922,O-027-027,"{""attribute_pa_bague"":""bleu"",""attribute_pa_diametre"":""010""}",pa_bague=bleu | pa_diametre=010,10,10,,MAD,true,286,1,true,true,https://dentalmarket.ma/wp-content/uploads/2025/08/label_DM-027-027.png,,2026-07-29T15:49:50.238Z
https://dentalmarket.ma/product/fraise-diamantee-cylindrique-pour-turbine-odenta/,13832,fraise-diamantee-cylindrique-pour-turbine-odenta,Fraise Diamantée Cylindrique pour Turbine - Odenta,13832,14923,O-028-028,"{""attribute_pa_bague"":""bleu"",""attribute_pa_diametre"":""012""}",pa_bague=bleu | pa_diametre=012,10,10,,MAD,true,423,1,true,true,https://dentalmarket.ma/wp-content/uploads/2025/08/label_DM-028-028.png,,2026-07-29T15:49:50.238Z
https://dentalmarket.ma/product/fraise-diamantee-cylindrique-pour-turbine-odenta/,13832,fraise-diamantee-cylindrique-pour-turbine-odenta,Fraise Diamantée Cylindrique pour Turbine - Odenta,13832,14924,O-029-029,"{""attribute_pa_bague"":""bleu"",""attribute_pa_diametre"":""014""}",pa_bague=bleu | pa_diametre=014,10,10,,MAD,true,185,1,true,true,https://dentalmarket.ma/wp-content/uploads/2025/08/label_DM-029-029.png,,2026-07-29T15:49:50.238Z
https://dentalmarket.ma/product/fraise-diamantee-cylindrique-pour-turbine-odenta/,13832,fraise-diamantee-cylindrique-pour-turbine-odenta,Fraise Diamantée Cylindrique pour Turbine - Odenta,13832,14925,O-030-030,"{""attribute_pa_bague"":""bleu"",""attribute_pa_diametre"":""016""}",pa_bague=bleu | pa_diametre=016,10,10,,MAD,true,191,1,true,true,https://dentalmarket.ma/wp-content/uploads/2025/08/label_DM-030-030.png,,2026-07-29T15:49:50.238Z
https://dentalmarket.ma/product/fraise-diamantee-cylindrique-pour-turbine-odenta/,13832,fraise-diamantee-cylindrique-pour-turbine-odenta,Fraise Diamantée Cylindrique pour Turbine - Odenta,13832,14926,O-031-031,"{""attribute_pa_bague"":""bleu"",""attribute_pa_diametre"":""018""}",pa_bague=bleu | pa_diametre=018,10,10,,MAD,true,348,1,true,true,https://dentalmarket.ma/wp-content/uploads/2025/08/label_DM-031-031.png,,2026-07-29T15:49:50.238Z
https://dentalmarket.ma/product/fraise-diamantee-cylindrique-pour-turbine-odenta/,13832,fraise-diamantee-cylindrique-pour-turbine-odenta,Fraise Diamantée Cylindrique pour Turbine - Odenta,13832,14927,O-032-032,"{""attribute_pa_bague"":""verte"",""attribute_pa_diametre"":""014""}",pa_bague=verte | pa_diametre=014,10,10,,MAD,true,54,1,true,true,https://dentalmarket.ma/wp-content/uploads/2025/08/label_DM-032-032.png,,2026-07-29T15:49:50.238Z
https://dentalmarket.ma/product/fraise-diamantee-chapeau-chinois-pour-turbine-odenta/,13831,fraise-diamantee-chapeau-chinois-pour-turbine-odenta,Fraise Diamantée Chapeau Chinois pour Turbine - Odenta,13831,14919,O-084-084,"{""attribute_pa_bague"":""rouge"",""attribute_pa_diametre"":""031""}",pa_bague=rouge | pa_diametre=031,10,10,,MAD,true,50,1,true,true,https://dentalmarket.ma/wp-content/uploads/2026/07/Odenta-17.png,,2026-07-29T15:49:50.238Z
https://dentalmarket.ma/product/fraise-diamantee-ogive-pour-turbine-odenta/,13830,fraise-diamantee-ogive-pour-turbine-odenta,Fraise Diamantée Ogive pour Turbine - Odenta,13830,14913,O-064-064,"{""attribute_pa_bague"":""jaune"",""attribute_pa_diametre"":""012""}",pa_bague=jaune | pa_diametre=012,10,10,,MAD,true,392,1,true,true,https://dentalmarket.ma/wp-content/uploads/2025/08/label_DM-064-064.png,,2026-07-29T15:49:50.238Z
https://dentalmarket.ma/product/fraise-diamantee-ogive-pour-turbine-odenta/,13830,fraise-diamantee-ogive-pour-turbine-odenta,Fraise Diamantée Ogive pour Turbine - Odenta,13830,14914,O-065-065,"{""attribute_pa_bague"":""jaune"",""attribute_pa_diametre"":""018""}",pa_bague=jaune | pa_diametre=018,10,10,,MAD,true,123,1,true,true,https://dentalmarket.ma/wp-content/uploads/2025/08/label_DM-065-065.png,,2026-07-29T15:49:50.238Z
https://dentalmarket.ma/product/fraise-diamantee-ogive-pour-turbine-odenta/,13830,fraise-diamantee-ogive-pour-turbine-odenta,Fraise Diamantée Ogive pour Turbine - Odenta,13830,14915,O-066-066,"{""attribute_pa_bague"":""rouge"",""attribute_pa_diametre"":""012""}",pa_bague=rouge | pa_diametre=012,10,10,,MAD,true,38,1,true,true,https://dentalmarket.ma/wp-content/uploads/2025/08/label_DM-066-066.png,,2026-07-29T15:49:50.238Z
https://dentalmarket.ma/product/fraise-diamantee-ogive-pour-turbine-odenta/,13830,fraise-diamantee-ogive-pour-turbine-odenta,Fraise Diamantée Ogive pour Turbine - Odenta,13830,14916,O-067-067,"{""attribute_pa_bague"":""rouge"",""attribute_pa_diametre"":""018""}",pa_bague=rouge | pa_diametre=018,10,10,,MAD,true,77,1,true,true,https://dentalmarket.ma/wp-content/uploads/2025/08/label_DM-067-067.png,,2026-07-29T15:49:50.238Z
https://dentalmarket.ma/product/fraise-diamantee-ogive-pour-turbine-odenta/,13830,fraise-diamantee-ogive-pour-turbine-odenta,Fraise Diamantée Ogive pour Turbine - Odenta,13830,14917,O-068-068,"{""attribute_pa_bague"":""bleu"",""attribute_pa_diametre"":""018""}",pa_bague=bleu | pa_diametre=018,10,10,,MAD,true,317,1,true,true,https://dentalmarket.ma/wp-content/uploads/2025/08/label_DM-068-068.png,,2026-07-29T15:49:50.238Z
https://dentalmarket.ma/product/fraise-diamantee-ogive-pour-turbine-odenta/,13830,fraise-diamantee-ogive-pour-turbine-odenta,Fraise Diamantée Ogive pour Turbine - Odenta,13830,14918,O-069-069,"{""attribute_pa_bague"":""bleu"",""attribute_pa_diametre"":""021""}",pa_bague=bleu | pa_diametre=021,10,10,,MAD,true,138,1,true,true,https://dentalmarket.ma/wp-content/uploads/2025/08/label_DM-069-069.png,,2026-07-29T15:49:50.238Z
https://dentalmarket.ma/product/chalumeau/,13531,chalumeau,Chalumeau,13531,15159,,"{""attribute_pa_modele"":""a""}",pa_modele=a,175,175,,MAD,true,30,1,true,true,https://dentalmarket.ma/wp-content/uploads/2026/06/Chalumeau-Modele-A.webp,,2026-07-29T15:49:50.238Z
https://dentalmarket.ma/product/chalumeau/,13531,chalumeau,Chalumeau,13531,15160,,"{""attribute_pa_modele"":""b""}",pa_modele=b,185,185,,MAD,true,10,1,true,true,https://dentalmarket.ma/wp-content/uploads/2026/06/Chalumeau-Modele-B.webp,,2026-07-29T15:49:50.238Z
https://dentalmarket.ma/product/capteur-erlm/,10875,capteur-erlm,Capteur ERLM,10875,10878,,"{""attribute_size"":""3""}",size=3,499,499,,MAD,false,,1,true,true,https://dentalmarket.ma/wp-content/uploads/2025/11/imgi_11_Phosphor_Imaging_Plates_1024x1024.jpeg,,2026-07-29T15:49:50.238Z
https://dentalmarket.ma/product/capteur-erlm/,10875,capteur-erlm,Capteur ERLM,10875,10880,,"{""attribute_size"":""1""}",size=1,499,499,,MAD,false,,1,true,true,https://dentalmarket.ma/wp-content/uploads/2025/11/imgi_11_Phosphor_Imaging_Plates_1024x1024.jpeg,,2026-07-29T15:49:50.238Z
https://dentalmarket.ma/product/capteur-erlm/,10875,capteur-erlm,Capteur ERLM,10875,10881,,"{""attribute_size"":""0""}",size=0,499,499,,MAD,false,,1,true,true,https://dentalmarket.ma/wp-content/uploads/2025/11/imgi_11_Phosphor_Imaging_Plates_1024x1024.jpeg,,2026-07-29T15:49:50.238Z
https://dentalmarket.ma/product/capteur-erlm/,10875,capteur-erlm,Capteur ERLM,10875,10879,,"{""attribute_size"":""2""}",size=2,499,499,,MAD,true,,1,true,true,https://dentalmarket.ma/wp-content/uploads/2025/11/Capteur.webp,,2026-07-29T15:49:50.238Z
https://dentalmarket.ma/product/ecarteurs-des-levres-et-joues-en-latex-ztdental/,10855,ecarteurs-des-levres-et-joues-en-latex-ztdental,Écarteurs des Lèvres et Joues en Latex - ZTDental,10855,10859,,"{""attribute_taille"":""Large""}",taille=Large,20,20,,MAD,false,,1,true,true,https://dentalmarket.ma/wp-content/uploads/2025/11/Ecarteurs-des-Levres-et-Joues-en-Latex.png,,2026-07-29T15:49:50.238Z
https://dentalmarket.ma/product/ecarteurs-des-levres-et-joues-en-latex-ztdental/,10855,ecarteurs-des-levres-et-joues-en-latex-ztdental,Écarteurs des Lèvres et Joues en Latex - ZTDental,10855,10860,,"{""attribute_taille"":""Medium""}",taille=Medium,20,20,,MAD,true,2,1,true,true,https://dentalmarket.ma/wp-content/uploads/2025/11/Ecarteurs-des-Levres-et-Joues-en-Latex.png,,2026-07-29T15:49:50.238Z
https://dentalmarket.ma/product/ecarteurs-des-levres-et-joues-en-latex-ztdental/,10855,ecarteurs-des-levres-et-joues-en-latex-ztdental,Écarteurs des Lèvres et Joues en Latex - ZTDental,10855,10861,,"{""attribute_taille"":""Small""}",taille=Small,20,20,,MAD,true,1,1,true,true,https://dentalmarket.ma/wp-content/uploads/2025/11/Ecarteurs-des-Levres-et-Joues-en-Latex.png,,2026-07-29T15:49:50.238Z
https://dentalmarket.ma/product/chalumeau-moyen-demontable/,10180,chalumeau-moyen-demontable,Chalumeau Moyen/Démontable,10180,10182,,"{""attribute_chalumeau-avec-ou-sans-cartouche-de-gaz"":""Cartouche seule""}",chalumeau-avec-ou-sans-cartouche-de-gaz=Cartouche seule,30,30,,MAD,true,,1,true,true,https://dentalmarket.ma/wp-content/uploads/2025/09/0.5-m-m-10x-3.png,,2026-07-29T15:49:50.238Z
https://dentalmarket.ma/product/chalumeau-moyen-demontable/,10180,chalumeau-moyen-demontable,Chalumeau Moyen/Démontable,10180,10183,,"{""attribute_chalumeau-avec-ou-sans-cartouche-de-gaz"":""Chalumeau avec cartouche""}",chalumeau-avec-ou-sans-cartouche-de-gaz=Chalumeau avec cartouche,120,120,,MAD,true,,1,true,true,https://dentalmarket.ma/wp-content/uploads/2025/09/0.5-m-m-10x-3.png,,2026-07-29T15:49:50.238Z
https://dentalmarket.ma/product/plateau-dentaire-plateau-dexamen/,10036,plateau-dentaire-plateau-dexamen,Plateau Dentaire/Plateau d'Examen,10036,10038,,"{""attribute_sonde-6"":""Sans"",""attribute_sonde-17"":""Sans"",""attribute_miroir"":""Sans"",""attribute_precelle"":""Sans""}",sonde-6=Sans | sonde-17=Sans | miroir=Sans | precelle=Sans,35,35,,MAD,true,,1,true,true,https://dentalmarket.ma/wp-content/uploads/2025/09/0.5-m-m-10x-2.png,,2026-07-29T15:49:50.238Z
https://dentalmarket.ma/product/plateau-dentaire-plateau-dexamen/,10036,plateau-dentaire-plateau-dexamen,Plateau Dentaire/Plateau d'Examen,10036,10039,,"{""attribute_sonde-6"":""Sans"",""attribute_sonde-17"":""Sans"",""attribute_miroir"":""Sans"",""attribute_precelle"":""Avec""}",sonde-6=Sans | sonde-17=Sans | miroir=Sans | precelle=Avec,70,70,,MAD,true,,1,true,true,https://dentalmarket.ma/wp-content/uploads/2025/09/0.5-m-m-10x-2.png,,2026-07-29T15:49:50.238Z
https://dentalmarket.ma/product/plateau-dentaire-plateau-dexamen/,10036,plateau-dentaire-plateau-dexamen,Plateau Dentaire/Plateau d'Examen,10036,10040,,"{""attribute_sonde-6"":""Sans"",""attribute_sonde-17"":""Sans"",""attribute_miroir"":""Avec"",""attribute_precelle"":""Sans""}",sonde-6=Sans | sonde-17=Sans | miroir=Avec | precelle=Sans,60,60,,MAD,true,,1,true,true,https://dentalmarket.ma/wp-content/uploads/2025/09/0.5-m-m-10x-2.png,,2026-07-29T15:49:50.238Z
https://dentalmarket.ma/product/plateau-dentaire-plateau-dexamen/,10036,plateau-dentaire-plateau-dexamen,Plateau Dentaire/Plateau d'Examen,10036,10041,,"{""attribute_sonde-6"":""Sans"",""attribute_sonde-17"":""Sans"",""attribute_miroir"":""Avec"",""attribute_precelle"":""Avec""}",sonde-6=Sans | sonde-17=Sans | miroir=Avec | precelle=Avec,95,95,,MAD,true,,1,true,true,https://dentalmarket.ma/wp-content/uploads/2025/09/0.5-m-m-10x-2.png,,2026-07-29T15:49:50.238Z
https://dentalmarket.ma/product/plateau-dentaire-plateau-dexamen/,10036,plateau-dentaire-plateau-dexamen,Plateau Dentaire/Plateau d'Examen,10036,10042,,"{""attribute_sonde-6"":""Sans"",""attribute_sonde-17"":""Avec"",""attribute_miroir"":""Sans"",""attribute_precelle"":""Sans""}",sonde-6=Sans | sonde-17=Avec | miroir=Sans | precelle=Sans,60,60,,MAD,true,,1,true,true,https://dentalmarket.ma/wp-content/uploads/2025/09/0.5-m-m-10x-2.png,,2026-07-29T15:49:50.238Z
https://dentalmarket.ma/product/plateau-dentaire-plateau-dexamen/,10036,plateau-dentaire-plateau-dexamen,Plateau Dentaire/Plateau d'Examen,10036,10043,,"{""attribute_sonde-6"":""Sans"",""attribute_sonde-17"":""Avec"",""attribute_miroir"":""Sans"",""attribute_precelle"":""Avec""}",sonde-6=Sans | sonde-17=Avec | miroir=Sans | precelle=Avec,95,95,,MAD,true,,1,true,true,https://dentalmarket.ma/wp-content/uploads/2025/09/0.5-m-m-10x-2.png,,2026-07-29T15:49:50.238Z
https://dentalmarket.ma/product/plateau-dentaire-plateau-dexamen/,10036,plateau-dentaire-plateau-dexamen,Plateau Dentaire/Plateau d'Examen,10036,10044,,"{""attribute_sonde-6"":""Sans"",""attribute_sonde-17"":""Avec"",""attribute_miroir"":""Avec"",""attribute_precelle"":""Sans""}",sonde-6=Sans | sonde-17=Avec | miroir=Avec | precelle=Sans,60,60,,MAD,true,,1,true,true,https://dentalmarket.ma/wp-content/uploads/2025/09/0.5-m-m-10x-2.png,,2026-07-29T15:49:50.238Z
https://dentalmarket.ma/product/plateau-dentaire-plateau-dexamen/,10036,plateau-dentaire-plateau-dexamen,Plateau Dentaire/Plateau d'Examen,10036,10045,,"{""attribute_sonde-6"":""Sans"",""attribute_sonde-17"":""Avec"",""attribute_miroir"":""Avec"",""attribute_precelle"":""Avec""}",sonde-6=Sans | sonde-17=Avec | miroir=Avec | precelle=Avec,120,120,,MAD,true,,1,true,true,https://dentalmarket.ma/wp-content/uploads/2025/09/0.5-m-m-10x-2.png,,2026-07-29T15:49:50.238Z
https://dentalmarket.ma/product/plateau-dentaire-plateau-dexamen/,10036,plateau-dentaire-plateau-dexamen,Plateau Dentaire/Plateau d'Examen,10036,10046,,"{""attribute_sonde-6"":""Avec"",""attribute_sonde-17"":""Sans"",""attribute_miroir"":""Sans"",""attribute_precelle"":""Sans""}",sonde-6=Avec | sonde-17=Sans | miroir=Sans | precelle=Sans,60,60,,MAD,true,,1,true,true,https://dentalmarket.ma/wp-content/uploads/2025/09/0.5-m-m-10x-2.png,,2026-07-29T15:49:50.238Z
https://dentalmarket.ma/product/plateau-dentaire-plateau-dexamen/,10036,plateau-dentaire-plateau-dexamen,Plateau Dentaire/Plateau d'Examen,10036,10047,,"{""attribute_sonde-6"":""Avec"",""attribute_sonde-17"":""Sans"",""attribute_miroir"":""Sans"",""attribute_precelle"":""Avec""}",sonde-6=Avec | sonde-17=Sans | miroir=Sans | precelle=Avec,95,95,,MAD,true,,1,true,true,https://dentalmarket.ma/wp-content/uploads/2025/09/0.5-m-m-10x-2.png,,2026-07-29T15:49:50.238Z
https://dentalmarket.ma/product/plateau-dentaire-plateau-dexamen/,10036,plateau-dentaire-plateau-dexamen,Plateau Dentaire/Plateau d'Examen,10036,10048,,"{""attribute_sonde-6"":""Avec"",""attribute_sonde-17"":""Sans"",""attribute_miroir"":""Avec"",""attribute_precelle"":""Sans""}",sonde-6=Avec | sonde-17=Sans | miroir=Avec | precelle=Sans,85,85,,MAD,true,,1,true,true,https://dentalmarket.ma/wp-content/uploads/2025/09/0.5-m-m-10x-2.png,,2026-07-29T15:49:50.238Z
https://dentalmarket.ma/product/plateau-dentaire-plateau-dexamen/,10036,plateau-dentaire-plateau-dexamen,Plateau Dentaire/Plateau d'Examen,10036,10049,,"{""attribute_sonde-6"":""Avec"",""attribute_sonde-17"":""Sans"",""attribute_miroir"":""Avec"",""attribute_precelle"":""Avec""}",sonde-6=Avec | sonde-17=Sans | miroir=Avec | precelle=Avec,120,120,,MAD,true,,1,true,true,https://dentalmarket.ma/wp-content/uploads/2025/09/0.5-m-m-10x-2.png,,2026-07-29T15:49:50.238Z
https://dentalmarket.ma/product/plateau-dentaire-plateau-dexamen/,10036,plateau-dentaire-plateau-dexamen,Plateau Dentaire/Plateau d'Examen,10036,10050,,"{""attribute_sonde-6"":""Avec"",""attribute_sonde-17"":""Avec"",""attribute_miroir"":""Sans"",""attribute_precelle"":""Sans""}",sonde-6=Avec | sonde-17=Avec | miroir=Sans | precelle=Sans,85,85,,MAD,true,,1,true,true,https://dentalmarket.ma/wp-content/uploads/2025/09/0.5-m-m-10x-2.png,,2026-07-29T15:49:50.238Z
https://dentalmarket.ma/product/plateau-dentaire-plateau-dexamen/,10036,plateau-dentaire-plateau-dexamen,Plateau Dentaire/Plateau d'Examen,10036,10051,,"{""attribute_sonde-6"":""Avec"",""attribute_sonde-17"":""Avec"",""attribute_miroir"":""Sans"",""attribute_precelle"":""Avec""}",sonde-6=Avec | sonde-17=Avec | miroir=Sans | precelle=Avec,120,120,,MAD,true,,1,true,true,https://dentalmarket.ma/wp-content/uploads/2025/09/0.5-m-m-10x-2.png,,2026-07-29T15:49:50.238Z
https://dentalmarket.ma/product/plateau-dentaire-plateau-dexamen/,10036,plateau-dentaire-plateau-dexamen,Plateau Dentaire/Plateau d'Examen,10036,10052,,"{""attribute_sonde-6"":""Avec"",""attribute_sonde-17"":""Avec"",""attribute_miroir"":""Avec"",""attribute_precelle"":""Sans""}",sonde-6=Avec | sonde-17=Avec | miroir=Avec | precelle=Sans,110,110,,MAD,true,,1,true,true,https://dentalmarket.ma/wp-content/uploads/2025/09/0.5-m-m-10x-2.png,,2026-07-29T15:49:50.238Z
https://dentalmarket.ma/product/plateau-dentaire-plateau-dexamen/,10036,plateau-dentaire-plateau-dexamen,Plateau Dentaire/Plateau d'Examen,10036,10053,,"{""attribute_sonde-6"":""Avec"",""attribute_sonde-17"":""Avec"",""attribute_miroir"":""Avec"",""attribute_precelle"":""Avec""}",sonde-6=Avec | sonde-17=Avec | miroir=Avec | precelle=Avec,145,145,,MAD,true,,1,true,true,https://dentalmarket.ma/wp-content/uploads/2025/09/0.5-m-m-10x-2.png,,2026-07-29T15:49:50.238Z
https://dentalmarket.ma/product/platre-dentaire-bleu/,9475,platre-dentaire-bleu,Plâtre Dentaire Bleu,9475,9478,,"{""attribute_quantite"":""1 Kg""}",quantite=1 Kg,20,20,,MAD,true,,1,true,true,https://dentalmarket.ma/wp-content/uploads/2025/09/0.5-m-m-10x-1.png,,2026-07-29T15:49:50.238Z
https://dentalmarket.ma/product/platre-dentaire-bleu/,9475,platre-dentaire-bleu,Plâtre Dentaire Bleu,9475,9479,,"{""attribute_quantite"":""1/2 Kg""}",quantite=1/2 Kg,10,10,,MAD,true,,1,true,true,https://dentalmarket.ma/wp-content/uploads/2025/09/0.5-m-m-10x-1.png,,2026-07-29T15:49:50.238Z
https://dentalmarket.ma/product/compresse-non-sterile/,9170,compresse-non-sterile,Compresse Non Stérile,9170,9172,,"{""attribute_quantite"":""1 Paquet (100 Compresses)""}",quantite=1 Paquet (100 Compresses),25,30,25,MAD,true,,1,true,true,https://dentalmarket.ma/wp-content/uploads/2025/09/Compresse.webp,,2026-07-29T15:49:50.238Z
https://dentalmarket.ma/product/compresse-non-sterile/,9170,compresse-non-sterile,Compresse Non Stérile,9170,9173,,"{""attribute_quantite"":""10 Compresses""}",quantite=10 Compresses,3,3,,MAD,true,,1,true,true,https://dentalmarket.ma/wp-content/uploads/2025/09/Compresse.webp,,2026-07-29T15:49:50.238Z
https://dentalmarket.ma/product/porte-fraise-piece-a-main/,8727,porte-fraise-piece-a-main,Porte Fraise Pièce à Main,8727,8728,,"{""attribute_couleur"":""Bleu Ciel""}",couleur=Bleu Ciel,35,35,,MAD,true,5,1,true,true,https://dentalmarket.ma/wp-content/uploads/2025/08/Porte-Fraise-HP.webp,,2026-07-29T15:49:50.238Z
https://dentalmarket.ma/product/porte-fraise-piece-a-main/,8727,porte-fraise-piece-a-main,Porte Fraise Pièce à Main,8727,8729,,"{""attribute_couleur"":""Turquoise""}",couleur=Turquoise,35,35,,MAD,true,5,1,true,true,https://dentalmarket.ma/wp-content/uploads/2025/08/Porte-Fraise-HP.webp,,2026-07-29T15:49:50.238Z
https://dentalmarket.ma/product/porte-fraise-piece-a-main/,8727,porte-fraise-piece-a-main,Porte Fraise Pièce à Main,8727,8730,,"{""attribute_couleur"":""Gris""}",couleur=Gris,35,35,,MAD,true,3,1,true,true,https://dentalmarket.ma/wp-content/uploads/2025/08/Porte-Fraise-HP.webp,,2026-07-29T15:49:50.238Z
https://dentalmarket.ma/product/porte-fraise-piece-a-main/,8727,porte-fraise-piece-a-main,Porte Fraise Pièce à Main,8727,8731,,"{""attribute_couleur"":""Bleu""}",couleur=Bleu,35,35,,MAD,true,5,1,true,true,https://dentalmarket.ma/wp-content/uploads/2025/08/Porte-Fraise-HP.webp,,2026-07-29T15:49:50.238Z
https://dentalmarket.ma/product/porte-fraise-piece-a-main/,8727,porte-fraise-piece-a-main,Porte Fraise Pièce à Main,8727,8732,,"{""attribute_couleur"":""Marron""}",couleur=Marron,35,35,,MAD,true,4,1,true,true,https://dentalmarket.ma/wp-content/uploads/2025/08/Porte-Fraise-HP.webp,,2026-07-29T15:49:50.238Z
https://dentalmarket.ma/product/cupule-pointe-siliconee-turbine/,8626,cupule-pointe-siliconee-turbine,"Cupule/Pointe Siliconée pour Polissage, Turbine",8626,8667,ALL-1T,"{""attribute_granulometrie"":""Assortiment"",""attribute_forme"":""N°1""}",granulometrie=Assortiment | forme=N°1,45,60,45,MAD,false,,1,true,true,https://dentalmarket.ma/wp-content/uploads/2025/08/0.5mm10x20.webp,,2026-07-29T15:49:50.238Z
https://dentalmarket.ma/product/cupule-pointe-siliconee-turbine/,8626,cupule-pointe-siliconee-turbine,"Cupule/Pointe Siliconée pour Polissage, Turbine",8626,8663,B-ALLT,"{""attribute_granulometrie"":""Bleu"",""attribute_forme"":""N°1+2""}",granulometrie=Bleu | forme=N°1+2,18,20,18,MAD,false,,1,true,true,https://dentalmarket.ma/wp-content/uploads/2025/08/0.5mm10x20.webp,,2026-07-29T15:49:50.238Z
https://dentalmarket.ma/product/cupule-pointe-siliconee-turbine/,8626,cupule-pointe-siliconee-turbine,"Cupule/Pointe Siliconée pour Polissage, Turbine",8626,8664,R-ALLT,"{""attribute_granulometrie"":""Rouge"",""attribute_forme"":""N°1+2""}",granulometrie=Rouge | forme=N°1+2,18,20,18,MAD,false,,1,true,true,https://dentalmarket.ma/wp-content/uploads/2025/08/0.5mm10x20.webp,,2026-07-29T15:49:50.238Z
https://dentalmarket.ma/product/cupule-pointe-siliconee-turbine/,8626,cupule-pointe-siliconee-turbine,"Cupule/Pointe Siliconée pour Polissage, Turbine",8626,8665,G-ALLT,"{""attribute_granulometrie"":""Blanc/Gris"",""attribute_forme"":""N°1+2""}",granulometrie=Blanc/Gris | forme=N°1+2,18,20,18,MAD,false,,1,true,true,https://dentalmarket.ma/wp-content/uploads/2025/08/0.5mm10x20.webp,,2026-07-29T15:49:50.238Z
https://dentalmarket.ma/product/cupule-pointe-siliconee-turbine/,8626,cupule-pointe-siliconee-turbine,"Cupule/Pointe Siliconée pour Polissage, Turbine",8626,8652,M-1T,"{""attribute_granulometrie"":""Marron"",""attribute_forme"":""N°1""}",granulometrie=Marron | forme=N°1,10,10,,MAD,true,6,1,true,true,https://dentalmarket.ma/wp-content/uploads/2025/08/0.5mm10x20.webp,,2026-07-29T15:49:50.238Z
https://dentalmarket.ma/product/cupule-pointe-siliconee-turbine/,8626,cupule-pointe-siliconee-turbine,"Cupule/Pointe Siliconée pour Polissage, Turbine",8626,8654,J-1T,"{""attribute_granulometrie"":""Jaune"",""attribute_forme"":""N°1""}",granulometrie=Jaune | forme=N°1,10,10,,MAD,true,17,1,true,true,https://dentalmarket.ma/wp-content/uploads/2025/08/0.5mm10x20.webp,,2026-07-29T15:49:50.238Z
https://dentalmarket.ma/product/cupule-pointe-siliconee-turbine/,8626,cupule-pointe-siliconee-turbine,"Cupule/Pointe Siliconée pour Polissage, Turbine",8626,8656,V-1T,"{""attribute_granulometrie"":""Vert"",""attribute_forme"":""N°1""}",granulometrie=Vert | forme=N°1,10,10,,MAD,true,16,1,true,true,https://dentalmarket.ma/wp-content/uploads/2025/08/0.5mm10x20.webp,,2026-07-29T15:49:50.238Z
https://dentalmarket.ma/product/cupule-pointe-siliconee-turbine/,8626,cupule-pointe-siliconee-turbine,"Cupule/Pointe Siliconée pour Polissage, Turbine",8626,8657,B-2T,"{""attribute_granulometrie"":""Bleu"",""attribute_forme"":""N°2""}",granulometrie=Bleu | forme=N°2,10,10,,MAD,true,39,1,true,true,https://dentalmarket.ma/wp-content/uploads/2025/08/0.5mm10x20.webp,,2026-07-29T15:49:50.238Z
https://dentalmarket.ma/product/cupule-pointe-siliconee-turbine/,8626,cupule-pointe-siliconee-turbine,"Cupule/Pointe Siliconée pour Polissage, Turbine",8626,8658,B-1T,"{""attribute_granulometrie"":""Bleu"",""attribute_forme"":""N°1""}",granulometrie=Bleu | forme=N°1,10,10,,MAD,true,9,1,true,true,https://dentalmarket.ma/wp-content/uploads/2025/08/0.5mm10x20.webp,,2026-07-29T15:49:50.238Z
https://dentalmarket.ma/product/cupule-pointe-siliconee-turbine/,8626,cupule-pointe-siliconee-turbine,"Cupule/Pointe Siliconée pour Polissage, Turbine",8626,8659,R-2T,"{""attribute_granulometrie"":""Rouge"",""attribute_forme"":""N°2""}",granulometrie=Rouge | forme=N°2,10,10,,MAD,true,39,1,true,true,https://dentalmarket.ma/wp-content/uploads/2025/08/0.5mm10x20.webp,,2026-07-29T15:49:50.238Z
https://dentalmarket.ma/product/cupule-pointe-siliconee-turbine/,8626,cupule-pointe-siliconee-turbine,"Cupule/Pointe Siliconée pour Polissage, Turbine",8626,8660,R-1T,"{""attribute_granulometrie"":""Rouge"",""attribute_forme"":""N°1""}",granulometrie=Rouge | forme=N°1,10,10,,MAD,true,110,1,true,true,https://dentalmarket.ma/wp-content/uploads/2025/08/0.5mm10x20.webp,,2026-07-29T15:49:50.238Z
https://dentalmarket.ma/product/cupule-pointe-siliconee-turbine/,8626,cupule-pointe-siliconee-turbine,"Cupule/Pointe Siliconée pour Polissage, Turbine",8626,8661,G-2T,"{""attribute_granulometrie"":""Blanc/Gris"",""attribute_forme"":""N°2""}",granulometrie=Blanc/Gris | forme=N°2,10,10,,MAD,true,70,1,true,true,https://dentalmarket.ma/wp-content/uploads/2025/08/0.5mm10x20.webp,,2026-07-29T15:49:50.238Z
https://dentalmarket.ma/product/cupule-pointe-siliconee-turbine/,8626,cupule-pointe-siliconee-turbine,"Cupule/Pointe Siliconée pour Polissage, Turbine",8626,8662,G-1T,"{""attribute_granulometrie"":""Blanc/Gris"",""attribute_forme"":""N°1""}",granulometrie=Blanc/Gris | forme=N°1,10,10,,MAD,true,225,1,true,true,https://dentalmarket.ma/wp-content/uploads/2025/08/0.5mm10x20.webp,,2026-07-29T15:49:50.238Z
https://dentalmarket.ma/product/cupule-pointe-siliconee-contre-angle/,8425,cupule-pointe-siliconee-contre-angle,"Cupule/Pointe Siliconée pour Polissage, Contre-Angle",8425,8666,ALL-1C,"{""attribute_granulometrie"":""Assortiment"",""attribute_forme"":""N°1 (9557)""}",granulometrie=Assortiment | forme=N°1 (9557),45,60,45,MAD,false,,1,true,true,https://dentalmarket.ma/wp-content/uploads/2025/03/Cupule-1.png,,2026-07-29T15:49:50.238Z
https://dentalmarket.ma/product/cupule-pointe-siliconee-contre-angle/,8425,cupule-pointe-siliconee-contre-angle,"Cupule/Pointe Siliconée pour Polissage, Contre-Angle",8425,8568,B-ALLC,"{""attribute_granulometrie"":""Bleu"",""attribute_forme"":""N°1,2,3,4,5,6""}","granulometrie=Bleu | forme=N°1,2,3,4,5,6",45,60,45,MAD,false,,1,true,true,https://dentalmarket.ma/wp-content/uploads/2025/08/0.5mm10x22-1.webp,,2026-07-29T15:49:50.238Z
https://dentalmarket.ma/product/cupule-pointe-siliconee-contre-angle/,8425,cupule-pointe-siliconee-contre-angle,"Cupule/Pointe Siliconée pour Polissage, Contre-Angle",8425,8570,B-5C,"{""attribute_granulometrie"":""Bleu"",""attribute_forme"":""N°5""}",granulometrie=Bleu | forme=N°5,10,10,,MAD,true,19,1,true,true,https://dentalmarket.ma/wp-content/uploads/2025/08/0.5mm10x22-1.webp,,2026-07-29T15:49:50.238Z
https://dentalmarket.ma/product/cupule-pointe-siliconee-contre-angle/,8425,cupule-pointe-siliconee-contre-angle,"Cupule/Pointe Siliconée pour Polissage, Contre-Angle",8425,8571,B-4C,"{""attribute_granulometrie"":""Bleu"",""attribute_forme"":""N°4""}",granulometrie=Bleu | forme=N°4,10,10,,MAD,true,10,1,true,true,https://dentalmarket.ma/wp-content/uploads/2025/08/0.5mm10x22-1.webp,,2026-07-29T15:49:50.238Z
https://dentalmarket.ma/product/cupule-pointe-siliconee-contre-angle/,8425,cupule-pointe-siliconee-contre-angle,"Cupule/Pointe Siliconée pour Polissage, Contre-Angle",8425,8553,M-1C,"{""attribute_granulometrie"":""Marron"",""attribute_forme"":""N°1 (9557)""}",granulometrie=Marron | forme=N°1 (9557),10,10,,MAD,true,23,1,true,true,https://dentalmarket.ma/wp-content/uploads/2025/03/Cupule-7.png,,2026-07-29T15:49:50.238Z
https://dentalmarket.ma/product/cupule-pointe-siliconee-contre-angle/,8425,cupule-pointe-siliconee-contre-angle,"Cupule/Pointe Siliconée pour Polissage, Contre-Angle",8425,8572,B-3C,"{""attribute_granulometrie"":""Bleu"",""attribute_forme"":""N°3""}",granulometrie=Bleu | forme=N°3,10,10,,MAD,false,,1,true,true,https://dentalmarket.ma/wp-content/uploads/2025/08/0.5mm10x22-1.webp,,2026-07-29T15:49:50.238Z
https://dentalmarket.ma/product/cupule-pointe-siliconee-contre-angle/,8425,cupule-pointe-siliconee-contre-angle,"Cupule/Pointe Siliconée pour Polissage, Contre-Angle",8425,8560,J-1C,"{""attribute_granulometrie"":""Jaune"",""attribute_forme"":""N°1 (9557)""}",granulometrie=Jaune | forme=N°1 (9557),10,10,,MAD,true,20,1,true,true,https://dentalmarket.ma/wp-content/uploads/2025/03/Cupule-8.png,,2026-07-29T15:49:50.238Z
https://dentalmarket.ma/product/cupule-pointe-siliconee-contre-angle/,8425,cupule-pointe-siliconee-contre-angle,"Cupule/Pointe Siliconée pour Polissage, Contre-Angle",8425,8573,B-2C,"{""attribute_granulometrie"":""Bleu"",""attribute_forme"":""N°2 (9555)""}",granulometrie=Bleu | forme=N°2 (9555),10,10,,MAD,true,32,1,true,true,https://dentalmarket.ma/wp-content/uploads/2025/08/0.5mm10x22-1.webp,,2026-07-29T15:49:50.238Z
https://dentalmarket.ma/product/cupule-pointe-siliconee-contre-angle/,8425,cupule-pointe-siliconee-contre-angle,"Cupule/Pointe Siliconée pour Polissage, Contre-Angle",8425,8567,V-1C,"{""attribute_granulometrie"":""Vert"",""attribute_forme"":""N°1 (9557)""}",granulometrie=Vert | forme=N°1 (9557),10,10,,MAD,true,125,1,true,true,https://dentalmarket.ma/wp-content/uploads/2025/03/Cupule-2.png,,2026-07-29T15:49:50.238Z
https://dentalmarket.ma/product/cupule-pointe-siliconee-contre-angle/,8425,cupule-pointe-siliconee-contre-angle,"Cupule/Pointe Siliconée pour Polissage, Contre-Angle",8425,8575,R-ALLC,"{""attribute_granulometrie"":""Rouge"",""attribute_forme"":""N°1,2,3,4,5,6""}","granulometrie=Rouge | forme=N°1,2,3,4,5,6",45,60,45,MAD,false,,1,true,true,https://dentalmarket.ma/wp-content/uploads/2025/08/0.5mm10x22-1.webp,,2026-07-29T15:49:50.238Z
https://dentalmarket.ma/product/cupule-pointe-siliconee-contre-angle/,8425,cupule-pointe-siliconee-contre-angle,"Cupule/Pointe Siliconée pour Polissage, Contre-Angle",8425,8569,B-6C,"{""attribute_granulometrie"":""Bleu"",""attribute_forme"":""N°6""}",granulometrie=Bleu | forme=N°6,10,10,,MAD,true,5,1,true,true,https://dentalmarket.ma/wp-content/uploads/2025/08/0.5mm10x22-1.webp,,2026-07-29T15:49:50.238Z
https://dentalmarket.ma/product/cupule-pointe-siliconee-contre-angle/,8425,cupule-pointe-siliconee-contre-angle,"Cupule/Pointe Siliconée pour Polissage, Contre-Angle",8425,8576,R-6C,"{""attribute_granulometrie"":""Rouge"",""attribute_forme"":""N°6""}",granulometrie=Rouge | forme=N°6,10,10,,MAD,true,10,1,true,true,https://dentalmarket.ma/wp-content/uploads/2025/08/0.5mm10x22-1.webp,,2026-07-29T15:49:50.238Z
https://dentalmarket.ma/product/cupule-pointe-siliconee-contre-angle/,8425,cupule-pointe-siliconee-contre-angle,"Cupule/Pointe Siliconée pour Polissage, Contre-Angle",8425,8577,R-5C,"{""attribute_granulometrie"":""Rouge"",""attribute_forme"":""N°5""}",granulometrie=Rouge | forme=N°5,10,10,,MAD,true,20,1,true,true,https://dentalmarket.ma/wp-content/uploads/2025/08/0.5mm10x22-1.webp,,2026-07-29T15:49:50.238Z
https://dentalmarket.ma/product/cupule-pointe-siliconee-contre-angle/,8425,cupule-pointe-siliconee-contre-angle,"Cupule/Pointe Siliconée pour Polissage, Contre-Angle",8425,8578,R-4C,"{""attribute_granulometrie"":""Rouge"",""attribute_forme"":""N°4""}",granulometrie=Rouge | forme=N°4,10,10,,MAD,true,10,1,true,true,https://dentalmarket.ma/wp-content/uploads/2025/08/0.5mm10x22-1.webp,,2026-07-29T15:49:50.238Z
https://dentalmarket.ma/product/cupule-pointe-siliconee-contre-angle/,8425,cupule-pointe-siliconee-contre-angle,"Cupule/Pointe Siliconée pour Polissage, Contre-Angle",8425,8579,R-3C,"{""attribute_granulometrie"":""Rouge"",""attribute_forme"":""N°3""}",granulometrie=Rouge | forme=N°3,10,10,,MAD,true,10,1,true,true,https://dentalmarket.ma/wp-content/uploads/2025/08/0.5mm10x22-1.webp,,2026-07-29T15:49:50.238Z
https://dentalmarket.ma/product/cupule-pointe-siliconee-contre-angle/,8425,cupule-pointe-siliconee-contre-angle,"Cupule/Pointe Siliconée pour Polissage, Contre-Angle",8425,8580,R-2C,"{""attribute_granulometrie"":""Rouge"",""attribute_forme"":""N°2 (9555)""}",granulometrie=Rouge | forme=N°2 (9555),10,10,,MAD,true,33,1,true,true,https://dentalmarket.ma/wp-content/uploads/2025/08/0.5mm10x22-1.webp,,2026-07-29T15:49:50.238Z
https://dentalmarket.ma/product/cupule-pointe-siliconee-contre-angle/,8425,cupule-pointe-siliconee-contre-angle,"Cupule/Pointe Siliconée pour Polissage, Contre-Angle",8425,8574,B-1C,"{""attribute_granulometrie"":""Bleu"",""attribute_forme"":""N°1 (9557)""}",granulometrie=Bleu | forme=N°1 (9557),10,10,,MAD,true,36,1,true,true,https://dentalmarket.ma/wp-content/uploads/2025/03/Cupule-6.png,,2026-07-29T15:49:50.238Z
https://dentalmarket.ma/product/cupule-pointe-siliconee-contre-angle/,8425,cupule-pointe-siliconee-contre-angle,"Cupule/Pointe Siliconée pour Polissage, Contre-Angle",8425,8581,R-1C,"{""attribute_granulometrie"":""Rouge"",""attribute_forme"":""N°1 (9557)""}",granulometrie=Rouge | forme=N°1 (9557),10,10,,MAD,true,110,1,true,true,https://dentalmarket.ma/wp-content/uploads/2025/03/Cupule-9.png,,2026-07-29T15:49:50.238Z
https://dentalmarket.ma/product/cupule-pointe-siliconee-contre-angle/,8425,cupule-pointe-siliconee-contre-angle,"Cupule/Pointe Siliconée pour Polissage, Contre-Angle",8425,8582,G-ALLC,"{""attribute_granulometrie"":""Blanc/Gris"",""attribute_forme"":""N°1,2,3,4,5,6""}","granulometrie=Blanc/Gris | forme=N°1,2,3,4,5,6",45,60,45,MAD,false,,1,true,true,https://dentalmarket.ma/wp-content/uploads/2025/08/0.5mm10x22-1.webp,,2026-07-29T15:49:50.238Z
https://dentalmarket.ma/product/cupule-pointe-siliconee-contre-angle/,8425,cupule-pointe-siliconee-contre-angle,"Cupule/Pointe Siliconée pour Polissage, Contre-Angle",8425,8583,G-6C,"{""attribute_granulometrie"":""Blanc/Gris"",""attribute_forme"":""N°6""}",granulometrie=Blanc/Gris | forme=N°6,10,10,,MAD,true,10,1,true,true,https://dentalmarket.ma/wp-content/uploads/2025/08/0.5mm10x22-1.webp,,2026-07-29T15:49:50.238Z
https://dentalmarket.ma/product/cupule-pointe-siliconee-contre-angle/,8425,cupule-pointe-siliconee-contre-angle,"Cupule/Pointe Siliconée pour Polissage, Contre-Angle",8425,8584,G-5C,"{""attribute_granulometrie"":""Blanc/Gris"",""attribute_forme"":""N°5""}",granulometrie=Blanc/Gris | forme=N°5,10,10,,MAD,true,3,1,true,true,https://dentalmarket.ma/wp-content/uploads/2025/08/0.5mm10x22-1.webp,,2026-07-29T15:49:50.238Z
https://dentalmarket.ma/product/cupule-pointe-siliconee-contre-angle/,8425,cupule-pointe-siliconee-contre-angle,"Cupule/Pointe Siliconée pour Polissage, Contre-Angle",8425,8585,G-4C,"{""attribute_granulometrie"":""Blanc/Gris"",""attribute_forme"":""N°4""}",granulometrie=Blanc/Gris | forme=N°4,10,10,,MAD,true,1,1,true,true,https://dentalmarket.ma/wp-content/uploads/2025/08/0.5mm10x22-1.webp,,2026-07-29T15:49:50.238Z
https://dentalmarket.ma/product/cupule-pointe-siliconee-contre-angle/,8425,cupule-pointe-siliconee-contre-angle,"Cupule/Pointe Siliconée pour Polissage, Contre-Angle",8425,8586,G-3C,"{""attribute_granulometrie"":""Blanc/Gris"",""attribute_forme"":""N°3""}",granulometrie=Blanc/Gris | forme=N°3,10,10,,MAD,true,42,1,true,true,https://dentalmarket.ma/wp-content/uploads/2025/03/Cupule-4.png,,2026-07-29T15:49:50.238Z
https://dentalmarket.ma/product/cupule-pointe-siliconee-contre-angle/,8425,cupule-pointe-siliconee-contre-angle,"Cupule/Pointe Siliconée pour Polissage, Contre-Angle",8425,8587,G-2C,"{""attribute_granulometrie"":""Blanc/Gris"",""attribute_forme"":""N°2 (9555)""}",granulometrie=Blanc/Gris | forme=N°2 (9555),10,10,,MAD,true,409,1,true,true,https://dentalmarket.ma/wp-content/uploads/2025/03/Cupule-3.png,,2026-07-29T15:49:50.238Z
https://dentalmarket.ma/product/cupule-pointe-siliconee-contre-angle/,8425,cupule-pointe-siliconee-contre-angle,"Cupule/Pointe Siliconée pour Polissage, Contre-Angle",8425,8588,G-1C,"{""attribute_granulometrie"":""Blanc/Gris"",""attribute_forme"":""N°1 (9557)""}",granulometrie=Blanc/Gris | forme=N°1 (9557),10,10,,MAD,true,735,1,true,true,https://dentalmarket.ma/wp-content/uploads/2025/03/Cupule-5.png,,2026-07-29T15:49:50.238Z
https://dentalmarket.ma/product/dents-prothetiques-acry-rock/,8412,dents-prothetiques-acry-rock,Dents Prothétiques - ACRY ROCK,8412,8414,,"{""attribute_reference"":""S62"",""attribute_dent"":""Jeu Complet""}",reference=S62 | dent=Jeu Complet,100,100,,MAD,false,,1,true,true,https://dentalmarket.ma/wp-content/uploads/2025/08/ACRY-ROCK.webp,,2026-07-29T15:49:50.238Z
https://dentalmarket.ma/product/dents-prothetiques-acry-rock/,8412,dents-prothetiques-acry-rock,Dents Prothétiques - ACRY ROCK,8412,10324,,"{""attribute_reference"":""18"",""attribute_dent"":""Par 6 maxillaire antérieur""}",reference=18 | dent=Par 6 maxillaire antérieur,30,30,,MAD,false,,1,true,true,https://dentalmarket.ma/wp-content/uploads/2025/08/ACRY-ROCK.webp,,2026-07-29T15:49:50.238Z
https://dentalmarket.ma/product/dents-prothetiques-acry-rock/,8412,dents-prothetiques-acry-rock,Dents Prothétiques - ACRY ROCK,8412,10325,,"{""attribute_reference"":""D45"",""attribute_dent"":""Par 8 maxillaire postérieur""}",reference=D45 | dent=Par 8 maxillaire postérieur,30,30,,MAD,false,,1,true,true,https://dentalmarket.ma/wp-content/uploads/2025/08/ACRY-ROCK.webp,,2026-07-29T15:49:50.238Z
https://dentalmarket.ma/product/dents-prothetiques-unident/,5691,dents-prothetiques-unident,Dents Prothétiques - UNIDENT,5691,12192,,"{""attribute_reference"":""21"",""attribute_dent"":""Jeu Complet"",""attribute_teinte"":""A2""}",reference=21 | dent=Jeu Complet | teinte=A2,50,50,,MAD,true,,1,true,true,https://dentalmarket.ma/wp-content/uploads/2025/08/UNIDENT.webp,,2026-07-29T15:49:50.238Z
https://dentalmarket.ma/product/dents-prothetiques-unident/,5691,dents-prothetiques-unident,Dents Prothétiques - UNIDENT,5691,8966,,"{""attribute_reference"":""S64"",""attribute_dent"":""6 Du Haut"",""attribute_teinte"":""A1""}",reference=S64 | dent=6 Du Haut | teinte=A1,13,15,13,MAD,false,,1,true,true,https://dentalmarket.ma/wp-content/uploads/2025/08/UNIDENT.webp,,2026-07-29T15:49:50.238Z
https://dentalmarket.ma/product/dents-prothetiques-unident/,5691,dents-prothetiques-unident,Dents Prothétiques - UNIDENT,5691,6706,,"{""attribute_reference"":""S54"",""attribute_dent"":""6 Du Haut"",""attribute_teinte"":""A2""}",reference=S54 | dent=6 Du Haut | teinte=A2,13,15,13,MAD,true,,1,true,true,https://dentalmarket.ma/wp-content/uploads/2025/08/UNIDENT.webp,,2026-07-29T15:49:50.238Z
https://dentalmarket.ma/product/dents-prothetiques-unident/,5691,dents-prothetiques-unident,Dents Prothétiques - UNIDENT,5691,6735,,"{""attribute_reference"":""S54"",""attribute_dent"":""Jeu Complet"",""attribute_teinte"":""A2""}",reference=S54 | dent=Jeu Complet | teinte=A2,50,60,50,MAD,true,,1,true,true,https://dentalmarket.ma/wp-content/uploads/2025/08/UNIDENT.webp,,2026-07-29T15:49:50.238Z
https://dentalmarket.ma/product/charlotte/,8399,charlotte,Charlotte,8399,8402,,"{""attribute_quantite"":""Boite de 10""}",quantite=Boite de 10,8,10,8,MAD,true,,1,true,true,https://dentalmarket.ma/wp-content/uploads/2024/08/2.jpg,,2026-07-29T15:49:50.238Z
https://dentalmarket.ma/product/fraise-poire-acier-inoxydable-contre-angle/,8386,fraise-poire-acier-inoxydable-contre-angle,Fraise Poire Acier Inoxydable Contre-Angle - Odenta,8386,8387,DM-240-204,"{""attribute_pa_diametre"":""021""}",pa_diametre=021,14,15,14,MAD,true,,1,true,true,https://dentalmarket.ma/wp-content/uploads/2025/08/label_DM-240-204.png,,2026-07-29T15:49:50.238Z
https://dentalmarket.ma/product/fraise-conique-acier-inoxydable-contre-angle/,8380,fraise-conique-acier-inoxydable-contre-angle,Fraise Conique Acier Inoxydable Contre-Angle - Odenta,8380,8381,DM-239-203,"{""attribute_pa_diametre"":""021""}",pa_diametre=021,14,15,14,MAD,true,,1,true,true,https://dentalmarket.ma/wp-content/uploads/2025/08/label_DM-239-203.png,,2026-07-29T15:49:50.238Z
https://dentalmarket.ma/product/fraise-conique-acier-inoxydable-contre-angle/,8380,fraise-conique-acier-inoxydable-contre-angle,Fraise Conique Acier Inoxydable Contre-Angle - Odenta,8380,8382,DM-238-202,"{""attribute_pa_diametre"":""018""}",pa_diametre=018,14,15,14,MAD,true,,1,true,true,https://dentalmarket.ma/wp-content/uploads/2025/08/label_DM-238-202.png,,2026-07-29T15:49:50.238Z
https://dentalmarket.ma/product/fraise-conique-acier-inoxydable-contre-angle/,8380,fraise-conique-acier-inoxydable-contre-angle,Fraise Conique Acier Inoxydable Contre-Angle - Odenta,8380,8383,DM-237-201,"{""attribute_pa_diametre"":""016""}",pa_diametre=016,14,15,14,MAD,true,,1,true,true,https://dentalmarket.ma/wp-content/uploads/2025/08/label_DM-237-201.png,,2026-07-29T15:49:50.238Z
https://dentalmarket.ma/product/fraise-conique-acier-inoxydable-contre-angle/,8380,fraise-conique-acier-inoxydable-contre-angle,Fraise Conique Acier Inoxydable Contre-Angle - Odenta,8380,8384,DM-236-200,"{""attribute_pa_diametre"":""014""}",pa_diametre=014,14,15,14,MAD,true,,1,true,true,https://dentalmarket.ma/wp-content/uploads/2025/08/label_DM-236-200.png,,2026-07-29T15:49:50.238Z
https://dentalmarket.ma/product/fraise-conique-acier-inoxydable-contre-angle/,8380,fraise-conique-acier-inoxydable-contre-angle,Fraise Conique Acier Inoxydable Contre-Angle - Odenta,8380,8385,DM-235-199,"{""attribute_pa_diametre"":""006""}",pa_diametre=006,14,15,14,MAD,true,,1,true,true,https://dentalmarket.ma/wp-content/uploads/2025/08/label_DM-235-199.png,,2026-07-29T15:49:50.238Z
https://dentalmarket.ma/product/fraise-cylindrique-acier-inoxydable-contre-angle/,8371,fraise-cylindrique-acier-inoxydable-contre-angle,Fraise Cylindrique Acier Inoxydable Contre-Angle - Odenta,8371,8372,DM-234-198,"{""attribute_pa_diametre"":""021""}",pa_diametre=021,14,16,14,MAD,true,,1,true,true,https://dentalmarket.ma/wp-content/uploads/2025/08/label_DM-234-198.png,,2026-07-29T15:49:50.238Z
https://dentalmarket.ma/product/fraise-cylindrique-acier-inoxydable-contre-angle/,8371,fraise-cylindrique-acier-inoxydable-contre-angle,Fraise Cylindrique Acier Inoxydable Contre-Angle - Odenta,8371,8373,DM-233-197,"{""attribute_pa_diametre"":""018""}",pa_diametre=018,14,16,14,MAD,true,,1,true,true,https://dentalmarket.ma/wp-content/uploads/2025/08/label_DM-233-197.png,,2026-07-29T15:49:50.238Z
https://dentalmarket.ma/product/fraise-cylindrique-acier-inoxydable-contre-angle/,8371,fraise-cylindrique-acier-inoxydable-contre-angle,Fraise Cylindrique Acier Inoxydable Contre-Angle - Odenta,8371,8374,DM-232-196,"{""attribute_pa_diametre"":""016""}",pa_diametre=016,14,15,14,MAD,true,,1,true,true,https://dentalmarket.ma/wp-content/uploads/2025/08/label_DM-232-196.png,,2026-07-29T15:49:50.238Z
https://dentalmarket.ma/product/fraise-cylindrique-acier-inoxydable-contre-angle/,8371,fraise-cylindrique-acier-inoxydable-contre-angle,Fraise Cylindrique Acier Inoxydable Contre-Angle - Odenta,8371,8375,DM-231-195,"{""attribute_pa_diametre"":""014""}",pa_diametre=014,14,15,14,MAD,true,,1,true,true,https://dentalmarket.ma/wp-content/uploads/2025/08/label_DM-231-195.png,,2026-07-29T15:49:50.238Z
https://dentalmarket.ma/product/fraise-cylindrique-acier-inoxydable-contre-angle/,8371,fraise-cylindrique-acier-inoxydable-contre-angle,Fraise Cylindrique Acier Inoxydable Contre-Angle - Odenta,8371,8376,DM-230-194,"{""attribute_pa_diametre"":""012""}",pa_diametre=012,14,15,14,MAD,true,,1,true,true,https://dentalmarket.ma/wp-content/uploads/2025/08/label_DM-230-194.png,,2026-07-29T15:49:50.238Z
https://dentalmarket.ma/product/fraise-cylindrique-acier-inoxydable-contre-angle/,8371,fraise-cylindrique-acier-inoxydable-contre-angle,Fraise Cylindrique Acier Inoxydable Contre-Angle - Odenta,8371,8377,DM-229-193,"{""attribute_pa_diametre"":""010""}",pa_diametre=010,14,15,14,MAD,true,,1,true,true,https://dentalmarket.ma/wp-content/uploads/2025/08/label_DM-229-193.png,,2026-07-29T15:49:50.238Z
https://dentalmarket.ma/product/fraise-cylindrique-acier-inoxydable-contre-angle/,8371,fraise-cylindrique-acier-inoxydable-contre-angle,Fraise Cylindrique Acier Inoxydable Contre-Angle - Odenta,8371,8378,DM-228-192,"{""attribute_pa_diametre"":""008""}",pa_diametre=008,14,15,14,MAD,true,,1,true,true,https://dentalmarket.ma/wp-content/uploads/2025/08/label_DM-228-192.png,,2026-07-29T15:49:50.238Z
https://dentalmarket.ma/product/fraise-cylindrique-acier-inoxydable-contre-angle/,8371,fraise-cylindrique-acier-inoxydable-contre-angle,Fraise Cylindrique Acier Inoxydable Contre-Angle - Odenta,8371,8379,DM-227-191,"{""attribute_pa_diametre"":""006""}",pa_diametre=006,14,15,14,MAD,true,,1,true,true,https://dentalmarket.ma/wp-content/uploads/2025/08/label_DM-227-191.png,,2026-07-29T15:49:50.238Z
https://dentalmarket.ma/product/fraise-boule-longue-acier-inoxydable-contre-angle/,8368,fraise-boule-longue-acier-inoxydable-contre-angle,Fraise Boule Longue Acier Inoxydable Contre-Angle - Odenta,8368,8369,DM-224-190,"{""attribute_pa_diametre"":""012""}",pa_diametre=012,18,20,18,MAD,true,,1,true,true,https://dentalmarket.ma/wp-content/uploads/2025/08/label_DM-224-190.png,,2026-07-29T15:49:50.238Z
https://dentalmarket.ma/product/fraise-boule-longue-acier-inoxydable-contre-angle/,8368,fraise-boule-longue-acier-inoxydable-contre-angle,Fraise Boule Longue Acier Inoxydable Contre-Angle - Odenta,8368,8370,DM-222-189,"{""attribute_pa_diametre"":""010""}",pa_diametre=010,18,20,18,MAD,true,,1,true,true,https://dentalmarket.ma/wp-content/uploads/2025/08/label_DM-222-189.png,,2026-07-29T15:49:50.238Z
https://dentalmarket.ma/product/fraise-boule-acier-inoxydable-contre-angle/,8360,fraise-boule-acier-inoxydable-contre-angle,Fraise Boule Acier Inoxydable Contre-Angle - Odenta,8360,8361,DM-226-169,"{""attribute_pa_diametre"":""018""}",pa_diametre=018,14,16,14,MAD,true,,1,true,true,https://dentalmarket.ma/wp-content/uploads/2025/08/label_DM-226-169.png,,2026-07-29T15:49:50.238Z
https://dentalmarket.ma/product/fraise-boule-acier-inoxydable-contre-angle/,8360,fraise-boule-acier-inoxydable-contre-angle,Fraise Boule Acier Inoxydable Contre-Angle - Odenta,8360,8363,DM-225-167,"{""attribute_pa_diametre"":""014""}",pa_diametre=014,14,16,14,MAD,true,,1,true,true,https://dentalmarket.ma/wp-content/uploads/2025/08/label_DM-225-167.png,,2026-07-29T15:49:50.238Z
https://dentalmarket.ma/product/fraise-boule-acier-inoxydable-contre-angle/,8360,fraise-boule-acier-inoxydable-contre-angle,Fraise Boule Acier Inoxydable Contre-Angle - Odenta,8360,8364,DM-223-166,"{""attribute_pa_diametre"":""012""}",pa_diametre=012,14,16,14,MAD,true,,1,true,true,https://dentalmarket.ma/wp-content/uploads/2025/08/label_DM-223-166.png,,2026-07-29T15:49:50.238Z
https://dentalmarket.ma/product/fraise-boule-acier-inoxydable-contre-angle/,8360,fraise-boule-acier-inoxydable-contre-angle,Fraise Boule Acier Inoxydable Contre-Angle - Odenta,8360,8365,DM-221-165,"{""attribute_pa_diametre"":""010""}",pa_diametre=010,14,16,14,MAD,true,,1,true,true,https://dentalmarket.ma/wp-content/uploads/2025/08/label_DM-221-165.png,,2026-07-29T15:49:50.238Z
https://dentalmarket.ma/product/fraise-boule-acier-inoxydable-contre-angle/,8360,fraise-boule-acier-inoxydable-contre-angle,Fraise Boule Acier Inoxydable Contre-Angle - Odenta,8360,8366,DM-220-188,"{""attribute_pa_diametre"":""009""}",pa_diametre=009,14,16,14,MAD,true,,1,true,true,https://dentalmarket.ma/wp-content/uploads/2025/08/label_DM-220-188.png,,2026-07-29T15:49:50.238Z
https://dentalmarket.ma/product/fraise-boule-acier-inoxydable-contre-angle/,8360,fraise-boule-acier-inoxydable-contre-angle,Fraise Boule Acier Inoxydable Contre-Angle - Odenta,8360,8367,DM-219-164,"{""attribute_pa_diametre"":""008""}",pa_diametre=008,14,16,14,MAD,true,,1,true,true,https://dentalmarket.ma/wp-content/uploads/2025/08/label_DM-219-164.png,,2026-07-29T15:49:50.238Z
https://dentalmarket.ma/product/fraise-boule-longue-carbure-de-tungstene-contre-angle/,8357,fraise-boule-longue-carbure-de-tungstene-contre-angle,Fraise Boule Longue Carbure de Tungstène Contre-Angle - Odenta,8357,8358,DM-190-190,"{""attribute_pa_diametre"":""012""}",pa_diametre=012,23,25,23,MAD,true,76,1,true,true,https://dentalmarket.ma/wp-content/uploads/2025/08/label_DM-190-190.png,,2026-07-29T15:49:50.238Z
https://dentalmarket.ma/product/fraise-boule-longue-carbure-de-tungstene-contre-angle/,8357,fraise-boule-longue-carbure-de-tungstene-contre-angle,Fraise Boule Longue Carbure de Tungstène Contre-Angle - Odenta,8357,8359,DM-189-189,"{""attribute_pa_diametre"":""010""}",pa_diametre=010,23,25,23,MAD,true,36,1,true,true,https://dentalmarket.ma/wp-content/uploads/2025/08/label_DM-189-189.png,,2026-07-29T15:49:50.238Z
https://dentalmarket.ma/product/fraise-poire-carbure-de-tungstene-contre-angle/,8355,fraise-poire-carbure-de-tungstene-contre-angle,Fraise Poire Carbure de Tungstène Contre-Angle - Odenta,8355,8356,DM-204-204,"{""attribute_pa_diametre"":""021""}",pa_diametre=021,18,20,18,MAD,true,436,1,true,true,https://dentalmarket.ma/wp-content/uploads/2025/08/label_DM-204-204.png,,2026-07-29T15:49:50.238Z
https://dentalmarket.ma/product/fraise-conique-carbure-de-tungstene-contre-angle/,8349,fraise-conique-carbure-de-tungstene-contre-angle,Fraise Conique Carbure de Tungstène Contre-Angle - Odenta,8349,8350,DM-203-203,"{""attribute_pa_diametre"":""021""}",pa_diametre=021,18,20,18,MAD,true,555,1,true,true,https://dentalmarket.ma/wp-content/uploads/2025/08/label_DM-203-203.png,,2026-07-29T15:49:50.238Z
https://dentalmarket.ma/product/fraise-conique-carbure-de-tungstene-contre-angle/,8349,fraise-conique-carbure-de-tungstene-contre-angle,Fraise Conique Carbure de Tungstène Contre-Angle - Odenta,8349,8351,DM-202-202,"{""attribute_pa_diametre"":""018""}",pa_diametre=018,18,20,18,MAD,true,185,1,true,true,https://dentalmarket.ma/wp-content/uploads/2025/08/label_DM-202-202.png,,2026-07-29T15:49:50.238Z
https://dentalmarket.ma/product/fraise-conique-carbure-de-tungstene-contre-angle/,8349,fraise-conique-carbure-de-tungstene-contre-angle,Fraise Conique Carbure de Tungstène Contre-Angle - Odenta,8349,8352,DM-201-201,"{""attribute_pa_diametre"":""016""}",pa_diametre=016,18,20,18,MAD,true,200,1,true,true,https://dentalmarket.ma/wp-content/uploads/2025/08/label_DM-201-201.png,,2026-07-29T15:49:50.238Z
https://dentalmarket.ma/product/fraise-conique-carbure-de-tungstene-contre-angle/,8349,fraise-conique-carbure-de-tungstene-contre-angle,Fraise Conique Carbure de Tungstène Contre-Angle - Odenta,8349,8353,DM-200-200,"{""attribute_pa_diametre"":""014""}",pa_diametre=014,18,20,18,MAD,true,37,1,true,true,https://dentalmarket.ma/wp-content/uploads/2025/08/label_DM-200-200.png,,2026-07-29T15:49:50.238Z
https://dentalmarket.ma/product/fraise-conique-carbure-de-tungstene-contre-angle/,8349,fraise-conique-carbure-de-tungstene-contre-angle,Fraise Conique Carbure de Tungstène Contre-Angle - Odenta,8349,8354,DM-199-199,"{""attribute_pa_diametre"":""006""}",pa_diametre=006,18,20,18,MAD,true,91,1,true,true,https://dentalmarket.ma/wp-content/uploads/2025/08/label_DM-199-199.png,,2026-07-29T15:49:50.238Z
https://dentalmarket.ma/product/fraise-cylindrique-carbure-de-tungstene-contre-angle/,8340,fraise-cylindrique-carbure-de-tungstene-contre-angle,Fraise Cylindrique Carbure de Tungstène Contre-Angle - Odenta,8340,8341,DM-198-198,"{""attribute_pa_diametre"":""021""}",pa_diametre=021,18,20,18,MAD,true,144,1,true,true,https://dentalmarket.ma/wp-content/uploads/2025/08/label_DM-198-198.png,,2026-07-29T15:49:50.238Z
https://dentalmarket.ma/product/fraise-cylindrique-carbure-de-tungstene-contre-angle/,8340,fraise-cylindrique-carbure-de-tungstene-contre-angle,Fraise Cylindrique Carbure de Tungstène Contre-Angle - Odenta,8340,8342,DM-197-197,"{""attribute_pa_diametre"":""018""}",pa_diametre=018,18,20,18,MAD,true,244,1,true,true,https://dentalmarket.ma/wp-content/uploads/2025/08/label_DM-197-197.png,,2026-07-29T15:49:50.238Z
https://dentalmarket.ma/product/fraise-cylindrique-carbure-de-tungstene-contre-angle/,8340,fraise-cylindrique-carbure-de-tungstene-contre-angle,Fraise Cylindrique Carbure de Tungstène Contre-Angle - Odenta,8340,8343,DM-196-196,"{""attribute_pa_diametre"":""016""}",pa_diametre=016,18,20,18,MAD,true,385,1,true,true,https://dentalmarket.ma/wp-content/uploads/2025/08/label_DM-196-196.png,,2026-07-29T15:49:50.238Z
https://dentalmarket.ma/product/fraise-cylindrique-carbure-de-tungstene-contre-angle/,8340,fraise-cylindrique-carbure-de-tungstene-contre-angle,Fraise Cylindrique Carbure de Tungstène Contre-Angle - Odenta,8340,8344,DM-195-195,"{""attribute_pa_diametre"":""014""}",pa_diametre=014,18,20,18,MAD,true,45,1,true,true,https://dentalmarket.ma/wp-content/uploads/2025/08/label_DM-195-195.png,,2026-07-29T15:49:50.238Z
https://dentalmarket.ma/product/fraise-cylindrique-carbure-de-tungstene-contre-angle/,8340,fraise-cylindrique-carbure-de-tungstene-contre-angle,Fraise Cylindrique Carbure de Tungstène Contre-Angle - Odenta,8340,8345,DM-194-194,"{""attribute_pa_diametre"":""012""}",pa_diametre=012,18,20,18,MAD,true,100,1,true,true,https://dentalmarket.ma/wp-content/uploads/2025/08/label_DM-194-194.png,,2026-07-29T15:49:50.238Z
https://dentalmarket.ma/product/fraise-cylindrique-carbure-de-tungstene-contre-angle/,8340,fraise-cylindrique-carbure-de-tungstene-contre-angle,Fraise Cylindrique Carbure de Tungstène Contre-Angle - Odenta,8340,8346,DM-193-193,"{""attribute_pa_diametre"":""010""}",pa_diametre=010,18,20,18,MAD,true,445,1,true,true,https://dentalmarket.ma/wp-content/uploads/2025/08/label_DM-193-193.png,,2026-07-29T15:49:50.238Z
https://dentalmarket.ma/product/fraise-cylindrique-carbure-de-tungstene-contre-angle/,8340,fraise-cylindrique-carbure-de-tungstene-contre-angle,Fraise Cylindrique Carbure de Tungstène Contre-Angle - Odenta,8340,8347,DM-192-192,"{""attribute_pa_diametre"":""008""}",pa_diametre=008,18,20,18,MAD,true,77,1,true,true,https://dentalmarket.ma/wp-content/uploads/2025/08/label_DM-192-192.png,,2026-07-29T15:49:50.238Z
https://dentalmarket.ma/product/fraise-cylindrique-carbure-de-tungstene-contre-angle/,8340,fraise-cylindrique-carbure-de-tungstene-contre-angle,Fraise Cylindrique Carbure de Tungstène Contre-Angle - Odenta,8340,8348,DM-191-191,"{""attribute_pa_diametre"":""006""}",pa_diametre=006,18,20,18,MAD,false,,1,true,true,https://dentalmarket.ma/wp-content/uploads/2025/08/label_DM-191-191.png,,2026-07-29T15:49:50.238Z
https://dentalmarket.ma/product/fraise-conique-carbure-de-tungstene-cross-cut-contre-angle/,8331,fraise-conique-carbure-de-tungstene-cross-cut-contre-angle,Fraise Conique Carbure de Tungstène (Cross-Cut) Contre-Angle - Odenta,8331,8332,DM-185-185,"{""attribute_pa_diametre"":""023""}",pa_diametre=023,18,20,18,MAD,true,50,1,true,true,https://dentalmarket.ma/wp-content/uploads/2025/08/label_DM-185-185.png,,2026-07-29T15:49:50.238Z
https://dentalmarket.ma/product/fraise-conique-carbure-de-tungstene-cross-cut-contre-angle/,8331,fraise-conique-carbure-de-tungstene-cross-cut-contre-angle,Fraise Conique Carbure de Tungstène (Cross-Cut) Contre-Angle - Odenta,8331,8335,DM-182-182,"{""attribute_pa_diametre"":""016""}",pa_diametre=016,18,20,18,MAD,true,50,1,true,true,https://dentalmarket.ma/wp-content/uploads/2025/08/label_DM-182-182.png,,2026-07-29T15:49:50.238Z
https://dentalmarket.ma/product/fraise-conique-carbure-de-tungstene-cross-cut-contre-angle/,8331,fraise-conique-carbure-de-tungstene-cross-cut-contre-angle,Fraise Conique Carbure de Tungstène (Cross-Cut) Contre-Angle - Odenta,8331,8337,DM-180-180,"{""attribute_pa_diametre"":""012""}",pa_diametre=012,18,20,18,MAD,true,61,1,true,true,https://dentalmarket.ma/wp-content/uploads/2025/08/label_DM-180-180.png,,2026-07-29T15:49:50.238Z
https://dentalmarket.ma/product/fraise-conique-carbure-de-tungstene-cross-cut-contre-angle/,8331,fraise-conique-carbure-de-tungstene-cross-cut-contre-angle,Fraise Conique Carbure de Tungstène (Cross-Cut) Contre-Angle - Odenta,8331,8338,DM-179-179,"{""attribute_pa_diametre"":""010""}",pa_diametre=010,18,20,18,MAD,true,11,1,true,true,https://dentalmarket.ma/wp-content/uploads/2025/08/label_DM-179-179.png,,2026-07-29T15:49:50.238Z
https://dentalmarket.ma/product/fraise-cylindrique-carbure-de-tungstene-cross-cut-contre-angle/,8323,fraise-cylindrique-carbure-de-tungstene-cross-cut-contre-angle,Fraise Cylindrique Carbure de Tungstène (Cross Cut) Contre-Angle - Odenta,8323,8324,DM-178-178,"{""attribute_pa_diametre"":""021""}",pa_diametre=021,18,20,18,MAD,true,155,1,true,true,https://dentalmarket.ma/wp-content/uploads/2025/08/label_DM-178-178.png,,2026-07-29T15:49:50.238Z
https://dentalmarket.ma/product/fraise-cylindrique-carbure-de-tungstene-cross-cut-contre-angle/,8323,fraise-cylindrique-carbure-de-tungstene-cross-cut-contre-angle,Fraise Cylindrique Carbure de Tungstène (Cross Cut) Contre-Angle - Odenta,8323,8325,DM-177-177,"{""attribute_pa_diametre"":""018""}",pa_diametre=018,18,20,18,MAD,true,50,1,true,true,https://dentalmarket.ma/wp-content/uploads/2025/08/label_DM-177-177.png,,2026-07-29T15:49:50.238Z
https://dentalmarket.ma/product/fraise-cylindrique-carbure-de-tungstene-cross-cut-contre-angle/,8323,fraise-cylindrique-carbure-de-tungstene-cross-cut-contre-angle,Fraise Cylindrique Carbure de Tungstène (Cross Cut) Contre-Angle - Odenta,8323,8326,DM-176-176,"{""attribute_pa_diametre"":""016""}",pa_diametre=016,18,20,18,MAD,true,50,1,true,true,https://dentalmarket.ma/wp-content/uploads/2025/08/label_DM-176-176.png,,2026-07-29T15:49:50.238Z
https://dentalmarket.ma/product/fraise-cylindrique-carbure-de-tungstene-cross-cut-contre-angle/,8323,fraise-cylindrique-carbure-de-tungstene-cross-cut-contre-angle,Fraise Cylindrique Carbure de Tungstène (Cross Cut) Contre-Angle - Odenta,8323,8327,DM-175-175,"{""attribute_pa_diametre"":""014""}",pa_diametre=014,18,20,18,MAD,true,133,1,true,true,https://dentalmarket.ma/wp-content/uploads/2025/08/label_DM-175-175.png,,2026-07-29T15:49:50.238Z
https://dentalmarket.ma/product/fraise-cylindrique-carbure-de-tungstene-cross-cut-contre-angle/,8323,fraise-cylindrique-carbure-de-tungstene-cross-cut-contre-angle,Fraise Cylindrique Carbure de Tungstène (Cross Cut) Contre-Angle - Odenta,8323,8328,DM-174-174,"{""attribute_pa_diametre"":""012""}",pa_diametre=012,18,20,18,MAD,true,135,1,true,true,https://dentalmarket.ma/wp-content/uploads/2025/08/label_DM-174-174.png,,2026-07-29T15:49:50.238Z
https://dentalmarket.ma/product/fraise-cylindrique-carbure-de-tungstene-cross-cut-contre-angle/,8323,fraise-cylindrique-carbure-de-tungstene-cross-cut-contre-angle,Fraise Cylindrique Carbure de Tungstène (Cross Cut) Contre-Angle - Odenta,8323,8329,DM-173-173,"{""attribute_pa_diametre"":""010""}",pa_diametre=010,18,20,18,MAD,true,260,1,true,true,https://dentalmarket.ma/wp-content/uploads/2025/08/label_DM-173-173.png,,2026-07-29T15:49:50.238Z
https://dentalmarket.ma/product/fraise-cylindrique-carbure-de-tungstene-cross-cut-contre-angle/,8323,fraise-cylindrique-carbure-de-tungstene-cross-cut-contre-angle,Fraise Cylindrique Carbure de Tungstène (Cross Cut) Contre-Angle - Odenta,8323,8330,DM-172-172,"{""attribute_pa_diametre"":""009""}",pa_diametre=009,18,20,18,MAD,true,218,1,true,true,https://dentalmarket.ma/wp-content/uploads/2025/08/label_DM-172-172.png,,2026-07-29T15:49:50.238Z
https://dentalmarket.ma/product/fraise-boule-carbure-de-tungstene-contre-angle/,8314,fraise-boule-carbure-de-tungstene-contre-angle,Fraise Boule Carbure de Tungstène Contre-Angle - Odenta,8314,8339,DM-188-188,"{""attribute_pa_diametre"":""009""}",pa_diametre=009,18,20,18,MAD,true,600,1,true,true,https://dentalmarket.ma/wp-content/uploads/2025/08/label_DM-188-188.png,,2026-07-29T15:49:50.238Z
https://dentalmarket.ma/product/fraise-boule-carbure-de-tungstene-contre-angle/,8314,fraise-boule-carbure-de-tungstene-contre-angle,Fraise Boule Carbure de Tungstène Contre-Angle - Odenta,8314,8315,DM-171-171,"{""attribute_pa_diametre"":""023""}",pa_diametre=023,18,20,18,MAD,true,8,1,true,true,https://dentalmarket.ma/wp-content/uploads/2025/08/label_DM-171-171.png,,2026-07-29T15:49:50.238Z
https://dentalmarket.ma/product/fraise-boule-carbure-de-tungstene-contre-angle/,8314,fraise-boule-carbure-de-tungstene-contre-angle,Fraise Boule Carbure de Tungstène Contre-Angle - Odenta,8314,8316,DM-170-170,"{""attribute_pa_diametre"":""021""}",pa_diametre=021,18,20,18,MAD,true,5,1,true,true,https://dentalmarket.ma/wp-content/uploads/2025/08/label_DM-170-170.png,,2026-07-29T15:49:50.238Z
https://dentalmarket.ma/product/fraise-boule-carbure-de-tungstene-contre-angle/,8314,fraise-boule-carbure-de-tungstene-contre-angle,Fraise Boule Carbure de Tungstène Contre-Angle - Odenta,8314,8317,DM-169-169,"{""attribute_pa_diametre"":""018""}",pa_diametre=018,18,20,18,MAD,true,197,1,true,true,https://dentalmarket.ma/wp-content/uploads/2025/08/label_DM-169-169.png,,2026-07-29T15:49:50.238Z
https://dentalmarket.ma/product/fraise-boule-carbure-de-tungstene-contre-angle/,8314,fraise-boule-carbure-de-tungstene-contre-angle,Fraise Boule Carbure de Tungstène Contre-Angle - Odenta,8314,8318,DM-168-168,"{""attribute_pa_diametre"":""016""}",pa_diametre=016,18,20,18,MAD,true,303,1,true,true,https://dentalmarket.ma/wp-content/uploads/2025/08/label_DM-168-168.png,,2026-07-29T15:49:50.238Z
https://dentalmarket.ma/product/fraise-boule-carbure-de-tungstene-contre-angle/,8314,fraise-boule-carbure-de-tungstene-contre-angle,Fraise Boule Carbure de Tungstène Contre-Angle - Odenta,8314,8319,DM-167-167,"{""attribute_pa_diametre"":""014""}",pa_diametre=014,18,20,18,MAD,true,785,1,true,true,https://dentalmarket.ma/wp-content/uploads/2025/08/label_DM-167-167.png,,2026-07-29T15:49:50.238Z
https://dentalmarket.ma/product/fraise-boule-carbure-de-tungstene-contre-angle/,8314,fraise-boule-carbure-de-tungstene-contre-angle,Fraise Boule Carbure de Tungstène Contre-Angle - Odenta,8314,8320,DM-166-166,"{""attribute_pa_diametre"":""012""}",pa_diametre=012,18,20,18,MAD,true,1062,1,true,true,https://dentalmarket.ma/wp-content/uploads/2025/08/label_DM-166-166.png,,2026-07-29T15:49:50.238Z
https://dentalmarket.ma/product/fraise-boule-carbure-de-tungstene-contre-angle/,8314,fraise-boule-carbure-de-tungstene-contre-angle,Fraise Boule Carbure de Tungstène Contre-Angle - Odenta,8314,8321,DM-165-165,"{""attribute_pa_diametre"":""010""}",pa_diametre=010,18,20,18,MAD,true,205,1,true,true,https://dentalmarket.ma/wp-content/uploads/2025/08/label_DM-165-165.png,,2026-07-29T15:49:50.238Z
https://dentalmarket.ma/product/fraise-boule-carbure-de-tungstene-contre-angle/,8314,fraise-boule-carbure-de-tungstene-contre-angle,Fraise Boule Carbure de Tungstène Contre-Angle - Odenta,8314,8322,DM-164-164,"{""attribute_pa_diametre"":""008""}",pa_diametre=008,18,20,18,MAD,true,75,1,true,true,https://dentalmarket.ma/wp-content/uploads/2025/08/label_DM-164-164.png,,2026-07-29T15:49:50.238Z
https://dentalmarket.ma/product/fraise-boule-longue-carbure-de-tungstene-turbine/,8311,fraise-boule-longue-carbure-de-tungstene-turbine,Fraise Boule Longue Carbure de Tungstène Turbine - Odenta,8311,8312,DM-157-158,"{""attribute_pa_diametre"":""016""}",pa_diametre=016,20,23,20,MAD,true,49,1,true,true,https://dentalmarket.ma/wp-content/uploads/2025/08/label_DM-157-158.png,,2026-07-29T15:49:50.238Z
https://dentalmarket.ma/product/fraise-boule-longue-carbure-de-tungstene-turbine/,8311,fraise-boule-longue-carbure-de-tungstene-turbine,Fraise Boule Longue Carbure de Tungstène Turbine - Odenta,8311,8313,DM-154-155,"{""attribute_pa_diametre"":""014""}",pa_diametre=014,20,23,20,MAD,true,48,1,true,true,https://dentalmarket.ma/wp-content/uploads/2025/08/label_DM-154-155.png,,2026-07-29T15:49:50.238Z
https://dentalmarket.ma/product/fraise-cylindrique-carbure-de-tungstene-cross-cut-turbine/,8306,fraise-cylindrique-carbure-de-tungstene-cross-cut-turbine,Fraise Cylindrique Carbure de Tungstène (Cross Cut) Turbine - Odenta,8306,8307,DM-163-163,"{""attribute_pa_diametre"":""012""}",pa_diametre=012,15,18,15,MAD,true,399,1,true,true,https://dentalmarket.ma/wp-content/uploads/2025/08/label_DM-163-163.png,,2026-07-29T15:49:50.238Z
https://dentalmarket.ma/product/fraise-cylindrique-carbure-de-tungstene-cross-cut-turbine/,8306,fraise-cylindrique-carbure-de-tungstene-cross-cut-turbine,Fraise Cylindrique Carbure de Tungstène (Cross Cut) Turbine - Odenta,8306,8308,DM-162-162,"{""attribute_pa_diametre"":""010""}",pa_diametre=010,15,18,15,MAD,true,635,1,true,true,https://dentalmarket.ma/wp-content/uploads/2025/08/label_DM-162-162.png,,2026-07-29T15:49:50.238Z
https://dentalmarket.ma/product/fraise-cylindrique-carbure-de-tungstene-cross-cut-turbine/,8306,fraise-cylindrique-carbure-de-tungstene-cross-cut-turbine,Fraise Cylindrique Carbure de Tungstène (Cross Cut) Turbine - Odenta,8306,8309,DM-161-161,"{""attribute_pa_diametre"":""009""}",pa_diametre=009,15,18,15,MAD,true,82,1,true,true,https://dentalmarket.ma/wp-content/uploads/2025/08/label_DM-161-161.png,,2026-07-29T15:49:50.238Z
https://dentalmarket.ma/product/fraise-cylindrique-carbure-de-tungstene-cross-cut-turbine/,8306,fraise-cylindrique-carbure-de-tungstene-cross-cut-turbine,Fraise Cylindrique Carbure de Tungstène (Cross Cut) Turbine - Odenta,8306,8310,DM-160-160,"{""attribute_pa_diametre"":""008""}",pa_diametre=008,15,18,15,MAD,true,245,1,true,true,https://dentalmarket.ma/wp-content/uploads/2025/08/label_DM-160-160.png,,2026-07-29T15:49:50.238Z
https://dentalmarket.ma/product/fraise-boule-carbure-de-tungstene-turbine/,8298,fraise-boule-carbure-de-tungstene-turbine,Fraise Boule Carbure de Tungstène Turbine - Odenta,8298,8299,DM-159-159,"{""attribute_pa_diametre"":""018""}",pa_diametre=018,15,18,15,MAD,true,144,1,true,true,https://dentalmarket.ma/wp-content/uploads/2025/08/label_DM-159-159.png,,2026-07-29T15:49:50.238Z
https://dentalmarket.ma/product/fraise-boule-carbure-de-tungstene-turbine/,8298,fraise-boule-carbure-de-tungstene-turbine,Fraise Boule Carbure de Tungstène Turbine - Odenta,8298,8300,DM-156-156,"{""attribute_pa_diametre"":""016""}",pa_diametre=016,15,18,15,MAD,true,291,1,true,true,https://dentalmarket.ma/wp-content/uploads/2025/08/label_DM-156-156.png,,2026-07-29T15:49:50.238Z
https://dentalmarket.ma/product/fraise-boule-carbure-de-tungstene-turbine/,8298,fraise-boule-carbure-de-tungstene-turbine,Fraise Boule Carbure de Tungstène Turbine - Odenta,8298,8301,DM-153-153,"{""attribute_pa_diametre"":""014""}",pa_diametre=014,15,18,15,MAD,true,264,1,true,true,https://dentalmarket.ma/wp-content/uploads/2025/08/label_DM-153-153.png,,2026-07-29T15:49:50.238Z
https://dentalmarket.ma/product/fraise-boule-carbure-de-tungstene-turbine/,8298,fraise-boule-carbure-de-tungstene-turbine,Fraise Boule Carbure de Tungstène Turbine - Odenta,8298,8302,DM-152-152,"{""attribute_pa_diametre"":""012""}",pa_diametre=012,15,18,15,MAD,true,311,1,true,true,https://dentalmarket.ma/wp-content/uploads/2025/08/label_DM-152-152.png,,2026-07-29T15:49:50.238Z
https://dentalmarket.ma/product/fraise-boule-carbure-de-tungstene-turbine/,8298,fraise-boule-carbure-de-tungstene-turbine,Fraise Boule Carbure de Tungstène Turbine - Odenta,8298,8303,DM-151-151,"{""attribute_pa_diametre"":""010""}",pa_diametre=010,15,18,15,MAD,true,243,1,true,true,https://dentalmarket.ma/wp-content/uploads/2025/08/label_DM-151-151.png,,2026-07-29T15:49:50.238Z
https://dentalmarket.ma/product/fraise-boule-carbure-de-tungstene-turbine/,8298,fraise-boule-carbure-de-tungstene-turbine,Fraise Boule Carbure de Tungstène Turbine - Odenta,8298,8304,DM-150-150,"{""attribute_pa_diametre"":""009""}",pa_diametre=009,15,18,15,MAD,true,100,1,true,true,https://dentalmarket.ma/wp-content/uploads/2025/08/label_DM-150-150.png,,2026-07-29T15:49:50.238Z
https://dentalmarket.ma/product/fraise-boule-carbure-de-tungstene-turbine/,8298,fraise-boule-carbure-de-tungstene-turbine,Fraise Boule Carbure de Tungstène Turbine - Odenta,8298,8305,DM-149-149,"{""attribute_pa_diametre"":""008""}",pa_diametre=008,15,18,15,MAD,true,159,1,true,true,https://dentalmarket.ma/wp-content/uploads/2025/08/label_DM-149-149.png,,2026-07-29T15:49:50.238Z
https://dentalmarket.ma/product/fraise-conge-conique-a-bout-rond-diamantee-contre-angle/,8129,fraise-conge-conique-a-bout-rond-diamantee-contre-angle,Fraise Congé/Conique à Bout Rond Diamantée Contre-Angle,8129,8130,DM-105-105,"{""attribute_bague"":""Jaune"",""attribute_diametre"":""018""}",bague=Jaune | diametre=018,10,13,10,MAD,true,97,1,true,true,https://dentalmarket.ma/wp-content/uploads/2025/08/label_DM-105-105.png,,2026-07-29T15:49:50.238Z
https://dentalmarket.ma/product/fraise-conge-conique-a-bout-rond-diamantee-contre-angle/,8129,fraise-conge-conique-a-bout-rond-diamantee-contre-angle,Fraise Congé/Conique à Bout Rond Diamantée Contre-Angle,8129,8131,DM-106-106,"{""attribute_bague"":""Rouge"",""attribute_diametre"":""016""}",bague=Rouge | diametre=016,10,13,10,MAD,true,18,1,true,true,https://dentalmarket.ma/wp-content/uploads/2025/08/label_DM-106-106.png,,2026-07-29T15:49:50.238Z
https://dentalmarket.ma/product/fraise-conge-conique-a-bout-rond-diamantee-contre-angle/,8129,fraise-conge-conique-a-bout-rond-diamantee-contre-angle,Fraise Congé/Conique à Bout Rond Diamantée Contre-Angle,8129,8132,DM-107-107,"{""attribute_bague"":""Rouge"",""attribute_diametre"":""018""}",bague=Rouge | diametre=018,10,13,10,MAD,true,70,1,true,true,https://dentalmarket.ma/wp-content/uploads/2025/08/label_DM-107-107.png,,2026-07-29T15:49:50.238Z
https://dentalmarket.ma/product/fraise-conge-conique-a-bout-rond-diamantee-contre-angle/,8129,fraise-conge-conique-a-bout-rond-diamantee-contre-angle,Fraise Congé/Conique à Bout Rond Diamantée Contre-Angle,8129,8133,DM-108-108,"{""attribute_bague"":""Rouge"",""attribute_diametre"":""021""}",bague=Rouge | diametre=021,10,13,10,MAD,true,132,1,true,true,https://dentalmarket.ma/wp-content/uploads/2025/08/label_DM-108-108.png,,2026-07-29T15:49:50.238Z
https://dentalmarket.ma/product/fraise-conge-conique-a-bout-rond-diamantee-contre-angle/,8129,fraise-conge-conique-a-bout-rond-diamantee-contre-angle,Fraise Congé/Conique à Bout Rond Diamantée Contre-Angle,8129,8134,DM-109-109,"{""attribute_bague"":""Bleu"",""attribute_diametre"":""012""}",bague=Bleu | diametre=012,10,13,10,MAD,true,144,1,true,true,https://dentalmarket.ma/wp-content/uploads/2025/08/label_DM-109-109.png,,2026-07-29T15:49:50.238Z
https://dentalmarket.ma/product/fraise-conge-conique-a-bout-rond-diamantee-contre-angle/,8129,fraise-conge-conique-a-bout-rond-diamantee-contre-angle,Fraise Congé/Conique à Bout Rond Diamantée Contre-Angle,8129,8135,DM-110-110,"{""attribute_bague"":""Bleu"",""attribute_diametre"":""014""}",bague=Bleu | diametre=014,10,13,10,MAD,true,100,1,true,true,https://dentalmarket.ma/wp-content/uploads/2025/08/label_DM-110-110.png,,2026-07-29T15:49:50.238Z
https://dentalmarket.ma/product/fraise-conge-conique-a-bout-rond-diamantee-contre-angle/,8129,fraise-conge-conique-a-bout-rond-diamantee-contre-angle,Fraise Congé/Conique à Bout Rond Diamantée Contre-Angle,8129,8136,DM-111-111,"{""attribute_bague"":""Bleu"",""attribute_diametre"":""016""}",bague=Bleu | diametre=016,10,13,10,MAD,true,197,1,true,true,https://dentalmarket.ma/wp-content/uploads/2025/08/label_DM-111-111.png,,2026-07-29T15:49:50.238Z
https://dentalmarket.ma/product/fraise-conge-conique-a-bout-rond-diamantee-contre-angle/,8129,fraise-conge-conique-a-bout-rond-diamantee-contre-angle,Fraise Congé/Conique à Bout Rond Diamantée Contre-Angle,8129,8137,DM-112-112,"{""attribute_bague"":""Bleu"",""attribute_diametre"":""018""}",bague=Bleu | diametre=018,10,13,10,MAD,true,231,1,true,true,https://dentalmarket.ma/wp-content/uploads/2025/08/label_DM-112-112.png,,2026-07-29T15:49:50.238Z
https://dentalmarket.ma/product/fraise-conge-conique-a-bout-rond-diamantee-contre-angle/,8129,fraise-conge-conique-a-bout-rond-diamantee-contre-angle,Fraise Congé/Conique à Bout Rond Diamantée Contre-Angle,8129,8138,DM-113-113,"{""attribute_bague"":""Bleu"",""attribute_diametre"":""021""}",bague=Bleu | diametre=021,10,13,10,MAD,true,303,1,true,true,https://dentalmarket.ma/wp-content/uploads/2025/08/label_DM-113-113.png,,2026-07-29T15:49:50.238Z
https://dentalmarket.ma/product/fraise-conge-conique-a-bout-rond-diamantee-contre-angle/,8129,fraise-conge-conique-a-bout-rond-diamantee-contre-angle,Fraise Congé/Conique à Bout Rond Diamantée Contre-Angle,8129,8139,DM-114-114,"{""attribute_bague"":""Verte"",""attribute_diametre"":""012""}",bague=Verte | diametre=012,10,13,10,MAD,true,222,1,true,true,https://dentalmarket.ma/wp-content/uploads/2025/08/label_DM-114-114.png,,2026-07-29T15:49:50.238Z
https://dentalmarket.ma/product/fraise-conge-conique-a-bout-rond-diamantee-contre-angle/,8129,fraise-conge-conique-a-bout-rond-diamantee-contre-angle,Fraise Congé/Conique à Bout Rond Diamantée Contre-Angle,8129,8140,DM-115-115,"{""attribute_bague"":""Verte"",""attribute_diametre"":""016""}",bague=Verte | diametre=016,10,13,10,MAD,true,156,1,true,true,https://dentalmarket.ma/wp-content/uploads/2025/08/label_DM-115-115.png,,2026-07-29T15:49:50.238Z
https://dentalmarket.ma/product/fraise-conge-conique-a-bout-rond-diamantee-contre-angle/,8129,fraise-conge-conique-a-bout-rond-diamantee-contre-angle,Fraise Congé/Conique à Bout Rond Diamantée Contre-Angle,8129,8141,DM-116-116,"{""attribute_bague"":""Verte"",""attribute_diametre"":""021""}",bague=Verte | diametre=021,10,13,10,MAD,true,21,1,true,true,https://dentalmarket.ma/wp-content/uploads/2025/08/label_DM-116-116.png,,2026-07-29T15:49:50.238Z
https://dentalmarket.ma/product/lime-c-pro/,8012,lime-c-pro,Lime C PRO - ROGIN,8012,8014,,"{""attribute_longueur"":""31mm"",""attribute_n"":""Assortiment (6 limes) - #06,#06,#08,#08,#10,#10""}","longueur=31mm | n=Assortiment (6 limes) - #06,#06,#08,#08,#10,#10",95,95,,MAD,false,,1,true,true,https://dentalmarket.ma/wp-content/uploads/2025/08/Lime-C.webp,,2026-07-29T15:49:50.238Z
https://dentalmarket.ma/product/lime-c-pro/,8012,lime-c-pro,Lime C PRO - ROGIN,8012,8015,,"{""attribute_longueur"":""25mm"",""attribute_n"":""Assortiment (6 limes) - #06,#06,#08,#08,#10,#10""}","longueur=25mm | n=Assortiment (6 limes) - #06,#06,#08,#08,#10,#10",95,95,,MAD,false,,1,true,true,https://dentalmarket.ma/wp-content/uploads/2025/08/Lime-C.webp,,2026-07-29T15:49:50.238Z
https://dentalmarket.ma/product/forets-largo/,7985,forets-largo,Forets Largo - ROGIN,7985,7986,,"{""attribute_longueur"":""32mm (standard)"",""attribute_n"":""#1~6 (Assotiment de 6 forets)"",""attribute_quantite"":""Plaquette (6 forets)""}",longueur=32mm (standard) | n=#1~6 (Assotiment de 6 forets) | quantite=Plaquette (6 forets),108,130,108,MAD,true,10,1,true,true,https://dentalmarket.ma/wp-content/uploads/2025/08/Foret-Largo.webp,,2026-07-29T15:49:50.238Z
https://dentalmarket.ma/product/forets-largo/,7985,forets-largo,Forets Largo - ROGIN,7985,7987,,"{""attribute_longueur"":""32mm (standard)"",""attribute_n"":""#6"",""attribute_quantite"":""Plaquette (6 forets)""}",longueur=32mm (standard) | n=#6 | quantite=Plaquette (6 forets),108,130,108,MAD,true,,1,true,true,https://dentalmarket.ma/wp-content/uploads/2025/08/Foret-Largo.webp,,2026-07-29T15:49:50.238Z
https://dentalmarket.ma/product/forets-largo/,7985,forets-largo,Forets Largo - ROGIN,7985,7988,,"{""attribute_longueur"":""32mm (standard)"",""attribute_n"":""#6"",""attribute_quantite"":""Unité (1 foret)""}",longueur=32mm (standard) | n=#6 | quantite=Unité (1 foret),18,23,18,MAD,true,,1,true,true,https://dentalmarket.ma/wp-content/uploads/2025/08/Foret-Largo.webp,,2026-07-29T15:49:50.238Z
https://dentalmarket.ma/product/forets-largo/,7985,forets-largo,Forets Largo - ROGIN,7985,7989,,"{""attribute_longueur"":""32mm (standard)"",""attribute_n"":""#5"",""attribute_quantite"":""Plaquette (6 forets)""}",longueur=32mm (standard) | n=#5 | quantite=Plaquette (6 forets),108,130,108,MAD,true,,1,true,true,https://dentalmarket.ma/wp-content/uploads/2025/08/Foret-Largo.webp,,2026-07-29T15:49:50.238Z
https://dentalmarket.ma/product/forets-largo/,7985,forets-largo,Forets Largo - ROGIN,7985,7990,,"{""attribute_longueur"":""32mm (standard)"",""attribute_n"":""#5"",""attribute_quantite"":""Unité (1 foret)""}",longueur=32mm (standard) | n=#5 | quantite=Unité (1 foret),18,23,18,MAD,true,,1,true,true,https://dentalmarket.ma/wp-content/uploads/2025/08/Foret-Largo.webp,,2026-07-29T15:49:50.238Z
https://dentalmarket.ma/product/forets-largo/,7985,forets-largo,Forets Largo - ROGIN,7985,7991,,"{""attribute_longueur"":""32mm (standard)"",""attribute_n"":""#4"",""attribute_quantite"":""Plaquette (6 forets)""}",longueur=32mm (standard) | n=#4 | quantite=Plaquette (6 forets),108,130,108,MAD,true,,1,true,true,https://dentalmarket.ma/wp-content/uploads/2025/08/Foret-Largo.webp,,2026-07-29T15:49:50.238Z
https://dentalmarket.ma/product/forets-largo/,7985,forets-largo,Forets Largo - ROGIN,7985,7992,,"{""attribute_longueur"":""32mm (standard)"",""attribute_n"":""#4"",""attribute_quantite"":""Unité (1 foret)""}",longueur=32mm (standard) | n=#4 | quantite=Unité (1 foret),18,23,18,MAD,true,,1,true,true,https://dentalmarket.ma/wp-content/uploads/2025/08/Foret-Largo.webp,,2026-07-29T15:49:50.238Z
https://dentalmarket.ma/product/forets-largo/,7985,forets-largo,Forets Largo - ROGIN,7985,7993,,"{""attribute_longueur"":""32mm (standard)"",""attribute_n"":""#3"",""attribute_quantite"":""Plaquette (6 forets)""}",longueur=32mm (standard) | n=#3 | quantite=Plaquette (6 forets),108,130,108,MAD,true,,1,true,true,https://dentalmarket.ma/wp-content/uploads/2025/08/Foret-Largo.webp,,2026-07-29T15:49:50.238Z
https://dentalmarket.ma/product/forets-largo/,7985,forets-largo,Forets Largo - ROGIN,7985,7994,,"{""attribute_longueur"":""32mm (standard)"",""attribute_n"":""#3"",""attribute_quantite"":""Unité (1 foret)""}",longueur=32mm (standard) | n=#3 | quantite=Unité (1 foret),18,23,18,MAD,true,,1,true,true,https://dentalmarket.ma/wp-content/uploads/2025/08/Foret-Largo.webp,,2026-07-29T15:49:50.238Z
https://dentalmarket.ma/product/forets-largo/,7985,forets-largo,Forets Largo - ROGIN,7985,7995,,"{""attribute_longueur"":""32mm (standard)"",""attribute_n"":""#2"",""attribute_quantite"":""Plaquette (6 forets)""}",longueur=32mm (standard) | n=#2 | quantite=Plaquette (6 forets),108,130,108,MAD,true,,1,true,true,https://dentalmarket.ma/wp-content/uploads/2025/08/Foret-Largo.webp,,2026-07-29T15:49:50.238Z
https://dentalmarket.ma/product/forets-largo/,7985,forets-largo,Forets Largo - ROGIN,7985,7996,,"{""attribute_longueur"":""32mm (standard)"",""attribute_n"":""#2"",""attribute_quantite"":""Unité (1 foret)""}",longueur=32mm (standard) | n=#2 | quantite=Unité (1 foret),18,23,18,MAD,true,,1,true,true,https://dentalmarket.ma/wp-content/uploads/2025/08/Foret-Largo.webp,,2026-07-29T15:49:50.238Z
https://dentalmarket.ma/product/forets-largo/,7985,forets-largo,Forets Largo - ROGIN,7985,7997,,"{""attribute_longueur"":""32mm (standard)"",""attribute_n"":""#1"",""attribute_quantite"":""Plaquette (6 forets)""}",longueur=32mm (standard) | n=#1 | quantite=Plaquette (6 forets),108,130,108,MAD,true,,1,true,true,https://dentalmarket.ma/wp-content/uploads/2025/08/Foret-Largo.webp,,2026-07-29T15:49:50.238Z
https://dentalmarket.ma/product/forets-largo/,7985,forets-largo,Forets Largo - ROGIN,7985,7998,,"{""attribute_longueur"":""32mm (standard)"",""attribute_n"":""#1"",""attribute_quantite"":""Unité (1 foret)""}",longueur=32mm (standard) | n=#1 | quantite=Unité (1 foret),18,23,18,MAD,true,,1,true,true,https://dentalmarket.ma/wp-content/uploads/2025/08/Foret-Largo.webp,,2026-07-29T15:49:50.238Z
https://dentalmarket.ma/product/forets-largo/,7985,forets-largo,Forets Largo - ROGIN,7985,7999,,"{""attribute_longueur"":""28mm"",""attribute_n"":""#1~6 (Assotiment de 6 forets)"",""attribute_quantite"":""Plaquette (6 forets)""}",longueur=28mm | n=#1~6 (Assotiment de 6 forets) | quantite=Plaquette (6 forets),108,130,108,MAD,true,6,1,true,true,https://dentalmarket.ma/wp-content/uploads/2025/08/Foret-Largo.webp,,2026-07-29T15:49:50.238Z
https://dentalmarket.ma/product/forets-largo/,7985,forets-largo,Forets Largo - ROGIN,7985,8000,,"{""attribute_longueur"":""28mm"",""attribute_n"":""#6"",""attribute_quantite"":""Plaquette (6 forets)""}",longueur=28mm | n=#6 | quantite=Plaquette (6 forets),108,130,108,MAD,true,,1,true,true,https://dentalmarket.ma/wp-content/uploads/2025/08/Foret-Largo.webp,,2026-07-29T15:49:50.238Z
https://dentalmarket.ma/product/forets-largo/,7985,forets-largo,Forets Largo - ROGIN,7985,8001,,"{""attribute_longueur"":""28mm"",""attribute_n"":""#6"",""attribute_quantite"":""Unité (1 foret)""}",longueur=28mm | n=#6 | quantite=Unité (1 foret),18,23,18,MAD,true,,1,true,true,https://dentalmarket.ma/wp-content/uploads/2025/08/Foret-Largo.webp,,2026-07-29T15:49:50.238Z
https://dentalmarket.ma/product/forets-largo/,7985,forets-largo,Forets Largo - ROGIN,7985,8002,,"{""attribute_longueur"":""28mm"",""attribute_n"":""#5"",""attribute_quantite"":""Plaquette (6 forets)""}",longueur=28mm | n=#5 | quantite=Plaquette (6 forets),108,130,108,MAD,true,,1,true,true,https://dentalmarket.ma/wp-content/uploads/2025/08/Foret-Largo.webp,,2026-07-29T15:49:50.238Z
https://dentalmarket.ma/product/forets-largo/,7985,forets-largo,Forets Largo - ROGIN,7985,8003,,"{""attribute_longueur"":""28mm"",""attribute_n"":""#5"",""attribute_quantite"":""Unité (1 foret)""}",longueur=28mm | n=#5 | quantite=Unité (1 foret),18,23,18,MAD,true,,1,true,true,https://dentalmarket.ma/wp-content/uploads/2025/08/Foret-Largo.webp,,2026-07-29T15:49:50.238Z
https://dentalmarket.ma/product/forets-largo/,7985,forets-largo,Forets Largo - ROGIN,7985,8004,,"{""attribute_longueur"":""28mm"",""attribute_n"":""#4"",""attribute_quantite"":""Plaquette (6 forets)""}",longueur=28mm | n=#4 | quantite=Plaquette (6 forets),108,130,108,MAD,true,,1,true,true,https://dentalmarket.ma/wp-content/uploads/2025/08/Foret-Largo.webp,,2026-07-29T15:49:50.238Z
https://dentalmarket.ma/product/forets-largo/,7985,forets-largo,Forets Largo - ROGIN,7985,8005,,"{""attribute_longueur"":""28mm"",""attribute_n"":""#4"",""attribute_quantite"":""Unité (1 foret)""}",longueur=28mm | n=#4 | quantite=Unité (1 foret),18,23,18,MAD,true,,1,true,true,https://dentalmarket.ma/wp-content/uploads/2025/08/Foret-Largo.webp,,2026-07-29T15:49:50.238Z
https://dentalmarket.ma/product/forets-largo/,7985,forets-largo,Forets Largo - ROGIN,7985,8006,,"{""attribute_longueur"":""28mm"",""attribute_n"":""#3"",""attribute_quantite"":""Plaquette (6 forets)""}",longueur=28mm | n=#3 | quantite=Plaquette (6 forets),108,130,108,MAD,true,,1,true,true,https://dentalmarket.ma/wp-content/uploads/2025/08/Foret-Largo.webp,,2026-07-29T15:49:50.238Z
https://dentalmarket.ma/product/forets-largo/,7985,forets-largo,Forets Largo - ROGIN,7985,8007,,"{""attribute_longueur"":""28mm"",""attribute_n"":""#3"",""attribute_quantite"":""Unité (1 foret)""}",longueur=28mm | n=#3 | quantite=Unité (1 foret),18,23,18,MAD,true,,1,true,true,https://dentalmarket.ma/wp-content/uploads/2025/08/Foret-Largo.webp,,2026-07-29T15:49:50.238Z
https://dentalmarket.ma/product/forets-largo/,7985,forets-largo,Forets Largo - ROGIN,7985,8008,,"{""attribute_longueur"":""28mm"",""attribute_n"":""#2"",""attribute_quantite"":""Plaquette (6 forets)""}",longueur=28mm | n=#2 | quantite=Plaquette (6 forets),108,130,108,MAD,true,,1,true,true,https://dentalmarket.ma/wp-content/uploads/2025/08/Foret-Largo.webp,,2026-07-29T15:49:50.238Z
https://dentalmarket.ma/product/forets-largo/,7985,forets-largo,Forets Largo - ROGIN,7985,8009,,"{""attribute_longueur"":""28mm"",""attribute_n"":""#2"",""attribute_quantite"":""Unité (1 foret)""}",longueur=28mm | n=#2 | quantite=Unité (1 foret),18,23,18,MAD,true,,1,true,true,https://dentalmarket.ma/wp-content/uploads/2025/08/Foret-Largo.webp,,2026-07-29T15:49:50.238Z
https://dentalmarket.ma/product/forets-largo/,7985,forets-largo,Forets Largo - ROGIN,7985,8010,,"{""attribute_longueur"":""28mm"",""attribute_n"":""#1"",""attribute_quantite"":""Plaquette (6 forets)""}",longueur=28mm | n=#1 | quantite=Plaquette (6 forets),108,130,108,MAD,true,,1,true,true,https://dentalmarket.ma/wp-content/uploads/2025/08/Foret-Largo.webp,,2026-07-29T15:49:50.238Z
https://dentalmarket.ma/product/forets-largo/,7985,forets-largo,Forets Largo - ROGIN,7985,8011,,"{""attribute_longueur"":""28mm"",""attribute_n"":""#1"",""attribute_quantite"":""Unité (1 foret)""}",longueur=28mm | n=#1 | quantite=Unité (1 foret),18,23,18,MAD,true,,1,true,true,https://dentalmarket.ma/wp-content/uploads/2025/08/Foret-Largo.webp,,2026-07-29T15:49:50.238Z
https://dentalmarket.ma/product/forets-de-gates/,7954,forets-de-gates,Forets de Gates - ROGIN,7954,7957,,"{""attribute_longueur"":""32mm (standard)"",""attribute_n"":""#1~6 (Assotiment de 6 forets)"",""attribute_quantite"":""Plaquette (6 forets)""}",longueur=32mm (standard) | n=#1~6 (Assotiment de 6 forets) | quantite=Plaquette (6 forets),108,130,108,MAD,true,60,1,true,true,https://dentalmarket.ma/wp-content/uploads/2025/08/Foret-de-Gate.webp,,2026-07-29T15:49:50.238Z
https://dentalmarket.ma/product/forets-de-gates/,7954,forets-de-gates,Forets de Gates - ROGIN,7954,7959,,"{""attribute_longueur"":""32mm (standard)"",""attribute_n"":""#6"",""attribute_quantite"":""Plaquette (6 forets)""}",longueur=32mm (standard) | n=#6 | quantite=Plaquette (6 forets),108,130,108,MAD,true,,1,true,true,https://dentalmarket.ma/wp-content/uploads/2025/08/Foret-de-Gate.webp,,2026-07-29T15:49:50.238Z
https://dentalmarket.ma/product/forets-de-gates/,7954,forets-de-gates,Forets de Gates - ROGIN,7954,7960,,"{""attribute_longueur"":""32mm (standard)"",""attribute_n"":""#6"",""attribute_quantite"":""Unité (1 foret)""}",longueur=32mm (standard) | n=#6 | quantite=Unité (1 foret),18,23,18,MAD,true,,1,true,true,https://dentalmarket.ma/wp-content/uploads/2025/08/Foret-de-Gate.webp,,2026-07-29T15:49:50.238Z
https://dentalmarket.ma/product/forets-de-gates/,7954,forets-de-gates,Forets de Gates - ROGIN,7954,7961,,"{""attribute_longueur"":""32mm (standard)"",""attribute_n"":""#5"",""attribute_quantite"":""Plaquette (6 forets)""}",longueur=32mm (standard) | n=#5 | quantite=Plaquette (6 forets),108,130,108,MAD,true,,1,true,true,https://dentalmarket.ma/wp-content/uploads/2025/08/Foret-de-Gate.webp,,2026-07-29T15:49:50.238Z
https://dentalmarket.ma/product/forets-de-gates/,7954,forets-de-gates,Forets de Gates - ROGIN,7954,7962,,"{""attribute_longueur"":""32mm (standard)"",""attribute_n"":""#5"",""attribute_quantite"":""Unité (1 foret)""}",longueur=32mm (standard) | n=#5 | quantite=Unité (1 foret),18,23,18,MAD,true,,1,true,true,https://dentalmarket.ma/wp-content/uploads/2025/08/Foret-de-Gate.webp,,2026-07-29T15:49:50.238Z
https://dentalmarket.ma/product/forets-de-gates/,7954,forets-de-gates,Forets de Gates - ROGIN,7954,7963,,"{""attribute_longueur"":""32mm (standard)"",""attribute_n"":""#4"",""attribute_quantite"":""Plaquette (6 forets)""}",longueur=32mm (standard) | n=#4 | quantite=Plaquette (6 forets),108,130,108,MAD,true,,1,true,true,https://dentalmarket.ma/wp-content/uploads/2025/08/Foret-de-Gate.webp,,2026-07-29T15:49:50.238Z
https://dentalmarket.ma/product/forets-de-gates/,7954,forets-de-gates,Forets de Gates - ROGIN,7954,7964,,"{""attribute_longueur"":""32mm (standard)"",""attribute_n"":""#4"",""attribute_quantite"":""Unité (1 foret)""}",longueur=32mm (standard) | n=#4 | quantite=Unité (1 foret),18,23,18,MAD,true,,1,true,true,https://dentalmarket.ma/wp-content/uploads/2025/08/Foret-de-Gate.webp,,2026-07-29T15:49:50.238Z
https://dentalmarket.ma/product/forets-de-gates/,7954,forets-de-gates,Forets de Gates - ROGIN,7954,7965,,"{""attribute_longueur"":""32mm (standard)"",""attribute_n"":""#3"",""attribute_quantite"":""Plaquette (6 forets)""}",longueur=32mm (standard) | n=#3 | quantite=Plaquette (6 forets),108,130,108,MAD,true,,1,true,true,https://dentalmarket.ma/wp-content/uploads/2025/08/Foret-de-Gate.webp,,2026-07-29T15:49:50.238Z
https://dentalmarket.ma/product/forets-de-gates/,7954,forets-de-gates,Forets de Gates - ROGIN,7954,7966,,"{""attribute_longueur"":""32mm (standard)"",""attribute_n"":""#3"",""attribute_quantite"":""Unité (1 foret)""}",longueur=32mm (standard) | n=#3 | quantite=Unité (1 foret),18,23,18,MAD,true,,1,true,true,https://dentalmarket.ma/wp-content/uploads/2025/08/Foret-de-Gate.webp,,2026-07-29T15:49:50.238Z
https://dentalmarket.ma/product/forets-de-gates/,7954,forets-de-gates,Forets de Gates - ROGIN,7954,7967,,"{""attribute_longueur"":""32mm (standard)"",""attribute_n"":""#2"",""attribute_quantite"":""Plaquette (6 forets)""}",longueur=32mm (standard) | n=#2 | quantite=Plaquette (6 forets),108,130,108,MAD,true,,1,true,true,https://dentalmarket.ma/wp-content/uploads/2025/08/Foret-de-Gate.webp,,2026-07-29T15:49:50.238Z
https://dentalmarket.ma/product/forets-de-gates/,7954,forets-de-gates,Forets de Gates - ROGIN,7954,7968,,"{""attribute_longueur"":""32mm (standard)"",""attribute_n"":""#2"",""attribute_quantite"":""Unité (1 foret)""}",longueur=32mm (standard) | n=#2 | quantite=Unité (1 foret),18,23,18,MAD,true,,1,true,true,https://dentalmarket.ma/wp-content/uploads/2025/08/Foret-de-Gate.webp,,2026-07-29T15:49:50.238Z
https://dentalmarket.ma/product/forets-de-gates/,7954,forets-de-gates,Forets de Gates - ROGIN,7954,7969,,"{""attribute_longueur"":""32mm (standard)"",""attribute_n"":""#1"",""attribute_quantite"":""Plaquette (6 forets)""}",longueur=32mm (standard) | n=#1 | quantite=Plaquette (6 forets),108,130,108,MAD,true,,1,true,true,https://dentalmarket.ma/wp-content/uploads/2025/08/Foret-de-Gate.webp,,2026-07-29T15:49:50.238Z
https://dentalmarket.ma/product/forets-de-gates/,7954,forets-de-gates,Forets de Gates - ROGIN,7954,7970,,"{""attribute_longueur"":""32mm (standard)"",""attribute_n"":""#1"",""attribute_quantite"":""Unité (1 foret)""}",longueur=32mm (standard) | n=#1 | quantite=Unité (1 foret),18,23,18,MAD,true,,1,true,true,https://dentalmarket.ma/wp-content/uploads/2025/08/Foret-de-Gate.webp,,2026-07-29T15:49:50.238Z
https://dentalmarket.ma/product/forets-de-gates/,7954,forets-de-gates,Forets de Gates - ROGIN,7954,7971,,"{""attribute_longueur"":""28mm"",""attribute_n"":""#1~6 (Assotiment de 6 forets)"",""attribute_quantite"":""Plaquette (6 forets)""}",longueur=28mm | n=#1~6 (Assotiment de 6 forets) | quantite=Plaquette (6 forets),108,130,108,MAD,true,4,1,true,true,https://dentalmarket.ma/wp-content/uploads/2025/08/Foret-de-Gate.webp,,2026-07-29T15:49:50.238Z
https://dentalmarket.ma/product/forets-de-gates/,7954,forets-de-gates,Forets de Gates - ROGIN,7954,7973,,"{""attribute_longueur"":""28mm"",""attribute_n"":""#6"",""attribute_quantite"":""Plaquette (6 forets)""}",longueur=28mm | n=#6 | quantite=Plaquette (6 forets),108,130,108,MAD,true,,1,true,true,https://dentalmarket.ma/wp-content/uploads/2025/08/Foret-de-Gate.webp,,2026-07-29T15:49:50.238Z
https://dentalmarket.ma/product/forets-de-gates/,7954,forets-de-gates,Forets de Gates - ROGIN,7954,7974,,"{""attribute_longueur"":""28mm"",""attribute_n"":""#6"",""attribute_quantite"":""Unité (1 foret)""}",longueur=28mm | n=#6 | quantite=Unité (1 foret),18,23,18,MAD,true,,1,true,true,https://dentalmarket.ma/wp-content/uploads/2025/08/Foret-de-Gate.webp,,2026-07-29T15:49:50.238Z
https://dentalmarket.ma/product/forets-de-gates/,7954,forets-de-gates,Forets de Gates - ROGIN,7954,7975,,"{""attribute_longueur"":""28mm"",""attribute_n"":""#5"",""attribute_quantite"":""Plaquette (6 forets)""}",longueur=28mm | n=#5 | quantite=Plaquette (6 forets),108,130,108,MAD,true,,1,true,true,https://dentalmarket.ma/wp-content/uploads/2025/08/Foret-de-Gate.webp,,2026-07-29T15:49:50.238Z
https://dentalmarket.ma/product/forets-de-gates/,7954,forets-de-gates,Forets de Gates - ROGIN,7954,7976,,"{""attribute_longueur"":""28mm"",""attribute_n"":""#5"",""attribute_quantite"":""Unité (1 foret)""}",longueur=28mm | n=#5 | quantite=Unité (1 foret),18,23,18,MAD,true,,1,true,true,https://dentalmarket.ma/wp-content/uploads/2025/08/Foret-de-Gate.webp,,2026-07-29T15:49:50.238Z
https://dentalmarket.ma/product/forets-de-gates/,7954,forets-de-gates,Forets de Gates - ROGIN,7954,7977,,"{""attribute_longueur"":""28mm"",""attribute_n"":""#4"",""attribute_quantite"":""Plaquette (6 forets)""}",longueur=28mm | n=#4 | quantite=Plaquette (6 forets),108,130,108,MAD,true,,1,true,true,https://dentalmarket.ma/wp-content/uploads/2025/08/Foret-de-Gate.webp,,2026-07-29T15:49:50.238Z
https://dentalmarket.ma/product/forets-de-gates/,7954,forets-de-gates,Forets de Gates - ROGIN,7954,7978,,"{""attribute_longueur"":""28mm"",""attribute_n"":""#4"",""attribute_quantite"":""Unité (1 foret)""}",longueur=28mm | n=#4 | quantite=Unité (1 foret),18,23,18,MAD,true,,1,true,true,https://dentalmarket.ma/wp-content/uploads/2025/08/Foret-de-Gate.webp,,2026-07-29T15:49:50.238Z
https://dentalmarket.ma/product/forets-de-gates/,7954,forets-de-gates,Forets de Gates - ROGIN,7954,7979,,"{""attribute_longueur"":""28mm"",""attribute_n"":""#3"",""attribute_quantite"":""Plaquette (6 forets)""}",longueur=28mm | n=#3 | quantite=Plaquette (6 forets),108,130,108,MAD,true,,1,true,true,https://dentalmarket.ma/wp-content/uploads/2025/08/Foret-de-Gate.webp,,2026-07-29T15:49:50.238Z
https://dentalmarket.ma/product/forets-de-gates/,7954,forets-de-gates,Forets de Gates - ROGIN,7954,7980,,"{""attribute_longueur"":""28mm"",""attribute_n"":""#3"",""attribute_quantite"":""Unité (1 foret)""}",longueur=28mm | n=#3 | quantite=Unité (1 foret),18,23,18,MAD,true,,1,true,true,https://dentalmarket.ma/wp-content/uploads/2025/08/Foret-de-Gate.webp,,2026-07-29T15:49:50.238Z
https://dentalmarket.ma/product/forets-de-gates/,7954,forets-de-gates,Forets de Gates - ROGIN,7954,7981,,"{""attribute_longueur"":""28mm"",""attribute_n"":""#2"",""attribute_quantite"":""Plaquette (6 forets)""}",longueur=28mm | n=#2 | quantite=Plaquette (6 forets),108,130,108,MAD,true,,1,true,true,https://dentalmarket.ma/wp-content/uploads/2025/08/Foret-de-Gate.webp,,2026-07-29T15:49:50.238Z
https://dentalmarket.ma/product/forets-de-gates/,7954,forets-de-gates,Forets de Gates - ROGIN,7954,7982,,"{""attribute_longueur"":""28mm"",""attribute_n"":""#2"",""attribute_quantite"":""Unité (1 foret)""}",longueur=28mm | n=#2 | quantite=Unité (1 foret),18,23,18,MAD,true,,1,true,true,https://dentalmarket.ma/wp-content/uploads/2025/08/Foret-de-Gate.webp,,2026-07-29T15:49:50.238Z
https://dentalmarket.ma/product/forets-de-gates/,7954,forets-de-gates,Forets de Gates - ROGIN,7954,7983,,"{""attribute_longueur"":""28mm"",""attribute_n"":""#1"",""attribute_quantite"":""Plaquette (6 forets)""}",longueur=28mm | n=#1 | quantite=Plaquette (6 forets),108,130,108,MAD,true,,1,true,true,https://dentalmarket.ma/wp-content/uploads/2025/08/Foret-de-Gate.webp,,2026-07-29T15:49:50.238Z
https://dentalmarket.ma/product/forets-de-gates/,7954,forets-de-gates,Forets de Gates - ROGIN,7954,7984,,"{""attribute_longueur"":""28mm"",""attribute_n"":""#1"",""attribute_quantite"":""Unité (1 foret)""}",longueur=28mm | n=#1 | quantite=Unité (1 foret),18,23,18,MAD,true,,1,true,true,https://dentalmarket.ma/wp-content/uploads/2025/08/Foret-de-Gate.webp,,2026-07-29T15:49:50.238Z
https://dentalmarket.ma/product/protaper-gold-rogin/,7888,protaper-gold-rogin,Protaper Gold - ROGIN,7888,7890,,"{""attribute_longueur"":""31mm""}",longueur=31mm,185,200,185,MAD,true,9,1,true,true,https://dentalmarket.ma/wp-content/uploads/2025/08/Protaper.webp,,2026-07-29T15:49:50.238Z
https://dentalmarket.ma/product/protaper-gold-rogin/,7888,protaper-gold-rogin,Protaper Gold - ROGIN,7888,7891,,"{""attribute_longueur"":""25mm""}",longueur=25mm,185,200,185,MAD,true,64,1,true,true,https://dentalmarket.ma/wp-content/uploads/2025/08/Protaper.webp,,2026-07-29T15:49:50.238Z
https://dentalmarket.ma/product/table-de-mesure-pour-traitement-endodontique/,7875,table-de-mesure-pour-traitement-endodontique,Table de Mesure pour Traitement Endodontique - COTISEN,7875,7876,CO-BF03BG,"{""attribute_pa_couleur"":""gris""}",pa_couleur=gris,50,50,,MAD,true,33,1,true,true,https://dentalmarket.ma/wp-content/uploads/2026/07/Root-Canal-Measuring-Table.jpg,,2026-07-29T15:49:50.238Z
https://dentalmarket.ma/product/table-de-mesure-pour-traitement-endodontique/,7875,table-de-mesure-pour-traitement-endodontique,Table de Mesure pour Traitement Endodontique - COTISEN,7875,7877,CO-BF03BM,"{""attribute_pa_couleur"":""marron""}",pa_couleur=marron,50,50,,MAD,true,12,1,true,true,https://dentalmarket.ma/wp-content/uploads/2026/07/Root-Canal-Measuring-Table.jpg,,2026-07-29T15:49:50.238Z
https://dentalmarket.ma/product/porte-empreinte-autoclavable/,7854,porte-empreinte-autoclavable,Porte Empreinte - COTISEN,7854,7856,CO-IT0205+0206,"{""attribute_pa_taille"":""s"",""attribute_pa_arcade"":""maxillaire-et-mandibulaire""}",pa_taille=s | pa_arcade=maxillaire-et-mandibulaire,10,10,,MAD,true,12,1,true,true,https://dentalmarket.ma/wp-content/uploads/2026/07/Autoclavable-Impression-Tray.jpg,,2026-07-29T15:49:50.238Z
https://dentalmarket.ma/product/porte-empreinte-autoclavable/,7854,porte-empreinte-autoclavable,Porte Empreinte - COTISEN,7854,7857,CO-IT0203+0204,"{""attribute_pa_taille"":""m"",""attribute_pa_arcade"":""maxillaire-et-mandibulaire""}",pa_taille=m | pa_arcade=maxillaire-et-mandibulaire,10,10,,MAD,true,95,1,true,true,https://dentalmarket.ma/wp-content/uploads/2026/07/Autoclavable-Impression-Tray.jpg,,2026-07-29T15:49:50.238Z
https://dentalmarket.ma/product/porte-empreinte-autoclavable/,7854,porte-empreinte-autoclavable,Porte Empreinte - COTISEN,7854,7858,CO-IT0201+0202,"{""attribute_pa_taille"":""l"",""attribute_pa_arcade"":""maxillaire-et-mandibulaire""}",pa_taille=l | pa_arcade=maxillaire-et-mandibulaire,10,10,,MAD,true,17,1,true,true,https://dentalmarket.ma/wp-content/uploads/2026/07/Autoclavable-Impression-Tray.jpg,,2026-07-29T15:49:50.238Z
https://dentalmarket.ma/product/plaque-base-maxillaire-et-mandibulaire/,7852,plaque-base-maxillaire-et-mandibulaire,Plaque Base - COTISEN,7852,9910,,"{""attribute_pa_arcade"":""mandibulaire""}",pa_arcade=mandibulaire,25,25,,MAD,true,,1,true,true,https://dentalmarket.ma/wp-content/uploads/2025/08/Plaque-Base.webp,,2026-07-29T15:49:50.238Z
https://dentalmarket.ma/product/plaque-base-maxillaire-et-mandibulaire/,7852,plaque-base-maxillaire-et-mandibulaire,Plaque Base - COTISEN,7852,9911,,"{""attribute_pa_arcade"":""maxillaire""}",pa_arcade=maxillaire,25,25,,MAD,true,,1,true,true,https://dentalmarket.ma/wp-content/uploads/2025/08/Plaque-Base.webp,,2026-07-29T15:49:50.238Z
https://dentalmarket.ma/product/plaque-base-maxillaire-et-mandibulaire/,7852,plaque-base-maxillaire-et-mandibulaire,Plaque Base - COTISEN,7852,8019,,"{""attribute_pa_arcade"":""maxillaire-et-mandibulaire""}",pa_arcade=maxillaire-et-mandibulaire,45,50,45,MAD,true,,1,true,true,https://dentalmarket.ma/wp-content/uploads/2025/08/Plaque-Base.webp,,2026-07-29T15:49:50.238Z
https://dentalmarket.ma/product/pk-thomas-pkt/,6982,pk-thomas-pkt,PK-Thomas (PKT),6982,6984,,"{""attribute_marque"":""Majestic Instruments"",""attribute_options-pkt"":""PKT n°1""}",marque=Majestic Instruments | options-pkt=PKT n°1,30,30,,MAD,true,,1,true,true,https://dentalmarket.ma/wp-content/uploads/2024/11/PKT1__PKT1_h1_rgb.jpg,,2026-07-29T15:49:50.238Z
https://dentalmarket.ma/product/pk-thomas-pkt/,6982,pk-thomas-pkt,PK-Thomas (PKT),6982,6987,,"{""attribute_marque"":""Majestic Instruments"",""attribute_options-pkt"":""PKT n°4""}",marque=Majestic Instruments | options-pkt=PKT n°4,30,30,,MAD,true,,1,true,true,https://dentalmarket.ma/wp-content/uploads/2024/11/PKT4__PKT4_h1_rgb.jpg,,2026-07-29T15:49:50.238Z
https://dentalmarket.ma/product/pk-thomas-pkt/,6982,pk-thomas-pkt,PK-Thomas (PKT),6982,6989,,"{""attribute_marque"":""Majestic Instruments"",""attribute_options-pkt"":""Kit complet PKT""}",marque=Majestic Instruments | options-pkt=Kit complet PKT,125,150,125,MAD,true,,1,true,true,https://dentalmarket.ma/wp-content/uploads/2024/11/Design-sans-titre-2024-11-23T193821.044.webp,,2026-07-29T15:49:50.238Z
https://dentalmarket.ma/product/pk-thomas-pkt/,6982,pk-thomas-pkt,PK-Thomas (PKT),6982,6991,,"{""attribute_marque"":""SHENDU PAK"",""attribute_options-pkt"":""PKT n°1/2""}",marque=SHENDU PAK | options-pkt=PKT n°1/2,30,30,,MAD,true,,1,true,true,https://dentalmarket.ma/wp-content/uploads/2024/11/PKT.webp,,2026-07-29T15:49:50.238Z
https://dentalmarket.ma/product/mini-chalumeau/,6867,mini-chalumeau,Mini Chalumeau,6867,6869,,"{""attribute_chalumeau-avec-ou-sans-recharge"":""Recharge seule""}",chalumeau-avec-ou-sans-recharge=Recharge seule,20,20,,MAD,true,,1,true,true,https://dentalmarket.ma/wp-content/uploads/2024/10/Design-sans-titre-2024-10-13T232748.184.webp,,2026-07-29T15:49:50.238Z
https://dentalmarket.ma/product/mini-chalumeau/,6867,mini-chalumeau,Mini Chalumeau,6867,6870,,"{""attribute_chalumeau-avec-ou-sans-recharge"":""Chalumeau avec recharge""}",chalumeau-avec-ou-sans-recharge=Chalumeau avec recharge,82,90,82,MAD,false,,1,true,true,https://dentalmarket.ma/wp-content/uploads/2024/10/Design-sans-titre-2024-10-13T232823.918.webp,,2026-07-29T15:49:50.238Z
https://dentalmarket.ma/product/mini-chalumeau/,6867,mini-chalumeau,Mini Chalumeau,6867,6871,,"{""attribute_chalumeau-avec-ou-sans-recharge"":""Chalumeau sans recharge""}",chalumeau-avec-ou-sans-recharge=Chalumeau sans recharge,65,70,65,MAD,false,,1,true,true,https://dentalmarket.ma/wp-content/uploads/2024/10/Design-sans-titre-2024-10-13T232803.998.webp,,2026-07-29T15:49:50.238Z
https://dentalmarket.ma/product/cire-rose/,6771,cire-rose,Cire Rose,6771,6774,,"{""attribute_quantite"":""1 Boite (20 Plaquettes)""}",quantite=1 Boite (20 Plaquettes),75,75,,MAD,true,,1,true,true,https://dentalmarket.ma/wp-content/uploads/2024/09/thumb_119-150-00_4c_E_01_in_P_h.jpg,,2026-07-29T15:49:50.238Z
https://dentalmarket.ma/product/cire-rose/,6771,cire-rose,Cire Rose,6771,6775,,"{""attribute_quantite"":""1 Plaquette""}",quantite=1 Plaquette,5,5,,MAD,true,,1,true,true,https://dentalmarket.ma/wp-content/uploads/2024/09/thumb_119-150-00_4c_E_01_in_P_h.jpg,,2026-07-29T15:49:50.238Z
https://dentalmarket.ma/product/papier-emeri/,6716,papier-emeri,Papier Emeri,6716,11858,,"{""attribute_grains"":""Moyens""}",grains=Moyens,6,6,,MAD,true,,1,true,true,https://dentalmarket.ma/wp-content/uploads/2024/09/630343.jpg,,2026-07-29T15:49:50.238Z
https://dentalmarket.ma/product/papier-emeri/,6716,papier-emeri,Papier Emeri,6716,11859,,"{""attribute_grains"":""Fins""}",grains=Fins,6,6,,MAD,true,,1,true,true,https://dentalmarket.ma/wp-content/uploads/2024/09/630343.jpg,,2026-07-29T15:49:50.238Z
https://dentalmarket.ma/product/feutre-permanant-staedtler/,6212,feutre-permanant-staedtler,Feutre Permanant - STAEDTLER,6212,8037,,"{""attribute_pointe"":""Pointe Fine"",""attribute_couleur"":""Bleu""}",pointe=Pointe Fine | couleur=Bleu,12,12,,MAD,true,83,1,true,true,https://dentalmarket.ma/wp-content/uploads/2025/08/Feutre-Fin-B.webp,,2026-07-29T15:49:50.238Z
https://dentalmarket.ma/product/feutre-permanant-staedtler/,6212,feutre-permanant-staedtler,Feutre Permanant - STAEDTLER,6212,8038,,"{""attribute_pointe"":""Pointe Moyenne"",""attribute_couleur"":""Rouge""}",pointe=Pointe Moyenne | couleur=Rouge,13,13,,MAD,true,9,1,true,true,https://dentalmarket.ma/wp-content/uploads/2025/08/Feutre-Moyen-R.webp,,2026-07-29T15:49:50.238Z
https://dentalmarket.ma/product/feutre-permanant-staedtler/,6212,feutre-permanant-staedtler,Feutre Permanant - STAEDTLER,6212,8039,,"{""attribute_pointe"":""Pointe Moyenne"",""attribute_couleur"":""Bleu""}",pointe=Pointe Moyenne | couleur=Bleu,13,13,,MAD,true,20,1,true,true,https://dentalmarket.ma/wp-content/uploads/2025/08/Feutre-Moyen-B.webp,,2026-07-29T15:49:50.238Z
https://dentalmarket.ma/product/feutre-permanant-staedtler/,6212,feutre-permanant-staedtler,Feutre Permanant - STAEDTLER,6212,8040,,"{""attribute_pointe"":""Pointe Moyenne"",""attribute_couleur"":""Noir""}",pointe=Pointe Moyenne | couleur=Noir,13,13,,MAD,true,11,1,true,true,https://dentalmarket.ma/wp-content/uploads/2025/08/Feutre-Moyen-N.webp,,2026-07-29T15:49:50.238Z
https://dentalmarket.ma/product/feutre-permanant-staedtler/,6212,feutre-permanant-staedtler,Feutre Permanant - STAEDTLER,6212,8041,,"{""attribute_pointe"":""Double Pointe (Fine+Moyenne)"",""attribute_couleur"":""Rouge""}",pointe=Double Pointe (Fine+Moyenne) | couleur=Rouge,15,15,,MAD,true,11,1,true,true,https://dentalmarket.ma/wp-content/uploads/2025/08/Feutre-Double-R.webp,,2026-07-29T15:49:50.238Z
https://dentalmarket.ma/product/feutre-permanant-staedtler/,6212,feutre-permanant-staedtler,Feutre Permanant - STAEDTLER,6212,6218,,"{""attribute_pointe"":""Pointe Fine"",""attribute_couleur"":""Noir""}",pointe=Pointe Fine | couleur=Noir,12,12,,MAD,true,18,1,true,true,https://dentalmarket.ma/wp-content/uploads/2025/08/Feutre-Fin-N.webp,,2026-07-29T15:49:50.238Z
https://dentalmarket.ma/product/feutre-permanant-staedtler/,6212,feutre-permanant-staedtler,Feutre Permanant - STAEDTLER,6212,6225,,"{""attribute_pointe"":""Double Pointe (Fine+Moyenne)"",""attribute_couleur"":""Bleu""}",pointe=Double Pointe (Fine+Moyenne) | couleur=Bleu,15,15,,MAD,true,10,1,true,true,https://dentalmarket.ma/wp-content/uploads/2025/08/Feutre-Double-B.webp,,2026-07-29T15:49:50.238Z
https://dentalmarket.ma/product/feutre-permanant-staedtler/,6212,feutre-permanant-staedtler,Feutre Permanant - STAEDTLER,6212,6219,,"{""attribute_pointe"":""Pointe Fine"",""attribute_couleur"":""Rouge""}",pointe=Pointe Fine | couleur=Rouge,12,12,,MAD,true,80,1,true,true,https://dentalmarket.ma/wp-content/uploads/2024/08/Feutre-Fin-R.webp,,2026-07-29T15:49:50.238Z
https://dentalmarket.ma/product/feutre-permanant-staedtler/,6212,feutre-permanant-staedtler,Feutre Permanant - STAEDTLER,6212,6220,,"{""attribute_pointe"":""Double Pointe (Fine+Moyenne)"",""attribute_couleur"":""Noir""}",pointe=Double Pointe (Fine+Moyenne) | couleur=Noir,15,15,,MAD,true,71,1,true,true,https://dentalmarket.ma/wp-content/uploads/2024/08/Feutre-Double-N-2.webp,,2026-07-29T15:49:50.238Z
https://dentalmarket.ma/product/papier-a-articuler/,6076,papier-a-articuler,Papier à Articuler,6076,6077,,"{""attribute_couleur"":""Rouge""}",couleur=Rouge,2,2,,MAD,true,,1,true,true,https://dentalmarket.ma/wp-content/uploads/2024/08/zoGom_Jbk01.jpg,,2026-07-29T15:49:50.238Z
https://dentalmarket.ma/product/papier-a-articuler/,6076,papier-a-articuler,Papier à Articuler,6076,6082,,"{""attribute_couleur"":""Bleu""}",couleur=Bleu,2,2,,MAD,true,,1,true,true,https://dentalmarket.ma/wp-content/uploads/2024/08/zoGom_bk01.jpg,,2026-07-29T15:49:50.238Z
https://dentalmarket.ma/product/fil-orthodontique/,6029,fil-orthodontique,Fil Orthodontique,6029,11851,,"{""attribute_diametre"":""0.6mm"",""attribute_longueur"":""1m""}",diametre=0.6mm | longueur=1m,10,10,,MAD,true,,1,true,true,https://dentalmarket.ma/wp-content/uploads/2024/08/Design-sans-titre-2024-08-27T221708.142.webp,,2026-07-29T15:49:50.238Z
https://dentalmarket.ma/product/fil-orthodontique/,6029,fil-orthodontique,Fil Orthodontique,6029,11852,,"{""attribute_diametre"":""0.6mm"",""attribute_longueur"":""1,5m""}","diametre=0.6mm | longueur=1,5m",15,15,,MAD,true,,1,true,true,https://dentalmarket.ma/wp-content/uploads/2024/08/Design-sans-titre-2024-08-27T221708.142.webp,,2026-07-29T15:49:50.238Z
https://dentalmarket.ma/product/fil-orthodontique/,6029,fil-orthodontique,Fil Orthodontique,6029,11853,,"{""attribute_diametre"":""0.6mm"",""attribute_longueur"":""2m""}",diametre=0.6mm | longueur=2m,20,20,,MAD,true,,1,true,true,https://dentalmarket.ma/wp-content/uploads/2024/08/Design-sans-titre-2024-08-27T221708.142.webp,,2026-07-29T15:49:50.238Z
https://dentalmarket.ma/product/fil-orthodontique/,6029,fil-orthodontique,Fil Orthodontique,6029,11846,,"{""attribute_diametre"":""0.7mm"",""attribute_longueur"":""1m""}",diametre=0.7mm | longueur=1m,10,10,,MAD,false,,1,true,true,https://dentalmarket.ma/wp-content/uploads/2024/08/Design-sans-titre-2024-08-27T221708.142.webp,,2026-07-29T15:49:50.238Z
https://dentalmarket.ma/product/fil-orthodontique/,6029,fil-orthodontique,Fil Orthodontique,6029,11847,,"{""attribute_diametre"":""0.7mm"",""attribute_longueur"":""1,5m""}","diametre=0.7mm | longueur=1,5m",15,15,,MAD,false,,1,true,true,https://dentalmarket.ma/wp-content/uploads/2024/08/Design-sans-titre-2024-08-27T221708.142.webp,,2026-07-29T15:49:50.238Z
https://dentalmarket.ma/product/fil-orthodontique/,6029,fil-orthodontique,Fil Orthodontique,6029,11848,,"{""attribute_diametre"":""0.7mm"",""attribute_longueur"":""2m""}",diametre=0.7mm | longueur=2m,20,20,,MAD,false,,1,true,true,https://dentalmarket.ma/wp-content/uploads/2024/08/Design-sans-titre-2024-08-27T221708.142.webp,,2026-07-29T15:49:50.238Z
https://dentalmarket.ma/product/bol-et-spatule-a-platre/,6020,bol-et-spatule-a-platre,Bol et Spatule à Plâtre,6020,6024,,"{""attribute_article"":""Bol et Spatule à Plâtre""}",article=Bol et Spatule à Plâtre,50,55,50,MAD,true,,1,true,true,https://dentalmarket.ma/wp-content/uploads/2024/08/Design-sans-titre-23.webp,,2026-07-29T15:49:50.238Z
https://dentalmarket.ma/product/bol-et-spatule-a-platre/,6020,bol-et-spatule-a-platre,Bol et Spatule à Plâtre,6020,6025,,"{""attribute_article"":""Bol à Plâtre""}",article=Bol à Plâtre,20,20,,MAD,true,,1,true,true,https://dentalmarket.ma/wp-content/uploads/2024/08/Design-sans-titre-24.webp,,2026-07-29T15:49:50.238Z
https://dentalmarket.ma/product/bol-et-spatule-a-platre/,6020,bol-et-spatule-a-platre,Bol et Spatule à Plâtre,6020,6026,,"{""attribute_article"":""Spatule à Plâtre""}",article=Spatule à Plâtre,32,35,32,MAD,true,,1,true,true,https://dentalmarket.ma/wp-content/uploads/2024/08/Design-sans-titre-25.webp,,2026-07-29T15:49:50.238Z
https://dentalmarket.ma/product/lime-h/,6009,lime-h,Lime H - ROGIN,6009,6011,,"{""attribute_longueur"":""21mm"",""attribute_n"":""15~40 (6limes)""}",longueur=21mm | n=15~40 (6limes),35,35,,MAD,true,33,1,true,true,https://dentalmarket.ma/wp-content/uploads/2025/08/Lime-H.webp,,2026-07-29T15:49:50.238Z
https://dentalmarket.ma/product/lime-h/,6009,lime-h,Lime H - ROGIN,6009,6012,,"{""attribute_longueur"":""25mm"",""attribute_n"":""15~40 (6limes)""}",longueur=25mm | n=15~40 (6limes),35,35,,MAD,true,3,1,true,true,https://dentalmarket.ma/wp-content/uploads/2025/08/Lime-H.webp,,2026-07-29T15:49:50.238Z
https://dentalmarket.ma/product/lime-h/,6009,lime-h,Lime H - ROGIN,6009,6013,,"{""attribute_longueur"":""25mm"",""attribute_n"":""10~30 (5 limes)""}",longueur=25mm | n=10~30 (5 limes),32,32,,MAD,true,1,1,true,true,https://dentalmarket.ma/wp-content/uploads/2025/08/Lime-H.webp,,2026-07-29T15:49:50.238Z
https://dentalmarket.ma/product/godet-en-silicone-dentaire/,5969,godet-en-silicone-dentaire,Godet en Silicone - COTISEN,5969,5971,CO-SB01SET,"{""attribute_pa_taille"":""set-de-4-tailles""}",pa_taille=set-de-4-tailles,52,60,52,MAD,true,,1,true,true,https://dentalmarket.ma/wp-content/uploads/2024/08/b5a90e7c30acd00fecb5a5aa0680e7a39ad3ca95_original.jpeg,,2026-07-29T15:49:50.238Z
https://dentalmarket.ma/product/godet-en-silicone-dentaire/,5969,godet-en-silicone-dentaire,Godet en Silicone - COTISEN,5969,5972,CO-SB01M,"{""attribute_pa_taille"":""moyen""}",pa_taille=moyen,16,18,16,MAD,true,,1,true,true,https://dentalmarket.ma/wp-content/uploads/2025/08/Godet-en-Silicone.webp,,2026-07-29T15:49:50.238Z
https://dentalmarket.ma/product/godet-en-silicone-dentaire/,5969,godet-en-silicone-dentaire,Godet en Silicone - COTISEN,5969,7887,CO-SB01L,"{""attribute_pa_taille"":""grand""}",pa_taille=grand,25,25,,MAD,true,,1,true,true,https://dentalmarket.ma/wp-content/uploads/2025/08/Godet-en-Silicone.webp,,2026-07-29T15:49:50.238Z
https://dentalmarket.ma/product/disque-de-polissage/,5961,disque-de-polissage,Disque de Polissage,5961,5963,,"{""attribute_article"":""Mandrin""}",article=Mandrin,15,15,,MAD,true,,1,true,true,https://dentalmarket.ma/wp-content/uploads/2024/08/Design-sans-titre-99.webp,,2026-07-29T15:49:50.238Z
https://dentalmarket.ma/product/disque-de-polissage/,5961,disque-de-polissage,Disque de Polissage,5961,5964,,"{""attribute_article"":""×8 Disque de Polissage""}",article=×8 Disque de Polissage,10,10,,MAD,true,,1,true,true,https://dentalmarket.ma/wp-content/uploads/2024/08/Design-sans-titre-100.webp,,2026-07-29T15:49:50.238Z
https://dentalmarket.ma/product/disque-de-polissage/,5961,disque-de-polissage,Disque de Polissage,5961,5965,,"{""attribute_article"":""×8 Disque de Polissage + Mandrin""}",article=×8 Disque de Polissage + Mandrin,25,25,,MAD,true,,1,true,true,https://dentalmarket.ma/wp-content/uploads/2024/08/Design-sans-titre-98.webp,,2026-07-29T15:49:50.238Z
https://dentalmarket.ma/product/disque-a-tronconner/,5943,disque-a-tronconner,Disque à Tronçonner,5943,8964,,"{""attribute_article"":""Disque à Tronçonner"",""attribute_dimension"":""25*0.6mm (moins fragile)""}",article=Disque à Tronçonner | dimension=25*0.6mm (moins fragile),6,8,6,MAD,true,,1,true,true,https://dentalmarket.ma/wp-content/uploads/2024/08/Design-sans-titre-97.webp,,2026-07-29T15:49:50.238Z
https://dentalmarket.ma/product/disque-a-tronconner/,5943,disque-a-tronconner,Disque à Tronçonner,5943,5950,,"{""attribute_article"":""Disque à Tronçonner"",""attribute_dimension"":""22*0.2mm""}",article=Disque à Tronçonner | dimension=22*0.2mm,6,8,6,MAD,true,,1,true,true,https://dentalmarket.ma/wp-content/uploads/2024/08/Design-sans-titre-96.webp,,2026-07-29T15:49:50.238Z
https://dentalmarket.ma/product/disque-a-tronconner/,5943,disque-a-tronconner,Disque à Tronçonner,5943,8965,,"{""attribute_article"":""Disque à Tronçonner + Mandrin"",""attribute_dimension"":""25*0.6mm (moins fragile)""}",article=Disque à Tronçonner + Mandrin | dimension=25*0.6mm (moins fragile),20,20,,MAD,true,,1,true,true,https://dentalmarket.ma/wp-content/uploads/2024/08/Design-sans-titre-96.webp,,2026-07-29T15:49:50.238Z
https://dentalmarket.ma/product/disque-a-tronconner/,5943,disque-a-tronconner,Disque à Tronçonner,5943,5946,,"{""attribute_article"":""Disque à Tronçonner + Mandrin"",""attribute_dimension"":""22*0.2mm""}",article=Disque à Tronçonner + Mandrin | dimension=22*0.2mm,20,20,,MAD,true,,1,true,true,https://dentalmarket.ma/wp-content/uploads/2024/08/Design-sans-titre-97.webp,,2026-07-29T15:49:50.238Z
https://dentalmarket.ma/product/disque-metallique-abrasif-diamantee/,5933,disque-metallique-abrasif-diamantee,Disque Métallique/Abrasif Diamantée,5933,5939,,"{""attribute_article"":""Disque Métallique/Abrasif Diamantée""}",article=Disque Métallique/Abrasif Diamantée,20,20,,MAD,true,359,1,true,true,https://dentalmarket.ma/wp-content/uploads/2024/08/Design-sans-titre-93-2.png,,2026-07-29T15:49:50.238Z
https://dentalmarket.ma/product/disque-metallique-abrasif-diamantee/,5933,disque-metallique-abrasif-diamantee,Disque Métallique/Abrasif Diamantée,5933,5940,,"{""attribute_article"":""Disque Métallique/Abrasif Diamantée + Mandrin""}",article=Disque Métallique/Abrasif Diamantée + Mandrin,35,35,,MAD,false,,1,true,true,https://dentalmarket.ma/wp-content/uploads/2024/08/Design-sans-titre-95-1.png,,2026-07-29T15:49:50.238Z
https://dentalmarket.ma/product/fraise-a-resine-en-carbure-de-tungstene/,5897,fraise-a-resine-en-carbure-de-tungstene,Fraise à Résine en Carbure de Tungstène,5897,8421,CC-5,"{""attribute_forme-iso"":""N° 500.104.194.190.040""}",forme-iso=N° 500.104.194.190.040,49,49,,MAD,true,,1,true,true,https://dentalmarket.ma/wp-content/uploads/2024/08/Carbide-Cutter-4.webp,"<p>Diamètre 040/010mm</p>
",2026-07-29T15:49:50.238Z
https://dentalmarket.ma/product/fraise-a-resine-en-carbure-de-tungstene/,5897,fraise-a-resine-en-carbure-de-tungstene,Fraise à Résine en Carbure de Tungstène,5897,8422,CC-4,"{""attribute_forme-iso"":""N° 500.104.194.190.060""}",forme-iso=N° 500.104.194.190.060,49,49,,MAD,true,129,1,true,true,https://dentalmarket.ma/wp-content/uploads/2024/08/Carbide-Cutter-4.webp,"<p>Diamètre 060/010mm</p>
",2026-07-29T15:49:50.238Z
https://dentalmarket.ma/product/fraise-a-resine-en-carbure-de-tungstene/,5897,fraise-a-resine-en-carbure-de-tungstene,Fraise à Résine en Carbure de Tungstène,5897,8423,CC-6,"{""attribute_forme-iso"":""N° 500.104.263.190.060""}",forme-iso=N° 500.104.263.190.060,49,49,,MAD,true,126,1,true,true,https://dentalmarket.ma/wp-content/uploads/2024/08/Carbide-Cutter-5.webp,"<p>Diamètre 060/010mm</p>
",2026-07-29T15:49:50.238Z
https://dentalmarket.ma/product/fraise-a-resine-en-carbure-de-tungstene/,5897,fraise-a-resine-en-carbure-de-tungstene,Fraise à Résine en Carbure de Tungstène,5897,8424,CC-7,"{""attribute_forme-iso"":""N° 500.104.277.190.023""}",forme-iso=N° 500.104.277.190.023,49,49,,MAD,true,128,1,true,true,https://dentalmarket.ma/wp-content/uploads/2024/08/Carbide-Cutter-3.webp,"<p>Diamètre 023/010mm</p>
",2026-07-29T15:49:50.238Z
https://dentalmarket.ma/product/fraise-a-resine-en-carbure-de-tungstene/,5897,fraise-a-resine-en-carbure-de-tungstene,Fraise à Résine en Carbure de Tungstène,5897,5902,CC-3,"{""attribute_forme-iso"":""Conique""}",forme-iso=Conique,32,32,,MAD,true,,1,true,true,https://dentalmarket.ma/wp-content/uploads/2025/08/Cabide-Cutters.webp,,2026-07-29T15:49:50.238Z
https://dentalmarket.ma/product/fraise-a-resine-en-carbure-de-tungstene/,5897,fraise-a-resine-en-carbure-de-tungstene,Fraise à Résine en Carbure de Tungstène,5897,5903,CC-2,"{""attribute_forme-iso"":""Boule""}",forme-iso=Boule,32,32,,MAD,true,,1,true,true,https://dentalmarket.ma/wp-content/uploads/2024/08/Carbide-Cutter-2.webp,,2026-07-29T15:49:50.238Z
https://dentalmarket.ma/product/fraise-a-resine-en-carbure-de-tungstene/,5897,fraise-a-resine-en-carbure-de-tungstene,Fraise à Résine en Carbure de Tungstène,5897,5904,CC-1,"{""attribute_forme-iso"":""Poire""}",forme-iso=Poire,49,49,,MAD,true,188,1,true,true,https://dentalmarket.ma/wp-content/uploads/2024/08/Carbide-Cutter-1.webp,,2026-07-29T15:49:50.238Z
https://dentalmarket.ma/product/bavette-masque-protecteurs/,5883,bavette-masque-protecteurs,Bavette/Masque Protecteurs,5883,5885,,"{""attribute_quantite"":""Boite de 10""}",quantite=Boite de 10,15,16,15,MAD,true,,1,true,true,https://dentalmarket.ma/wp-content/uploads/2024/08/lot-de-50-masque-bavettes-qualite-superieure-medicale-de-protection-respiratoire-et-d-hygiene-bleu.jpg,,2026-07-29T15:49:50.238Z
https://dentalmarket.ma/product/bavette-masque-protecteurs/,5883,bavette-masque-protecteurs,Bavette/Masque Protecteurs,5883,5886,,"{""attribute_quantite"":""Boite de 50""}",quantite=Boite de 50,55,55,,MAD,true,,1,true,true,https://dentalmarket.ma/wp-content/uploads/2024/08/lot-de-50-masque-bavettes-qualite-superieure-medicale-de-protection-respiratoire-et-d-hygiene-bleu.jpg,,2026-07-29T15:49:50.238Z
https://dentalmarket.ma/product/porte-fraise-en-aluminium-autoclavable/,5815,porte-fraise-en-aluminium-autoclavable,Porte Fraise en Aluminium Autoclavable,5815,8979,,"{""attribute_support-de"":""5*FG +10*RA""}",support-de=5*FG +10*RA,99,99,,MAD,true,8,1,true,true,https://dentalmarket.ma/wp-content/uploads/2025/08/Porte-Fraise.webp,"<p>– 5 Fraises pour Turbine</p>
<p>– 10 Fraises pour Contre-Angle</p>
",2026-07-29T15:49:50.238Z
https://dentalmarket.ma/product/porte-fraise-en-aluminium-autoclavable/,5815,porte-fraise-en-aluminium-autoclavable,Porte Fraise en Aluminium Autoclavable,5815,8980,,"{""attribute_support-de"":""10*FG + 5*RA""}",support-de=10*FG + 5*RA,99,99,,MAD,true,5,1,true,true,https://dentalmarket.ma/wp-content/uploads/2025/08/Porte-Fraise.webp,"<p>– 10 Fraises pour Turbine</p>
<p>– 5 Fraises pour Contre-Angle</p>
",2026-07-29T15:49:50.238Z
https://dentalmarket.ma/product/porte-fraise-en-aluminium-autoclavable/,5815,porte-fraise-en-aluminium-autoclavable,Porte Fraise en Aluminium Autoclavable,5815,8981,,"{""attribute_support-de"":""15*FG""}",support-de=15*FG,99,99,,MAD,true,10,1,true,true,https://dentalmarket.ma/wp-content/uploads/2025/08/Porte-Fraise.webp,"<p>– 15 Fraises pour Turbine</p>
",2026-07-29T15:49:50.238Z
https://dentalmarket.ma/product/malette-fmpdf/,5777,malette-fmpdf,Malette FMPDF,5777,9899,,"{""attribute_taille"":""Grande""}",taille=Grande,99,99,,MAD,true,,1,true,true,https://dentalmarket.ma/wp-content/uploads/2024/08/91.png,,2026-07-29T15:49:50.238Z
https://dentalmarket.ma/product/malette-fmpdf/,5777,malette-fmpdf,Malette FMPDF,5777,9900,,"{""attribute_taille"":""Moyenne""}",taille=Moyenne,95,95,,MAD,true,,1,true,true,https://dentalmarket.ma/wp-content/uploads/2024/08/91.png,,2026-07-29T15:49:50.238Z
https://dentalmarket.ma/product/malette-um6ss/,5761,malette-um6ss,Malette UM6SS,5761,11854,,"{""attribute_taille"":""Moyenne"",""attribute_um6ss-de"":""Casablanca""}",taille=Moyenne | um6ss-de=Casablanca,95,95,,MAD,true,,1,true,true,https://dentalmarket.ma/wp-content/uploads/2024/08/221.png,,2026-07-29T15:49:50.238Z
https://dentalmarket.ma/product/malette-um6ss/,5761,malette-um6ss,Malette UM6SS,5761,11855,,"{""attribute_taille"":""Moyenne"",""attribute_um6ss-de"":""Rabat""}",taille=Moyenne | um6ss-de=Rabat,95,95,,MAD,true,,1,true,true,https://dentalmarket.ma/wp-content/uploads/2024/08/221.png,,2026-07-29T15:49:50.238Z
https://dentalmarket.ma/product/malette-um6ss/,5761,malette-um6ss,Malette UM6SS,5761,11856,,"{""attribute_taille"":""Grande"",""attribute_um6ss-de"":""Casablanca""}",taille=Grande | um6ss-de=Casablanca,100,100,,MAD,true,,1,true,true,https://dentalmarket.ma/wp-content/uploads/2024/08/221.png,,2026-07-29T15:49:50.238Z
https://dentalmarket.ma/product/malette-um6ss/,5761,malette-um6ss,Malette UM6SS,5761,11857,,"{""attribute_taille"":""Grande"",""attribute_um6ss-de"":""Rabat""}",taille=Grande | um6ss-de=Rabat,100,100,,MAD,true,,1,true,true,https://dentalmarket.ma/wp-content/uploads/2024/08/221.png,,2026-07-29T15:49:50.238Z
https://dentalmarket.ma/product/malette-fmdc/,5759,malette-fmdc,Malette FMDC,5759,9077,,"{""attribute_taille"":""Grande""}",taille=Grande,100,100,,MAD,true,6,1,true,true,https://dentalmarket.ma/wp-content/uploads/2024/08/411.png,,2026-07-29T15:49:50.238Z
https://dentalmarket.ma/product/malette-fmdc/,5759,malette-fmdc,Malette FMDC,5759,9078,,"{""attribute_taille"":""Moyenne""}",taille=Moyenne,95,95,,MAD,true,,1,true,true,https://dentalmarket.ma/wp-content/uploads/2024/08/411.png,,2026-07-29T15:49:50.238Z
https://dentalmarket.ma/product/broche/,5756,broche,Broche,5756,5757,,"{""attribute_longueur"":""21mm"",""attribute_n"":""#30""}",longueur=21mm | n=#30,8,8,,MAD,true,,1,true,true,https://dentalmarket.ma/wp-content/uploads/2025/08/Broche.png,,2026-07-29T15:49:50.238Z
https://dentalmarket.ma/product/broche/,5756,broche,Broche,5756,5758,,"{""attribute_longueur"":""21mm"",""attribute_n"":""#15~40 (Assortiment de 6 limes)""}",longueur=21mm | n=#15~40 (Assortiment de 6 limes),35,35,,MAD,true,26,1,true,true,https://dentalmarket.ma/wp-content/uploads/2025/08/Broche.png,,2026-07-29T15:49:50.238Z
https://dentalmarket.ma/product/broche/,5756,broche,Broche,5756,7914,,"{""attribute_longueur"":""25mm"",""attribute_n"":""#15~40 (Assortiment de 6 limes)""}",longueur=25mm | n=#15~40 (Assortiment de 6 limes),35,35,,MAD,true,4,1,true,true,https://dentalmarket.ma/wp-content/uploads/2025/08/Broche.png,,2026-07-29T15:49:50.238Z
https://dentalmarket.ma/product/gants-latex/,5669,gants-latex,Gants Latex,5669,5672,,"{""attribute_taille"":""L""}",taille=L,60,60,,MAD,true,2,1,true,true,https://dentalmarket.ma/wp-content/uploads/2024/08/comment_choisir_son_gant_medGical.webp,,2026-07-29T15:49:50.238Z
https://dentalmarket.ma/product/gants-latex/,5669,gants-latex,Gants Latex,5669,5673,,"{""attribute_taille"":""M""}",taille=M,60,60,,MAD,true,22,1,true,true,https://dentalmarket.ma/wp-content/uploads/2024/08/comment_choisir_son_gant_medGical.webp,,2026-07-29T15:49:50.238Z
https://dentalmarket.ma/product/gants-latex/,5669,gants-latex,Gants Latex,5669,5674,,"{""attribute_taille"":""S""}",taille=S,60,60,,MAD,true,6,1,true,true,https://dentalmarket.ma/wp-content/uploads/2024/08/comment_choisir_son_gant_medGical.webp,,2026-07-29T15:49:50.238Z
https://dentalmarket.ma/product/lime-k/,5645,lime-k,Lime K - ROGIN,5645,8396,,"{""attribute_longueur"":""25mm"",""attribute_n"":""40"",""attribute_quantite"":""Plaquette (6 limes)""}",longueur=25mm | n=40 | quantite=Plaquette (6 limes),35,35,,MAD,true,37,1,true,true,https://dentalmarket.ma/wp-content/uploads/2025/08/Lime-K.webp,,2026-07-29T15:49:50.238Z
https://dentalmarket.ma/product/lime-k/,5645,lime-k,Lime K - ROGIN,5645,8397,,"{""attribute_longueur"":""25mm"",""attribute_n"":""35"",""attribute_quantite"":""Plaquette (6 limes)""}",longueur=25mm | n=35 | quantite=Plaquette (6 limes),35,35,,MAD,true,35,1,true,true,https://dentalmarket.ma/wp-content/uploads/2025/08/Lime-K.webp,,2026-07-29T15:49:50.238Z
https://dentalmarket.ma/product/lime-k/,5645,lime-k,Lime K - ROGIN,5645,6861,,"{""attribute_longueur"":""31mm"",""attribute_n"":""08"",""attribute_quantite"":""Plaquette (6 limes)""}",longueur=31mm | n=08 | quantite=Plaquette (6 limes),35,35,,MAD,true,2,1,true,true,https://dentalmarket.ma/wp-content/uploads/2025/08/Lime-K.webp,,2026-07-29T15:49:50.238Z
https://dentalmarket.ma/product/lime-k/,5645,lime-k,Lime K - ROGIN,5645,6862,,"{""attribute_longueur"":""31mm"",""attribute_n"":""10"",""attribute_quantite"":""Plaquette (6 limes)""}",longueur=31mm | n=10 | quantite=Plaquette (6 limes),35,35,,MAD,false,,1,true,true,https://dentalmarket.ma/wp-content/uploads/2025/08/Lime-K.webp,,2026-07-29T15:49:50.238Z
https://dentalmarket.ma/product/lime-k/,5645,lime-k,Lime K - ROGIN,5645,6863,,"{""attribute_longueur"":""31mm"",""attribute_n"":""15"",""attribute_quantite"":""Plaquette (6 limes)""}",longueur=31mm | n=15 | quantite=Plaquette (6 limes),35,35,,MAD,false,,1,true,true,https://dentalmarket.ma/wp-content/uploads/2025/08/Lime-K.webp,,2026-07-29T15:49:50.238Z
https://dentalmarket.ma/product/lime-k/,5645,lime-k,Lime K - ROGIN,5645,6864,,"{""attribute_longueur"":""31mm"",""attribute_n"":""20"",""attribute_quantite"":""Plaquette (6 limes)""}",longueur=31mm | n=20 | quantite=Plaquette (6 limes),35,35,,MAD,true,6,1,true,true,https://dentalmarket.ma/wp-content/uploads/2025/08/Lime-K.webp,,2026-07-29T15:49:50.238Z
https://dentalmarket.ma/product/lime-k/,5645,lime-k,Lime K - ROGIN,5645,8393,,"{""attribute_longueur"":""25mm"",""attribute_n"":""15"",""attribute_quantite"":""Plaquette (6 limes)""}",longueur=25mm | n=15 | quantite=Plaquette (6 limes),35,35,,MAD,true,280,1,true,true,https://dentalmarket.ma/wp-content/uploads/2025/08/Lime-K.webp,,2026-07-29T15:49:50.238Z
https://dentalmarket.ma/product/lime-k/,5645,lime-k,Lime K - ROGIN,5645,8395,,"{""attribute_longueur"":""25mm"",""attribute_n"":""08"",""attribute_quantite"":""Plaquette (6 limes)""}",longueur=25mm | n=08 | quantite=Plaquette (6 limes),35,35,,MAD,true,353,1,true,true,https://dentalmarket.ma/wp-content/uploads/2025/08/Lime-K.webp,,2026-07-29T15:49:50.238Z
https://dentalmarket.ma/product/lime-k/,5645,lime-k,Lime K - ROGIN,5645,6865,,"{""attribute_longueur"":""31mm"",""attribute_n"":""25"",""attribute_quantite"":""Plaquette (6 limes)""}",longueur=31mm | n=25 | quantite=Plaquette (6 limes),35,35,,MAD,true,5,1,true,true,https://dentalmarket.ma/wp-content/uploads/2025/08/Lime-K.webp,,2026-07-29T15:49:50.238Z
https://dentalmarket.ma/product/lime-k/,5645,lime-k,Lime K - ROGIN,5645,8394,,"{""attribute_longueur"":""25mm"",""attribute_n"":""10"",""attribute_quantite"":""Plaquette (6 limes)""}",longueur=25mm | n=10 | quantite=Plaquette (6 limes),35,35,,MAD,true,281,1,true,true,https://dentalmarket.ma/wp-content/uploads/2025/08/Lime-K.webp,,2026-07-29T15:49:50.238Z
https://dentalmarket.ma/product/lime-k/,5645,lime-k,Lime K - ROGIN,5645,6866,,"{""attribute_longueur"":""31mm"",""attribute_n"":""30"",""attribute_quantite"":""Plaquette (6 limes)""}",longueur=31mm | n=30 | quantite=Plaquette (6 limes),35,35,,MAD,true,5,1,true,true,https://dentalmarket.ma/wp-content/uploads/2025/08/Lime-K.webp,,2026-07-29T15:49:50.238Z
https://dentalmarket.ma/product/lime-k/,5645,lime-k,Lime K - ROGIN,5645,8392,,"{""attribute_longueur"":""25mm"",""attribute_n"":""20"",""attribute_quantite"":""Plaquette (6 limes)""}",longueur=25mm | n=20 | quantite=Plaquette (6 limes),35,35,,MAD,true,296,1,true,true,https://dentalmarket.ma/wp-content/uploads/2025/08/Lime-K.webp,,2026-07-29T15:49:50.238Z
https://dentalmarket.ma/product/lime-k/,5645,lime-k,Lime K - ROGIN,5645,8391,,"{""attribute_longueur"":""25mm"",""attribute_n"":""25"",""attribute_quantite"":""Plaquette (6 limes)""}",longueur=25mm | n=25 | quantite=Plaquette (6 limes),35,35,,MAD,true,313,1,true,true,https://dentalmarket.ma/wp-content/uploads/2025/08/Lime-K.webp,,2026-07-29T15:49:50.238Z
https://dentalmarket.ma/product/lime-k/,5645,lime-k,Lime K - ROGIN,5645,5649,,"{""attribute_longueur"":""25mm"",""attribute_n"":""30"",""attribute_quantite"":""Plaquette (6 limes)""}",longueur=25mm | n=30 | quantite=Plaquette (6 limes),35,35,,MAD,true,357,1,true,true,https://dentalmarket.ma/wp-content/uploads/2025/08/Lime-K.webp,,2026-07-29T15:49:50.238Z
https://dentalmarket.ma/product/seringue/,5632,seringue,Seringue,5632,8408,,"{""attribute_volume"":""20 CC""}",volume=20 CC,3,3,,MAD,true,25,1,true,true,https://dentalmarket.ma/wp-content/uploads/2024/08/bd-emerald-seringue-avec-aiguille-21g-1-12-seringue-10-ml.jpg,,2026-07-29T15:49:50.238Z
https://dentalmarket.ma/product/seringue/,5632,seringue,Seringue,5632,8409,,"{""attribute_volume"":""2.5 CC""}",volume=2.5 CC,1.5,1.5,,MAD,true,74,1,true,true,https://dentalmarket.ma/wp-content/uploads/2024/08/bd-emerald-seringue-avec-aiguille-21g-1-12-seringue-10-ml.jpg,,2026-07-29T15:49:50.238Z
https://dentalmarket.ma/product/brossette/,5619,brossette,Brossette,5619,5623,,"{""attribute_forme"":""Cône/Pointue"",""attribute_quantite"":""5""}",forme=Cône/Pointue | quantite=5,22,25,22,MAD,true,,1,true,true,https://dentalmarket.ma/wp-content/uploads/2024/08/1536249436-159727676_adobe_express.webp,,2026-07-29T15:49:50.238Z
https://dentalmarket.ma/product/brossette/,5619,brossette,Brossette,5619,5624,,"{""attribute_forme"":""Cône/Pointue"",""attribute_quantite"":""3""}",forme=Cône/Pointue | quantite=3,14,15,14,MAD,true,,1,true,true,https://dentalmarket.ma/wp-content/uploads/2024/08/1536249436-159727676_adobe_express.webp,,2026-07-29T15:49:50.238Z
https://dentalmarket.ma/product/brossette/,5619,brossette,Brossette,5619,5625,,"{""attribute_forme"":""Cône/Pointue"",""attribute_quantite"":""1""}",forme=Cône/Pointue | quantite=1,5,5,,MAD,true,,1,true,true,https://dentalmarket.ma/wp-content/uploads/2024/08/1536249436-159727676_adobe_express.webp,,2026-07-29T15:49:50.238Z
https://dentalmarket.ma/product/brossette/,5619,brossette,Brossette,5619,5626,,"{""attribute_forme"":""Bol/Plate"",""attribute_quantite"":""5""}",forme=Bol/Plate | quantite=5,22,25,22,MAD,true,,1,true,true,https://dentalmarket.ma/wp-content/uploads/2024/08/1213398395807669121.webp,,2026-07-29T15:49:50.238Z
https://dentalmarket.ma/product/brossette/,5619,brossette,Brossette,5619,5627,,"{""attribute_forme"":""Bol/Plate"",""attribute_quantite"":""3""}",forme=Bol/Plate | quantite=3,14,15,14,MAD,true,,1,true,true,https://dentalmarket.ma/wp-content/uploads/2024/08/1213398395807669121.webp,,2026-07-29T15:49:50.238Z
https://dentalmarket.ma/product/brossette/,5619,brossette,Brossette,5619,5628,,"{""attribute_forme"":""Bol/Plate"",""attribute_quantite"":""1""}",forme=Bol/Plate | quantite=1,5,5,,MAD,true,,1,true,true,https://dentalmarket.ma/wp-content/uploads/2024/08/1213398395807669121.webp,,2026-07-29T15:49:50.238Z
https://dentalmarket.ma/product/surligneurs-staedtler/,5595,surligneurs-staedtler,Surligneurs - STAEDTLER,5595,5601,,"{""attribute_pack"":""8 Couleurs""}",pack=8 Couleurs,56,75,56,MAD,false,,1,true,true,https://dentalmarket.ma/wp-content/uploads/2024/08/csm_2854174_Productpicture_21eeb0bc76-1.webp,,2026-07-29T15:49:50.238Z
https://dentalmarket.ma/product/surligneurs-staedtler/,5595,surligneurs-staedtler,Surligneurs - STAEDTLER,5595,5602,,"{""attribute_pack"":""6 Couleurs""}",pack=6 Couleurs,44,52,44,MAD,false,,1,true,true,https://dentalmarket.ma/wp-content/uploads/2024/08/364-WP6.webp,,2026-07-29T15:49:50.238Z
https://dentalmarket.ma/product/surligneurs-staedtler/,5595,surligneurs-staedtler,Surligneurs - STAEDTLER,5595,5603,,"{""attribute_pack"":""4 Couleurs""}",pack=4 Couleurs,32,37,32,MAD,true,2,1,true,true,https://dentalmarket.ma/wp-content/uploads/2024/08/csm_2854108_Productpicture_fc46ea6984-1.webp,,2026-07-29T15:49:50.238Z
https://dentalmarket.ma/product/manche-bistouri-bistouri/,5589,manche-bistouri-bistouri,Manche Bistouri/Bistouri,5589,5590,,"{""attribute_part"":""Manche Bistouri + Bistouri""}",part=Manche Bistouri + Bistouri,26,27,26,MAD,true,,1,true,true,https://dentalmarket.ma/wp-content/uploads/2024/08/Design-sans-titre-58.webp,,2026-07-29T15:49:50.238Z
https://dentalmarket.ma/product/manche-bistouri-bistouri/,5589,manche-bistouri-bistouri,Manche Bistouri/Bistouri,5589,5591,,"{""attribute_part"":""Bistouri N°15""}",part=Bistouri N°15,2,2,,MAD,true,,1,true,true,https://dentalmarket.ma/wp-content/uploads/2024/08/56lame_de_bistouri_numero_15_sterile_swann_morton.jpg,,2026-07-29T15:49:50.238Z
https://dentalmarket.ma/product/manche-bistouri-bistouri/,5589,manche-bistouri-bistouri,Manche Bistouri/Bistouri,5589,5592,,"{""attribute_part"":""Manche Bistouri""}",part=Manche Bistouri,25,25,,MAD,true,,1,true,true,https://dentalmarket.ma/wp-content/uploads/2024/08/Design-sans-titre-57.webp,,2026-07-29T15:49:50.238Z
https://dentalmarket.ma/product/fouloir-finger-spreader-rogin/,5579,fouloir-finger-spreader-rogin,Fouloir (Finger Spreader) - ROGIN,5579,5580,,"{""attribute_longueur"":""25mm"",""attribute_n"":""#20~35 (ABCD/4 fouloirs)""}",longueur=25mm | n=#20~35 (ABCD/4 fouloirs),35,55,35,MAD,true,15,1,true,true,https://dentalmarket.ma/wp-content/uploads/2025/08/Fouloir.webp,"<p>JAUNE + ROUGE + BLEU + VERT</p>
",2026-07-29T15:49:50.238Z
https://dentalmarket.ma/product/fouloir-finger-spreader-rogin/,5579,fouloir-finger-spreader-rogin,Fouloir (Finger Spreader) - ROGIN,5579,5581,,"{""attribute_longueur"":""25mm"",""attribute_n"":""#15~40 (Assortiment de 6 fouloirs)""}",longueur=25mm | n=#15~40 (Assortiment de 6 fouloirs),45,62,45,MAD,true,8,1,true,true,https://dentalmarket.ma/wp-content/uploads/2025/08/Fouloir.webp,,2026-07-29T15:49:50.238Z
https://dentalmarket.ma/product/cahier-tp/,5523,cahier-tp,Cahier TP,5523,5524,,"{""attribute_nombre-de-pages"":""192P""}",nombre-de-pages=192P,24,24,,MAD,false,,1,true,true,https://dentalmarket.ma/wp-content/uploads/2024/08/cahier_piqure_1.webp,,2026-07-29T15:49:50.238Z
https://dentalmarket.ma/product/cahier-tp/,5523,cahier-tp,Cahier TP,5523,5525,,"{""attribute_nombre-de-pages"":""144P""}",nombre-de-pages=144P,19,19,,MAD,true,5,1,true,true,https://dentalmarket.ma/wp-content/uploads/2024/08/cahier_piqure_1.webp,,2026-07-29T15:49:50.238Z
https://dentalmarket.ma/product/cahier-tp/,5523,cahier-tp,Cahier TP,5523,5526,,"{""attribute_nombre-de-pages"":""96P""}",nombre-de-pages=96P,14,14,,MAD,true,21,1,true,true,https://dentalmarket.ma/wp-content/uploads/2024/08/cahier_piqure_1.webp,,2026-07-29T15:49:50.238Z
https://dentalmarket.ma/product/toile-ciree/,5518,toile-ciree,Toile Cirée,5518,5520,,"{""attribute_taille"":""Petite 50cm × 70cm""}",taille=Petite 50cm × 70cm,18,18,,MAD,true,,1,true,true,https://dentalmarket.ma/wp-content/uploads/2024/08/e36772ca5f03c0c2456ca1b65ed829e740a18dbb_1148.jpg,,2026-07-29T15:49:50.238Z
https://dentalmarket.ma/product/toile-ciree/,5518,toile-ciree,Toile Cirée,5518,5521,,"{""attribute_taille"":""Grande 100cm × 70cm""}",taille=Grande 100cm × 70cm,32,32,,MAD,true,,1,true,true,https://dentalmarket.ma/wp-content/uploads/2024/08/e36772ca5f03c0c2456ca1b65ed829e740a18dbb_1148.jpg,,2026-07-29T15:49:50.238Z
https://dentalmarket.ma/product/pinceau/,5514,pinceau,Pinceau,5514,10485,,"{""attribute_n"":""20""}",n=20,5,5,,MAD,true,49,1,true,true,https://dentalmarket.ma/wp-content/uploads/2024/08/pinceau-martre-kolinsky-pointe-longue-fine-serie-8413-raphael-n2.jpg,,2026-07-29T15:49:50.238Z
https://dentalmarket.ma/product/pinceau/,5514,pinceau,Pinceau,5514,5517,,"{""attribute_n"":""2""}",n=2,3,3,,MAD,true,,1,true,true,https://dentalmarket.ma/wp-content/uploads/2024/08/pinceau-martre-kolinsky-pointe-longue-fine-serie-8413-raphael-n2.jpg,,2026-07-29T15:49:50.238Z
https://dentalmarket.ma/product/pinceau/,5514,pinceau,Pinceau,5514,5516,,"{""attribute_n"":""18""}",n=18,5,5,,MAD,false,,1,true,true,https://dentalmarket.ma/wp-content/uploads/2024/08/pinceau-martre-kolinsky-pointe-longue-fine-serie-8413-raphael-n2.jpg,,2026-07-29T15:49:50.238Z
https://dentalmarket.ma/product/lentulo/,5304,lentulo,Lentulo - ROGIN,5304,7931,,"{""attribute_longueur"":""25mm (standard)"",""attribute_n"":""#25~40 (Assortiment de 4 lentulos)"",""attribute_quantite"":""Plaquette (4 lentulos)""}",longueur=25mm (standard) | n=#25~40 (Assortiment de 4 lentulos) | quantite=Plaquette (4 lentulos),72,85,72,MAD,true,8,1,true,true,https://dentalmarket.ma/wp-content/uploads/2025/08/Lentulo.png,,2026-07-29T15:49:50.238Z
https://dentalmarket.ma/product/lentulo/,5304,lentulo,Lentulo - ROGIN,5304,7933,,"{""attribute_longueur"":""25mm (standard)"",""attribute_n"":""#40 (Noir)"",""attribute_quantite"":""Plaquette (4 lentulos)""}",longueur=25mm (standard) | n=#40 (Noir) | quantite=Plaquette (4 lentulos),72,85,72,MAD,true,,1,true,true,https://dentalmarket.ma/wp-content/uploads/2025/08/Lentulo.png,,2026-07-29T15:49:50.238Z
https://dentalmarket.ma/product/lentulo/,5304,lentulo,Lentulo - ROGIN,5304,7934,,"{""attribute_longueur"":""25mm (standard)"",""attribute_n"":""#40 (Noir)"",""attribute_quantite"":""Unité (1 lentulo)""}",longueur=25mm (standard) | n=#40 (Noir) | quantite=Unité (1 lentulo),18,23,18,MAD,true,,1,true,true,https://dentalmarket.ma/wp-content/uploads/2025/08/Lentulo.png,,2026-07-29T15:49:50.238Z
https://dentalmarket.ma/product/lentulo/,5304,lentulo,Lentulo - ROGIN,5304,7935,,"{""attribute_longueur"":""25mm (standard)"",""attribute_n"":""#35 (Vert)"",""attribute_quantite"":""Plaquette (4 lentulos)""}",longueur=25mm (standard) | n=#35 (Vert) | quantite=Plaquette (4 lentulos),72,85,72,MAD,true,,1,true,true,https://dentalmarket.ma/wp-content/uploads/2025/08/Lentulo.png,,2026-07-29T15:49:50.238Z
https://dentalmarket.ma/product/lentulo/,5304,lentulo,Lentulo - ROGIN,5304,7936,,"{""attribute_longueur"":""25mm (standard)"",""attribute_n"":""#35 (Vert)"",""attribute_quantite"":""Unité (1 lentulo)""}",longueur=25mm (standard) | n=#35 (Vert) | quantite=Unité (1 lentulo),18,23,18,MAD,true,,1,true,true,https://dentalmarket.ma/wp-content/uploads/2025/08/Lentulo.png,,2026-07-29T15:49:50.238Z
https://dentalmarket.ma/product/lentulo/,5304,lentulo,Lentulo - ROGIN,5304,7937,,"{""attribute_longueur"":""25mm (standard)"",""attribute_n"":""#30 (Bleu)"",""attribute_quantite"":""Plaquette (4 lentulos)""}",longueur=25mm (standard) | n=#30 (Bleu) | quantite=Plaquette (4 lentulos),72,85,72,MAD,true,,1,true,true,https://dentalmarket.ma/wp-content/uploads/2025/08/Lentulo.png,,2026-07-29T15:49:50.238Z
https://dentalmarket.ma/product/lentulo/,5304,lentulo,Lentulo - ROGIN,5304,7938,,"{""attribute_longueur"":""25mm (standard)"",""attribute_n"":""#30 (Bleu)"",""attribute_quantite"":""Unité (1 lentulo)""}",longueur=25mm (standard) | n=#30 (Bleu) | quantite=Unité (1 lentulo),18,23,18,MAD,true,,1,true,true,https://dentalmarket.ma/wp-content/uploads/2025/08/Lentulo.png,,2026-07-29T15:49:50.238Z
https://dentalmarket.ma/product/lentulo/,5304,lentulo,Lentulo - ROGIN,5304,7939,,"{""attribute_longueur"":""25mm (standard)"",""attribute_n"":""#25 (Rouge)"",""attribute_quantite"":""Plaquette (4 lentulos)""}",longueur=25mm (standard) | n=#25 (Rouge) | quantite=Plaquette (4 lentulos),72,85,72,MAD,true,,1,true,true,https://dentalmarket.ma/wp-content/uploads/2025/08/Lentulo.png,,2026-07-29T15:49:50.238Z
https://dentalmarket.ma/product/lentulo/,5304,lentulo,Lentulo - ROGIN,5304,7940,,"{""attribute_longueur"":""25mm (standard)"",""attribute_n"":""#25 (Rouge)"",""attribute_quantite"":""Unité (1 lentulo)""}",longueur=25mm (standard) | n=#25 (Rouge) | quantite=Unité (1 lentulo),18,23,18,MAD,true,,1,true,true,https://dentalmarket.ma/wp-content/uploads/2025/08/Lentulo.png,,2026-07-29T15:49:50.238Z
https://dentalmarket.ma/product/lentulo/,5304,lentulo,Lentulo - ROGIN,5304,7941,,"{""attribute_longueur"":""21mm"",""attribute_n"":""#25~40 (Assortiment de 4 lentulos)"",""attribute_quantite"":""Plaquette (4 lentulos)""}",longueur=21mm | n=#25~40 (Assortiment de 4 lentulos) | quantite=Plaquette (4 lentulos),72,85,72,MAD,true,2,1,true,true,https://dentalmarket.ma/wp-content/uploads/2025/08/Lentulo.png,,2026-07-29T15:49:50.238Z
https://dentalmarket.ma/product/lentulo/,5304,lentulo,Lentulo - ROGIN,5304,7943,,"{""attribute_longueur"":""21mm"",""attribute_n"":""#40 (Noir)"",""attribute_quantite"":""Plaquette (4 lentulos)""}",longueur=21mm | n=#40 (Noir) | quantite=Plaquette (4 lentulos),72,85,72,MAD,true,,1,true,true,https://dentalmarket.ma/wp-content/uploads/2025/08/Lentulo.png,,2026-07-29T15:49:50.238Z
https://dentalmarket.ma/product/lentulo/,5304,lentulo,Lentulo - ROGIN,5304,7944,,"{""attribute_longueur"":""21mm"",""attribute_n"":""#40 (Noir)"",""attribute_quantite"":""Unité (1 lentulo)""}",longueur=21mm | n=#40 (Noir) | quantite=Unité (1 lentulo),18,23,18,MAD,true,,1,true,true,https://dentalmarket.ma/wp-content/uploads/2025/08/Lentulo.png,,2026-07-29T15:49:50.238Z
https://dentalmarket.ma/product/lentulo/,5304,lentulo,Lentulo - ROGIN,5304,7945,,"{""attribute_longueur"":""21mm"",""attribute_n"":""#35 (Vert)"",""attribute_quantite"":""Plaquette (4 lentulos)""}",longueur=21mm | n=#35 (Vert) | quantite=Plaquette (4 lentulos),72,85,72,MAD,true,,1,true,true,https://dentalmarket.ma/wp-content/uploads/2025/08/Lentulo.png,,2026-07-29T15:49:50.238Z
https://dentalmarket.ma/product/lentulo/,5304,lentulo,Lentulo - ROGIN,5304,7946,,"{""attribute_longueur"":""21mm"",""attribute_n"":""#35 (Vert)"",""attribute_quantite"":""Unité (1 lentulo)""}",longueur=21mm | n=#35 (Vert) | quantite=Unité (1 lentulo),18,23,18,MAD,true,,1,true,true,https://dentalmarket.ma/wp-content/uploads/2025/08/Lentulo.png,,2026-07-29T15:49:50.238Z
https://dentalmarket.ma/product/lentulo/,5304,lentulo,Lentulo - ROGIN,5304,7947,,"{""attribute_longueur"":""21mm"",""attribute_n"":""#30 (Bleu)"",""attribute_quantite"":""Plaquette (4 lentulos)""}",longueur=21mm | n=#30 (Bleu) | quantite=Plaquette (4 lentulos),72,85,72,MAD,true,,1,true,true,https://dentalmarket.ma/wp-content/uploads/2025/08/Lentulo.png,,2026-07-29T15:49:50.238Z
https://dentalmarket.ma/product/lentulo/,5304,lentulo,Lentulo - ROGIN,5304,7948,,"{""attribute_longueur"":""21mm"",""attribute_n"":""#30 (Bleu)"",""attribute_quantite"":""Unité (1 lentulo)""}",longueur=21mm | n=#30 (Bleu) | quantite=Unité (1 lentulo),18,23,18,MAD,true,,1,true,true,https://dentalmarket.ma/wp-content/uploads/2025/08/Lentulo.png,,2026-07-29T15:49:50.238Z
https://dentalmarket.ma/product/lentulo/,5304,lentulo,Lentulo - ROGIN,5304,7949,,"{""attribute_longueur"":""21mm"",""attribute_n"":""#25 (Rouge)"",""attribute_quantite"":""Plaquette (4 lentulos)""}",longueur=21mm | n=#25 (Rouge) | quantite=Plaquette (4 lentulos),72,85,72,MAD,true,,1,true,true,https://dentalmarket.ma/wp-content/uploads/2025/08/Lentulo.png,,2026-07-29T15:49:50.238Z
https://dentalmarket.ma/product/lentulo/,5304,lentulo,Lentulo - ROGIN,5304,7950,,"{""attribute_longueur"":""21mm"",""attribute_n"":""#25 (Rouge)"",""attribute_quantite"":""Unité (1 lentulo)""}",longueur=21mm | n=#25 (Rouge) | quantite=Unité (1 lentulo),18,23,18,MAD,true,,1,true,true,https://dentalmarket.ma/wp-content/uploads/2025/08/Lentulo.png,,2026-07-29T15:49:50.238Z
https://dentalmarket.ma/product/gutta-thermo-condenseur-rogin/,5302,gutta-thermo-condenseur-rogin,Gutta Thermo Condenseur (Thermo-compacteur) - ROGIN,5302,5530,,"{""attribute_couleur-numero"":""#25-40 (Assortiment)""}",couleur-numero=#25-40 (Assortiment),195,195,,MAD,false,,1,true,true,https://dentalmarket.ma/wp-content/uploads/2025/08/Themo-Condenseur.png,,2026-07-29T15:49:50.238Z
https://dentalmarket.ma/product/gutta-thermo-condenseur-rogin/,5302,gutta-thermo-condenseur-rogin,Gutta Thermo Condenseur (Thermo-compacteur) - ROGIN,5302,7905,,"{""attribute_couleur-numero"":""#25 (Rouge)""}",couleur-numero=#25 (Rouge),49,49,,MAD,true,225,1,true,true,https://dentalmarket.ma/wp-content/uploads/2025/08/Themo-Condenseur.png,,2026-07-29T15:49:50.238Z
https://dentalmarket.ma/product/gutta-thermo-condenseur-rogin/,5302,gutta-thermo-condenseur-rogin,Gutta Thermo Condenseur (Thermo-compacteur) - ROGIN,5302,7906,,"{""attribute_couleur-numero"":""#30 (Bleu)""}",couleur-numero=#30 (Bleu),49,49,,MAD,false,,1,true,true,https://dentalmarket.ma/wp-content/uploads/2025/08/Themo-Condenseur.png,,2026-07-29T15:49:50.238Z
https://dentalmarket.ma/product/gutta-thermo-condenseur-rogin/,5302,gutta-thermo-condenseur-rogin,Gutta Thermo Condenseur (Thermo-compacteur) - ROGIN,5302,7907,,"{""attribute_couleur-numero"":""#35 (Vert)""}",couleur-numero=#35 (Vert),49,49,,MAD,false,,1,true,true,https://dentalmarket.ma/wp-content/uploads/2025/08/Themo-Condenseur.png,,2026-07-29T15:49:50.238Z
https://dentalmarket.ma/product/gutta-thermo-condenseur-rogin/,5302,gutta-thermo-condenseur-rogin,Gutta Thermo Condenseur (Thermo-compacteur) - ROGIN,5302,7908,,"{""attribute_couleur-numero"":""#40 (Noir)""}",couleur-numero=#40 (Noir),49,49,,MAD,true,6,1,true,true,https://dentalmarket.ma/wp-content/uploads/2025/08/Themo-Condenseur.png,,2026-07-29T15:49:50.238Z
https://dentalmarket.ma/product/cutter/,5295,cutter,Cutter,5295,5297,,"{""attribute_taille"":""Petit""}",taille=Petit,3,3,,MAD,true,7,1,true,true,https://dentalmarket.ma/wp-content/uploads/2025/08/Cutter-Petit.webp,,2026-07-29T15:49:50.238Z
https://dentalmarket.ma/product/cutter/,5295,cutter,Cutter,5295,5298,,"{""attribute_taille"":""Grand""}",taille=Grand,12,12,,MAD,true,16,1,true,true,https://dentalmarket.ma/wp-content/uploads/2025/08/Cutter-Grand.webp,,2026-07-29T15:49:50.238Z
https://dentalmarket.ma/product/regle-endo/,5280,regle-endo,Règle Endo,5280,5284,,"{""attribute_couleur"":""Doré""}",couleur=Doré,35,35,,MAD,false,,1,true,true,https://dentalmarket.ma/wp-content/uploads/2024/08/9.png,,2026-07-29T15:49:50.238Z
https://dentalmarket.ma/product/regle-endo/,5280,regle-endo,Règle Endo,5280,5285,,"{""attribute_couleur"":""Rouge""}",couleur=Rouge,35,35,,MAD,false,,1,true,true,https://dentalmarket.ma/wp-content/uploads/2024/08/71.png,,2026-07-29T15:49:50.238Z
https://dentalmarket.ma/product/regle-endo/,5280,regle-endo,Règle Endo,5280,5286,,"{""attribute_couleur"":""Violet""}",couleur=Violet,35,35,,MAD,false,,1,true,true,https://dentalmarket.ma/wp-content/uploads/2024/08/10.png,,2026-07-29T15:49:50.238Z
https://dentalmarket.ma/product/regle-endo/,5280,regle-endo,Règle Endo,5280,5287,,"{""attribute_couleur"":""Bleu""}",couleur=Bleu,35,35,,MAD,false,,1,true,true,https://dentalmarket.ma/wp-content/uploads/2024/08/11.png,,2026-07-29T15:49:50.238Z
https://dentalmarket.ma/product/regle-endo/,5280,regle-endo,Règle Endo,5280,5288,,"{""attribute_couleur"":""Vert""}",couleur=Vert,35,35,,MAD,true,2,1,true,true,https://dentalmarket.ma/wp-content/uploads/2024/08/8.png,,2026-07-29T15:49:50.238Z
https://dentalmarket.ma/product/couteau-a-platre-cire/,5272,couteau-a-platre-cire,Couteau à Plâtre/Cire,5272,5273,,"{""attribute_couteau-a"":""Plâtre + Cire""}",couteau-a=Plâtre + Cire,79,79,,MAD,false,,1,true,true,https://dentalmarket.ma/wp-content/uploads/2024/08/INS-SS-1018.png,,2026-07-29T15:49:50.238Z
https://dentalmarket.ma/product/couteau-a-platre-cire/,5272,couteau-a-platre-cire,Couteau à Plâtre/Cire,5272,5274,,"{""attribute_couteau-a"":""Cire""}",couteau-a=Cire,32,32,,MAD,true,18,1,true,true,https://dentalmarket.ma/wp-content/uploads/2024/08/J.png,,2026-07-29T15:49:50.238Z
https://dentalmarket.ma/product/couteau-a-platre-cire/,5272,couteau-a-platre-cire,Couteau à Plâtre/Cire,5272,5275,,"{""attribute_couteau-a"":""Plâtre""}",couteau-a=Plâtre,47,47,,MAD,true,18,1,true,true,https://dentalmarket.ma/wp-content/uploads/2024/08/INS-SS-1018.jpg,,2026-07-29T15:49:50.238Z
https://dentalmarket.ma/product/fraise-a-resine-en-pierre-rose/,4900,fraise-a-resine-en-pierre-rose,Fraise à Résine en Pierre Rose,4900,4902,,"{""attribute_forme"":""Conique""}",forme=Conique,7,7,,MAD,true,39,1,true,true,https://dentalmarket.ma/wp-content/uploads/2024/08/Design-sans-titre-45.png,,2026-07-29T15:49:50.238Z
https://dentalmarket.ma/product/fraise-a-resine-en-pierre-rose/,4900,fraise-a-resine-en-pierre-rose,Fraise à Résine en Pierre Rose,4900,4903,,"{""attribute_forme"":""Cylindrique""}",forme=Cylindrique,7,7,,MAD,true,6,1,true,true,https://dentalmarket.ma/wp-content/uploads/2024/08/Design-sans-titre-46.png,,2026-07-29T15:49:50.238Z
https://dentalmarket.ma/product/fraise-pierre-blanche/,4894,fraise-pierre-blanche,Arkansas/Pointe Montée Pierre Blanche pour Polissage de Composite,4894,8605,A-ALLC,"{""attribute_tige"":""Contre-angle"",""attribute_forme"":""N°1,2,3""}","tige=Contre-angle | forme=N°1,2,3",35,45,35,MAD,false,,1,true,true,https://dentalmarket.ma/wp-content/uploads/2025/08/0.5mm10x21.webp,,2026-07-29T15:49:50.238Z
https://dentalmarket.ma/product/fraise-pierre-blanche/,4894,fraise-pierre-blanche,Arkansas/Pointe Montée Pierre Blanche pour Polissage de Composite,4894,8606,A-4C,"{""attribute_tige"":""Contre-angle"",""attribute_forme"":""N°4 (Cylindrique)""}",tige=Contre-angle | forme=N°4 (Cylindrique),15,15,,MAD,true,44,1,true,true,https://dentalmarket.ma/wp-content/uploads/2025/08/0.5mm10x21.webp,,2026-07-29T15:49:50.238Z
https://dentalmarket.ma/product/fraise-pierre-blanche/,4894,fraise-pierre-blanche,Arkansas/Pointe Montée Pierre Blanche pour Polissage de Composite,4894,8607,A-3C,"{""attribute_tige"":""Contre-angle"",""attribute_forme"":""N°3 (Boule)""}",tige=Contre-angle | forme=N°3 (Boule),15,15,,MAD,true,42,1,true,true,https://dentalmarket.ma/wp-content/uploads/2025/08/0.5mm10x21.webp,,2026-07-29T15:49:50.238Z
https://dentalmarket.ma/product/fraise-pierre-blanche/,4894,fraise-pierre-blanche,Arkansas/Pointe Montée Pierre Blanche pour Polissage de Composite,4894,8608,A-2C,"{""attribute_tige"":""Contre-angle"",""attribute_forme"":""N°2 (Conique)""}",tige=Contre-angle | forme=N°2 (Conique),15,15,,MAD,true,344,1,true,true,https://dentalmarket.ma/wp-content/uploads/2025/08/0.5mm10x21.webp,,2026-07-29T15:49:50.238Z
https://dentalmarket.ma/product/fraise-pierre-blanche/,4894,fraise-pierre-blanche,Arkansas/Pointe Montée Pierre Blanche pour Polissage de Composite,4894,8609,A-1C,"{""attribute_tige"":""Contre-angle"",""attribute_forme"":""N°1 (Flamme)""}",tige=Contre-angle | forme=N°1 (Flamme),15,15,,MAD,true,647,1,true,true,https://dentalmarket.ma/wp-content/uploads/2025/08/0.5mm10x21.webp,,2026-07-29T15:49:50.238Z
https://dentalmarket.ma/product/fraise-pierre-blanche/,4894,fraise-pierre-blanche,Arkansas/Pointe Montée Pierre Blanche pour Polissage de Composite,4894,8610,A-ALLT,"{""attribute_tige"":""Turbine"",""attribute_forme"":""N°1,2,3""}","tige=Turbine | forme=N°1,2,3",35,45,35,MAD,false,,1,true,true,https://dentalmarket.ma/wp-content/uploads/2025/08/0.5mm10x21.webp,,2026-07-29T15:49:50.238Z
https://dentalmarket.ma/product/fraise-pierre-blanche/,4894,fraise-pierre-blanche,Arkansas/Pointe Montée Pierre Blanche pour Polissage de Composite,4894,8612,A-3T,"{""attribute_tige"":""Turbine"",""attribute_forme"":""N°3 (Boule)""}",tige=Turbine | forme=N°3 (Boule),15,15,,MAD,true,52,1,true,true,https://dentalmarket.ma/wp-content/uploads/2025/08/0.5mm10x21.webp,,2026-07-29T15:49:50.238Z
https://dentalmarket.ma/product/fraise-pierre-blanche/,4894,fraise-pierre-blanche,Arkansas/Pointe Montée Pierre Blanche pour Polissage de Composite,4894,8613,A-2T,"{""attribute_tige"":""Turbine"",""attribute_forme"":""N°2 (Conique)""}",tige=Turbine | forme=N°2 (Conique),15,15,,MAD,true,99,1,true,true,https://dentalmarket.ma/wp-content/uploads/2025/08/0.5mm10x21.webp,,2026-07-29T15:49:50.238Z
https://dentalmarket.ma/product/fraise-pierre-blanche/,4894,fraise-pierre-blanche,Arkansas/Pointe Montée Pierre Blanche pour Polissage de Composite,4894,8614,A-1T,"{""attribute_tige"":""Turbine"",""attribute_forme"":""N°1 (Flamme)""}",tige=Turbine | forme=N°1 (Flamme),15,15,,MAD,true,295,1,true,true,https://dentalmarket.ma/wp-content/uploads/2025/08/0.5mm10x21.webp,,2026-07-29T15:49:50.238Z
https://dentalmarket.ma/product/chalumeaux/,4878,chalumeaux,Chalumeau,4878,4892,,"{""attribute_chalumeau-avec-ou-sans-cartouche-de-gaz"":""Chalumeau sans cartouche""}",chalumeau-avec-ou-sans-cartouche-de-gaz=Chalumeau sans cartouche,175,190,175,MAD,true,,1,true,true,https://dentalmarket.ma/wp-content/uploads/2024/08/8900_nu_2014.jpg,,2026-07-29T15:49:50.238Z
https://dentalmarket.ma/product/chalumeaux/,4878,chalumeaux,Chalumeau,4878,4891,,"{""attribute_chalumeau-avec-ou-sans-cartouche-de-gaz"":""Chalumeau avec cartouche""}",chalumeau-avec-ou-sans-cartouche-de-gaz=Chalumeau avec cartouche,190,205,190,MAD,true,,1,true,true,https://dentalmarket.ma/wp-content/uploads/2024/08/8900_nu_2014.jpg,,2026-07-29T15:49:50.238Z
https://dentalmarket.ma/product/chalumeaux/,4878,chalumeaux,Chalumeau,4878,4890,,"{""attribute_chalumeau-avec-ou-sans-cartouche-de-gaz"":""Cartouche seule""}",chalumeau-avec-ou-sans-cartouche-de-gaz=Cartouche seule,15,15,,MAD,true,,1,true,true,https://dentalmarket.ma/wp-content/uploads/2024/08/8900_nu_2014.jpg,,2026-07-29T15:49:50.238Z
https://dentalmarket.ma/product/dent-frasco/,4872,dent-frasco,Dent Frasco Adulte,4872,15134,FA-A3-B,"{""attribute_pa_reference"":""a-3z-e"",""attribute_pa_modele-de-dent"":""jeu-complet"",""attribute_pa_conditionnement"":""en-boite""}",pa_reference=a-3z-e | pa_modele-de-dent=jeu-complet | pa_conditionnement=en-boite,399,499,399,MAD,true,,1,true,true,https://dentalmarket.ma/wp-content/uploads/2026/07/Frasaco-Boite.webp,,2026-07-29T15:49:50.238Z
https://dentalmarket.ma/product/dent-frasco/,4872,dent-frasco,Dent Frasco Adulte,4872,7009,FA-A3-S,"{""attribute_pa_reference"":""a-3z-e"",""attribute_pa_modele-de-dent"":""jeu-complet"",""attribute_pa_conditionnement"":""en-sachet""}",pa_reference=a-3z-e | pa_modele-de-dent=jeu-complet | pa_conditionnement=en-sachet,349,449,349,MAD,true,,1,true,true,https://dentalmarket.ma/wp-content/uploads/2024/08/61jmzAT6YhS._SL1500_.webp,,2026-07-29T15:49:50.238Z
https://dentalmarket.ma/product/dent-frasco/,4872,dent-frasco,Dent Frasco Adulte,4872,4899,FA-AG,"{""attribute_pa_reference"":""ag-3"",""attribute_pa_modele-de-dent"":""jeu-complet"",""attribute_pa_conditionnement"":""en-sachet""}",pa_reference=ag-3 | pa_modele-de-dent=jeu-complet | pa_conditionnement=en-sachet,319,399,319,MAD,true,,1,true,true,https://dentalmarket.ma/wp-content/uploads/2024/08/61jmzAT6YhS._SL1500_.webp,,2026-07-29T15:49:50.238Z
https://dentalmarket.ma/product/dent-frasco/,4872,dent-frasco,Dent Frasco Adulte,4872,11789,FA-11,"{""attribute_pa_reference"":""a-3z-e"",""attribute_pa_modele-de-dent"":""11"",""attribute_pa_conditionnement"":""en-sachet""}",pa_reference=a-3z-e | pa_modele-de-dent=11 | pa_conditionnement=en-sachet,17,25,17,MAD,true,,1,true,true,https://dentalmarket.ma/wp-content/uploads/2024/08/61jmzAT6YhS._SL1500_.webp,,2026-07-29T15:49:50.238Z
https://dentalmarket.ma/product/dent-frasco/,4872,dent-frasco,Dent Frasco Adulte,4872,11790,FA-12,"{""attribute_pa_reference"":""a-3z-e"",""attribute_pa_modele-de-dent"":""12"",""attribute_pa_conditionnement"":""en-sachet""}",pa_reference=a-3z-e | pa_modele-de-dent=12 | pa_conditionnement=en-sachet,17,25,17,MAD,true,57,1,true,true,https://dentalmarket.ma/wp-content/uploads/2024/08/61jmzAT6YhS._SL1500_.webp,,2026-07-29T15:49:50.238Z
https://dentalmarket.ma/product/dent-frasco/,4872,dent-frasco,Dent Frasco Adulte,4872,11791,FA-13,"{""attribute_pa_reference"":""a-3z-e"",""attribute_pa_modele-de-dent"":""13"",""attribute_pa_conditionnement"":""en-sachet""}",pa_reference=a-3z-e | pa_modele-de-dent=13 | pa_conditionnement=en-sachet,17,25,17,MAD,true,,1,true,true,https://dentalmarket.ma/wp-content/uploads/2024/08/61jmzAT6YhS._SL1500_.webp,,2026-07-29T15:49:50.238Z
https://dentalmarket.ma/product/dent-frasco/,4872,dent-frasco,Dent Frasco Adulte,4872,11792,FA-14,"{""attribute_pa_reference"":""a-3z-e"",""attribute_pa_modele-de-dent"":""14"",""attribute_pa_conditionnement"":""en-sachet""}",pa_reference=a-3z-e | pa_modele-de-dent=14 | pa_conditionnement=en-sachet,17,25,17,MAD,true,139,1,true,true,https://dentalmarket.ma/wp-content/uploads/2024/08/61jmzAT6YhS._SL1500_.webp,,2026-07-29T15:49:50.238Z
https://dentalmarket.ma/product/dent-frasco/,4872,dent-frasco,Dent Frasco Adulte,4872,11793,FA-15,"{""attribute_pa_reference"":""a-3z-e"",""attribute_pa_modele-de-dent"":""15"",""attribute_pa_conditionnement"":""en-sachet""}",pa_reference=a-3z-e | pa_modele-de-dent=15 | pa_conditionnement=en-sachet,17,25,17,MAD,true,11,1,true,true,https://dentalmarket.ma/wp-content/uploads/2024/08/61jmzAT6YhS._SL1500_.webp,,2026-07-29T15:49:50.238Z
https://dentalmarket.ma/product/dent-frasco/,4872,dent-frasco,Dent Frasco Adulte,4872,11794,FA-16,"{""attribute_pa_reference"":""a-3z-e"",""attribute_pa_modele-de-dent"":""16"",""attribute_pa_conditionnement"":""en-sachet""}",pa_reference=a-3z-e | pa_modele-de-dent=16 | pa_conditionnement=en-sachet,17,25,17,MAD,true,84,1,true,true,https://dentalmarket.ma/wp-content/uploads/2024/08/61jmzAT6YhS._SL1500_.webp,,2026-07-29T15:49:50.238Z
https://dentalmarket.ma/product/dent-frasco/,4872,dent-frasco,Dent Frasco Adulte,4872,11795,FA-17,"{""attribute_pa_reference"":""a-3z-e"",""attribute_pa_modele-de-dent"":""17"",""attribute_pa_conditionnement"":""en-sachet""}",pa_reference=a-3z-e | pa_modele-de-dent=17 | pa_conditionnement=en-sachet,17,25,17,MAD,true,103,1,true,true,https://dentalmarket.ma/wp-content/uploads/2024/08/61jmzAT6YhS._SL1500_.webp,,2026-07-29T15:49:50.238Z
https://dentalmarket.ma/product/dent-frasco/,4872,dent-frasco,Dent Frasco Adulte,4872,11796,FA-18,"{""attribute_pa_reference"":""a-3z-e"",""attribute_pa_modele-de-dent"":""18"",""attribute_pa_conditionnement"":""en-sachet""}",pa_reference=a-3z-e | pa_modele-de-dent=18 | pa_conditionnement=en-sachet,17,25,17,MAD,true,,1,true,true,https://dentalmarket.ma/wp-content/uploads/2024/08/61jmzAT6YhS._SL1500_.webp,,2026-07-29T15:49:50.238Z
https://dentalmarket.ma/product/dent-frasco/,4872,dent-frasco,Dent Frasco Adulte,4872,11797,FA-21,"{""attribute_pa_reference"":""a-3z-e"",""attribute_pa_modele-de-dent"":""21"",""attribute_pa_conditionnement"":""en-sachet""}",pa_reference=a-3z-e | pa_modele-de-dent=21 | pa_conditionnement=en-sachet,17,25,17,MAD,true,94,1,true,true,https://dentalmarket.ma/wp-content/uploads/2024/08/61jmzAT6YhS._SL1500_.webp,,2026-07-29T15:49:50.238Z
https://dentalmarket.ma/product/dent-frasco/,4872,dent-frasco,Dent Frasco Adulte,4872,11798,FA-22,"{""attribute_pa_reference"":""a-3z-e"",""attribute_pa_modele-de-dent"":""22"",""attribute_pa_conditionnement"":""en-sachet""}",pa_reference=a-3z-e | pa_modele-de-dent=22 | pa_conditionnement=en-sachet,17,25,17,MAD,true,85,1,true,true,https://dentalmarket.ma/wp-content/uploads/2024/08/61jmzAT6YhS._SL1500_.webp,,2026-07-29T15:49:50.238Z
https://dentalmarket.ma/product/dent-frasco/,4872,dent-frasco,Dent Frasco Adulte,4872,11799,FA-23,"{""attribute_pa_reference"":""a-3z-e"",""attribute_pa_modele-de-dent"":""23"",""attribute_pa_conditionnement"":""en-sachet""}",pa_reference=a-3z-e | pa_modele-de-dent=23 | pa_conditionnement=en-sachet,17,25,17,MAD,true,33,1,true,true,https://dentalmarket.ma/wp-content/uploads/2024/08/61jmzAT6YhS._SL1500_.webp,,2026-07-29T15:49:50.238Z
https://dentalmarket.ma/product/dent-frasco/,4872,dent-frasco,Dent Frasco Adulte,4872,11800,FA-24,"{""attribute_pa_reference"":""a-3z-e"",""attribute_pa_modele-de-dent"":""24"",""attribute_pa_conditionnement"":""en-sachet""}",pa_reference=a-3z-e | pa_modele-de-dent=24 | pa_conditionnement=en-sachet,17,25,17,MAD,true,49,1,true,true,https://dentalmarket.ma/wp-content/uploads/2024/08/61jmzAT6YhS._SL1500_.webp,,2026-07-29T15:49:50.238Z
https://dentalmarket.ma/product/dent-frasco/,4872,dent-frasco,Dent Frasco Adulte,4872,11801,FA-25,"{""attribute_pa_reference"":""a-3z-e"",""attribute_pa_modele-de-dent"":""25"",""attribute_pa_conditionnement"":""en-sachet""}",pa_reference=a-3z-e | pa_modele-de-dent=25 | pa_conditionnement=en-sachet,17,25,17,MAD,true,69,1,true,true,https://dentalmarket.ma/wp-content/uploads/2024/08/61jmzAT6YhS._SL1500_.webp,,2026-07-29T15:49:50.238Z
https://dentalmarket.ma/product/dent-frasco/,4872,dent-frasco,Dent Frasco Adulte,4872,11802,FA-26,"{""attribute_pa_reference"":""a-3z-e"",""attribute_pa_modele-de-dent"":""26"",""attribute_pa_conditionnement"":""en-sachet""}",pa_reference=a-3z-e | pa_modele-de-dent=26 | pa_conditionnement=en-sachet,17,25,17,MAD,true,80,1,true,true,https://dentalmarket.ma/wp-content/uploads/2024/08/61jmzAT6YhS._SL1500_.webp,,2026-07-29T15:49:50.238Z
https://dentalmarket.ma/product/dent-frasco/,4872,dent-frasco,Dent Frasco Adulte,4872,11803,FA-27,"{""attribute_pa_reference"":""a-3z-e"",""attribute_pa_modele-de-dent"":""27"",""attribute_pa_conditionnement"":""en-sachet""}",pa_reference=a-3z-e | pa_modele-de-dent=27 | pa_conditionnement=en-sachet,17,25,17,MAD,true,114,1,true,true,https://dentalmarket.ma/wp-content/uploads/2024/08/61jmzAT6YhS._SL1500_.webp,,2026-07-29T15:49:50.238Z
https://dentalmarket.ma/product/dent-frasco/,4872,dent-frasco,Dent Frasco Adulte,4872,11804,FA-28,"{""attribute_pa_reference"":""a-3z-e"",""attribute_pa_modele-de-dent"":""28"",""attribute_pa_conditionnement"":""en-sachet""}",pa_reference=a-3z-e | pa_modele-de-dent=28 | pa_conditionnement=en-sachet,17,25,17,MAD,true,,1,true,true,https://dentalmarket.ma/wp-content/uploads/2024/08/61jmzAT6YhS._SL1500_.webp,,2026-07-29T15:49:50.238Z
https://dentalmarket.ma/product/dent-frasco/,4872,dent-frasco,Dent Frasco Adulte,4872,11805,FA-31,"{""attribute_pa_reference"":""a-3z-e"",""attribute_pa_modele-de-dent"":""31"",""attribute_pa_conditionnement"":""en-sachet""}",pa_reference=a-3z-e | pa_modele-de-dent=31 | pa_conditionnement=en-sachet,17,25,17,MAD,true,103,1,true,true,https://dentalmarket.ma/wp-content/uploads/2024/08/61jmzAT6YhS._SL1500_.webp,,2026-07-29T15:49:50.238Z
https://dentalmarket.ma/product/dent-frasco/,4872,dent-frasco,Dent Frasco Adulte,4872,11806,FA-32,"{""attribute_pa_reference"":""a-3z-e"",""attribute_pa_modele-de-dent"":""32"",""attribute_pa_conditionnement"":""en-sachet""}",pa_reference=a-3z-e | pa_modele-de-dent=32 | pa_conditionnement=en-sachet,17,25,17,MAD,true,100,1,true,true,https://dentalmarket.ma/wp-content/uploads/2024/08/61jmzAT6YhS._SL1500_.webp,,2026-07-29T15:49:50.238Z
https://dentalmarket.ma/product/dent-frasco/,4872,dent-frasco,Dent Frasco Adulte,4872,11807,FA-33,"{""attribute_pa_reference"":""a-3z-e"",""attribute_pa_modele-de-dent"":""33"",""attribute_pa_conditionnement"":""en-sachet""}",pa_reference=a-3z-e | pa_modele-de-dent=33 | pa_conditionnement=en-sachet,17,25,17,MAD,true,103,1,true,true,https://dentalmarket.ma/wp-content/uploads/2024/08/61jmzAT6YhS._SL1500_.webp,,2026-07-29T15:49:50.238Z
https://dentalmarket.ma/product/dent-frasco/,4872,dent-frasco,Dent Frasco Adulte,4872,11808,FA-34,"{""attribute_pa_reference"":""a-3z-e"",""attribute_pa_modele-de-dent"":""34"",""attribute_pa_conditionnement"":""en-sachet""}",pa_reference=a-3z-e | pa_modele-de-dent=34 | pa_conditionnement=en-sachet,17,25,17,MAD,true,142,1,true,true,https://dentalmarket.ma/wp-content/uploads/2024/08/61jmzAT6YhS._SL1500_.webp,,2026-07-29T15:49:50.238Z
https://dentalmarket.ma/product/dent-frasco/,4872,dent-frasco,Dent Frasco Adulte,4872,11809,FA-35,"{""attribute_pa_reference"":""a-3z-e"",""attribute_pa_modele-de-dent"":""35"",""attribute_pa_conditionnement"":""en-sachet""}",pa_reference=a-3z-e | pa_modele-de-dent=35 | pa_conditionnement=en-sachet,17,25,17,MAD,true,52,1,true,true,https://dentalmarket.ma/wp-content/uploads/2024/08/61jmzAT6YhS._SL1500_.webp,,2026-07-29T15:49:50.238Z
https://dentalmarket.ma/product/dent-frasco/,4872,dent-frasco,Dent Frasco Adulte,4872,11810,FA-36,"{""attribute_pa_reference"":""a-3z-e"",""attribute_pa_modele-de-dent"":""36"",""attribute_pa_conditionnement"":""en-sachet""}",pa_reference=a-3z-e | pa_modele-de-dent=36 | pa_conditionnement=en-sachet,17,25,17,MAD,true,94,1,true,true,https://dentalmarket.ma/wp-content/uploads/2024/08/61jmzAT6YhS._SL1500_.webp,,2026-07-29T15:49:50.238Z
https://dentalmarket.ma/product/dent-frasco/,4872,dent-frasco,Dent Frasco Adulte,4872,11811,FA-37,"{""attribute_pa_reference"":""a-3z-e"",""attribute_pa_modele-de-dent"":""37"",""attribute_pa_conditionnement"":""en-sachet""}",pa_reference=a-3z-e | pa_modele-de-dent=37 | pa_conditionnement=en-sachet,17,25,17,MAD,true,150,1,true,true,https://dentalmarket.ma/wp-content/uploads/2024/08/61jmzAT6YhS._SL1500_.webp,,2026-07-29T15:49:50.238Z
https://dentalmarket.ma/product/dent-frasco/,4872,dent-frasco,Dent Frasco Adulte,4872,11812,FA-38,"{""attribute_pa_reference"":""a-3z-e"",""attribute_pa_modele-de-dent"":""38"",""attribute_pa_conditionnement"":""en-sachet""}",pa_reference=a-3z-e | pa_modele-de-dent=38 | pa_conditionnement=en-sachet,17,25,17,MAD,true,,1,true,true,https://dentalmarket.ma/wp-content/uploads/2024/08/61jmzAT6YhS._SL1500_.webp,,2026-07-29T15:49:50.238Z
https://dentalmarket.ma/product/dent-frasco/,4872,dent-frasco,Dent Frasco Adulte,4872,11813,FA-41,"{""attribute_pa_reference"":""a-3z-e"",""attribute_pa_modele-de-dent"":""41"",""attribute_pa_conditionnement"":""en-sachet""}",pa_reference=a-3z-e | pa_modele-de-dent=41 | pa_conditionnement=en-sachet,17,25,17,MAD,true,104,1,true,true,https://dentalmarket.ma/wp-content/uploads/2024/08/61jmzAT6YhS._SL1500_.webp,,2026-07-29T15:49:50.238Z
https://dentalmarket.ma/product/dent-frasco/,4872,dent-frasco,Dent Frasco Adulte,4872,11814,FA-42,"{""attribute_pa_reference"":""a-3z-e"",""attribute_pa_modele-de-dent"":""42"",""attribute_pa_conditionnement"":""en-sachet""}",pa_reference=a-3z-e | pa_modele-de-dent=42 | pa_conditionnement=en-sachet,17,25,17,MAD,true,97,1,true,true,https://dentalmarket.ma/wp-content/uploads/2024/08/61jmzAT6YhS._SL1500_.webp,,2026-07-29T15:49:50.238Z
https://dentalmarket.ma/product/dent-frasco/,4872,dent-frasco,Dent Frasco Adulte,4872,11815,FA-43,"{""attribute_pa_reference"":""a-3z-e"",""attribute_pa_modele-de-dent"":""43"",""attribute_pa_conditionnement"":""en-sachet""}",pa_reference=a-3z-e | pa_modele-de-dent=43 | pa_conditionnement=en-sachet,17,25,17,MAD,true,100,1,true,true,https://dentalmarket.ma/wp-content/uploads/2024/08/61jmzAT6YhS._SL1500_.webp,,2026-07-29T15:49:50.238Z
https://dentalmarket.ma/product/dent-frasco/,4872,dent-frasco,Dent Frasco Adulte,4872,11816,FA-44,"{""attribute_pa_reference"":""a-3z-e"",""attribute_pa_modele-de-dent"":""44"",""attribute_pa_conditionnement"":""en-sachet""}",pa_reference=a-3z-e | pa_modele-de-dent=44 | pa_conditionnement=en-sachet,17,25,17,MAD,true,137,1,true,true,https://dentalmarket.ma/wp-content/uploads/2024/08/61jmzAT6YhS._SL1500_.webp,,2026-07-29T15:49:50.238Z
https://dentalmarket.ma/product/dent-frasco/,4872,dent-frasco,Dent Frasco Adulte,4872,11817,FA-45,"{""attribute_pa_reference"":""a-3z-e"",""attribute_pa_modele-de-dent"":""45"",""attribute_pa_conditionnement"":""en-sachet""}",pa_reference=a-3z-e | pa_modele-de-dent=45 | pa_conditionnement=en-sachet,17,25,17,MAD,true,103,1,true,true,https://dentalmarket.ma/wp-content/uploads/2024/08/61jmzAT6YhS._SL1500_.webp,,2026-07-29T15:49:50.238Z
https://dentalmarket.ma/product/dent-frasco/,4872,dent-frasco,Dent Frasco Adulte,4872,11818,FA-46,"{""attribute_pa_reference"":""a-3z-e"",""attribute_pa_modele-de-dent"":""46"",""attribute_pa_conditionnement"":""en-sachet""}",pa_reference=a-3z-e | pa_modele-de-dent=46 | pa_conditionnement=en-sachet,17,25,17,MAD,true,87,1,true,true,https://dentalmarket.ma/wp-content/uploads/2024/08/61jmzAT6YhS._SL1500_.webp,,2026-07-29T15:49:50.238Z
https://dentalmarket.ma/product/dent-frasco/,4872,dent-frasco,Dent Frasco Adulte,4872,11819,FA-47,"{""attribute_pa_reference"":""a-3z-e"",""attribute_pa_modele-de-dent"":""47"",""attribute_pa_conditionnement"":""en-sachet""}",pa_reference=a-3z-e | pa_modele-de-dent=47 | pa_conditionnement=en-sachet,17,25,17,MAD,true,113,1,true,true,https://dentalmarket.ma/wp-content/uploads/2024/08/61jmzAT6YhS._SL1500_.webp,,2026-07-29T15:49:50.238Z
https://dentalmarket.ma/product/dent-frasco/,4872,dent-frasco,Dent Frasco Adulte,4872,11820,FA-48,"{""attribute_pa_reference"":""a-3z-e"",""attribute_pa_modele-de-dent"":""48"",""attribute_pa_conditionnement"":""en-sachet""}",pa_reference=a-3z-e | pa_modele-de-dent=48 | pa_conditionnement=en-sachet,17,25,17,MAD,true,,1,true,true,https://dentalmarket.ma/wp-content/uploads/2024/08/61jmzAT6YhS._SL1500_.webp,,2026-07-29T15:49:50.238Z

