source_url,source_product_id,slug,name,sku,product_type,brand,seller,short_description,description,categories,tags,price,regular_price,sale_price,price_min,price_max,currency,availability,stock_quantity,variation_stock_total,stock_text,featured_image_url,image_urls,additional_information_json,variation_count,source_extracted_at
https://dentalmarket.ma/product/pack-2eme-annee-um6ss-rabat-2026/,15148,pack-2eme-annee-um6ss-rabat-2026,Pack 2ème Année UM6SS-Rabat 2026,15148,simple,,ARYMARKET,"NOTE : Les articles listés à la fin sont optionnels, vous pouvez les ajouter ou les retirer de votre commande selon vos besoins : Chalumeau Cartouche à Gaz Malette Les Portes fraises Recommandation : Pour un confort optimal et une meilleure visibilité de la liste des produits et des quantités, nous vous conseillons de passer votre commande depuis un ordinateur plutôt qu’un mobile.","NOTE :


Les articles listés à la fin sont optionnels, vous pouvez les ajouter ou les retirer de votre commande selon vos besoins :

 	Chalumeau
 	Cartouche à Gaz
 	Malette
 	Les Portes fraises


Recommandation :


Pour un confort optimal et une meilleure visibilité de la liste des produits et des quantités, nous vous conseillons de passer votre commande depuis un ordinateur plutôt qu'un mobile.",Fournitures pour Étudiants | UM6SS RABAT - Université Mohammed VI de Médecine Dentaire de Rabat,,1682,1813,1682,1682,1682,MAD,InStock,21,,État :21 en stock,https://dentalmarket.ma/wp-content/uploads/2026/07/PACK-2E-ANNEE-UM6SS-RABAT.webp,https://dentalmarket.ma/wp-content/uploads/2026/07/PACK-2E-ANNEE-UM6SS-RABAT.webp,"[{""name"":""Nombre de pages"",""value"":""96P""},{""name"":""Taille"",""value"":""Grande 100cm × 70cm""},{""name"":""Couleur"",""value"":""Noir""},{""name"":""Bague"",""value"":""Bleu""},{""name"":""Diamètre"",""value"":""008""},{""name"":""Bague"",""value"":""Bleu""},{""name"":""Diamètre"",""value"":""010""},{""name"":""Bague"",""value"":""Bleu""},{""name"":""Diamètre"",""value"":""012""},{""name"":""Bague"",""value"":""Bleu""},{""name"":""Diamètre"",""value"":""014""},{""name"":""Diamètre"",""value"":""010""},{""name"":""Diamètre"",""value"":""012""},{""name"":""Bague"",""value"":""Rouge""},{""name"":""Diamètre"",""value"":""010""},{""name"":""Bague"",""value"":""Rouge""},{""name"":""Diamètre"",""value"":""012""},{""name"":""Bague"",""value"":""Jaune""},{""name"":""Diamètre"",""value"":""010""},{""name"":""Bague"",""value"":""Jaune""},{""name"":""Diamètre"",""value"":""012""},{""name"":""Bague"",""value"":""Rouge""},{""name"":""Diamètre"",""value"":""018""},{""name"":""Bague"",""value"":""Jaune""},{""name"":""Diamètre"",""value"":""018""},{""name"":""Granulométrie"",""value"":""Blanc/Gris""},{""name"":""Forme"",""value"":""N°1 (9557)""},{""name"":""Tige"",""value"":""Contre-angle""},{""name"":""Forme"",""value"":""N°1 (Flamme)""},{""name"":""Taille"",""value"":""Petite 50cm × 70cm""},{""name"":""Taille"",""value"":""Petit""},{""name"":""N°"",""value"":""2""},{""name"":""Référence"",""value"":""A-3Z/E""},{""name"":""Modèle de dent"",""value"":""Jeu Complet""},{""name"":""Conditionnement"",""value"":""En boîte, En sachet""},{""name"":""Référence"",""value"":""S54""},{""name"":""Dent"",""value"":""6 Du Haut""},{""name"":""Teinte"",""value"":""A2""},{""name"":""Bague"",""value"":""Bleu""},{""name"":""Diamètre"",""value"":""009""},{""name"":""Bague"",""value"":""Bleu""},{""name"":""Diamètre"",""value"":""014""},{""name"":""Bague"",""value"":""Bleu""},{""name"":""Diamètre"",""value"":""016""},{""name"":""Bague"",""value"":""Bleu""},{""name"":""Diamètre"",""value"":""018""},{""name"":""Bague"",""value"":""Bleu""},{""name"":""Diamètre"",""value"":""018""},{""name"":""Bague"",""value"":""Bleu""},{""name"":""Diamètre"",""value"":""016""},{""name"":""Longueur de la partie travaillante"",""value"":""10mm (ISO 199)""},{""name"":""Bague"",""value"":""Bleu""},{""name"":""Diamètre"",""value"":""018""},{""name"":""Longueur de la partie travaillante"",""value"":""8mm (ISO 198)""},{""name"":""Bague"",""value"":""Bleu""},{""name"":""Diamètre"",""value"":""018""},{""name"":""Longueur de la partie travaillante"",""value"":""10mm (ISO 199)""},{""name"":""Bague"",""value"":""Bleu""},{""name"":""Diamètre"",""value"":""021""},{""name"":""Longueur de la partie travaillante"",""value"":""8mm (ISO 198)""},{""name"":""Bague"",""value"":""Bleu""},{""name"":""Diamètre"",""value"":""021""},{""name"":""Longueur de la partie travaillante"",""value"":""10mm (ISO 199)""},{""name"":""Bague"",""value"":""Rouge""},{""name"":""Diamètre"",""value"":""014""},{""name"":""Bague"",""value"":""Rouge""},{""name"":""Diamètre"",""value"":""016""},{""name"":""Bague"",""value"":""Rouge""},{""name"":""Diamètre"",""value"":""018""},{""name"":""Bague"",""value"":""Rouge""},{""name"":""Diamètre"",""value"":""021""},{""name"":""Bague"",""value"":""Verte""},{""name"":""Diamètre"",""value"":""012""},{""name"":""Bague"",""value"":""Verte""},{""name"":""Diamètre"",""value"":""014""},{""name"":""Bague"",""value"":""Verte""},{""name"":""Diamètre"",""value"":""016""},{""name"":""Bague"",""value"":""Verte""},{""name"":""Diamètre"",""value"":""018""},{""name"":""Bague"",""value"":""Verte""},{""name"":""Diamètre"",""value"":""021""},{""name"":""Bague"",""value"":""Rouge""},{""name"":""Diamètre"",""value"":""016""},{""name"":""Longueur de la partie travaillante"",""value"":""10mm (ISO 199)""},{""name"":""Bague"",""value"":""Rouge""},{""name"":""Diamètre"",""value"":""018""},{""name"":""Longueur de la partie travaillante"",""value"":""10mm (ISO 199)""},{""name"":""Bague"",""value"":""Rouge""},{""name"":""Diamètre"",""value"":""021""},{""name"":""Longueur de la partie travaillante"",""value"":""10mm (ISO 199)""},{""name"":""Bague"",""value"":""Bleu""},{""name"":""Diamètre"",""value"":""018""},{""name"":""Bague"",""value"":""Bleu""},{""name"":""Diamètre"",""value"":""021""},{""name"":""Forme/ISO"",""value"":""Poire""},{""name"":""Forme"",""value"":""Conique""},{""name"":""Granulométrie"",""value"":""Blanc/Gris""},{""name"":""Forme"",""value"":""N°2 (9555)""},{""name"":""Forme/ISO"",""value"":""N° 500.104.194.190.060""},{""name"":""Forme/ISO"",""value"":""N° 500.104.263.190.060""},{""name"":""Forme/ISO"",""value"":""N° 500.104.277.190.023""},{""name"":""Article"",""value"":""Disque Métallique/Abrasif Diamantée""},{""name"":""Couleur"",""value"":""Rouge""},{""name"":""Couleur"",""value"":""Bleu""},{""name"":""Couleur"",""value"":""Vert""},{""name"":""Couleur"",""value"":""Noir""},{""name"":""Couleur"",""value"":""Rouge""},{""name"":""Couleur"",""value"":""Bleu""},{""name"":""Couleur"",""value"":""Vert""},{""name"":""Taille"",""value"":""Grand""},{""name"":""Modèle"",""value"":""A, B""},{""name"":""Taille"",""value"":""Moyenne, Grande""},{""name"":""UM6SS de"",""value"":""Rabat""},{""name"":""Support de"",""value"":""15*FG, 10*FG + 5*RA, 5*FG +10*RA""},{""name"":""Couleur"",""value"":""Marron, Bleu, Gris, Turquoise, Bleu Ciel""}]",0,2026-07-29T15:49:50.238Z
https://dentalmarket.ma/product/porte-mine-criterium-05mm/,15137,porte-mine-criterium-05mm,"Porte-Mine/Critérium 0,5mm",15137,variable,STAEDTLER,ARYMARKET,"Porte-mine ergonomique pour une écriture confortable, avec surface Soft-Touch et gomme extra-large intégrée. Pour des mines de couleur compatibles, cliquez ici : Voir les mines de couleur","Porte-mine ergonomique pour une écriture confortable, avec surface Soft-Touch et gomme extra-large intégrée.

Pour des mines de couleur compatibles, cliquez ici : Voir les mines de couleur",Deuxième année | FMDC - Faculté de Médecine Dentaire de Casablanca | FMDR - Faculté de Médecine Dentaire de Rabat | Fournitures pour Étudiants | Première Année | Troisième année | UIASS - niversité internationale Abulcasis des sciences de la santé | UIR - Université Internationale de Rabat | UM6SS CASA - Université Mohammed VI de Médecine Dentaire de Casablanca | Uncategorized | UPM - Université privée de Marrakech | STAEDTLER,,12,12,,12,12,MAD,InStock,,0,,https://dentalmarket.ma/wp-content/uploads/2026/07/Porte-Mine.png,https://dentalmarket.ma/wp-content/uploads/2026/07/Porte-Mine.png,"[{""name"":""Couleur"",""value"":""Bleu, Noir, Rouge, Vert""}]",4,2026-07-29T15:49:50.238Z
https://dentalmarket.ma/product/mine/,8071,mine,"Mine de Critérium 0,5mm",8071,variable,,ARYMARKET,"Mines de rechange pour porte-mines, idéales pour une écriture fluide et précise. Compatibles avec tous les porte-mines standard de même diamètre.","Mines de rechange pour porte-mines, idéales pour une écriture fluide et précise. Compatibles avec tous les porte-mines standard de même diamètre.",Deuxième année | FMDC - Faculté de Médecine Dentaire de Casablanca | FMDR - Faculté de Médecine Dentaire de Rabat | Fournitures pour Étudiants | Première Année | Troisième année | UIASS - niversité internationale Abulcasis des sciences de la santé | UIR - Université Internationale de Rabat | UM6SS CASA - Université Mohammed VI de Médecine Dentaire de Casablanca | Uncategorized | UPM - Université privée de Marrakech,,8,8,,8,29,MAD,InStock,,0,,https://dentalmarket.ma/wp-content/uploads/2025/08/Mine-NBRV.webp,https://dentalmarket.ma/wp-content/uploads/2025/08/Mine-NBRV.webp,"[{""name"":""Couleur"",""value"":""Noir, Bleu, Rouge, Vert""}]",4,2026-07-29T15:49:50.238Z
https://dentalmarket.ma/product/fraise-diamantee-conge-conique-a-bout-rond-pour-contre-angle-odenta/,13852,fraise-diamantee-conge-conique-a-bout-rond-pour-contre-angle-odenta,Fraise Diamantée Congé / Conique à Bout Rond pour Contre-Angle - Odenta,13852,variable,Odenta,ARYMARKET,,,Uncategorized | Odenta,,12,12,,12,12,MAD,InStock,,2493,,https://dentalmarket.ma/wp-content/uploads/2026/07/Odenta-15.png,https://dentalmarket.ma/wp-content/uploads/2026/07/Odenta-15.png,"[{""name"":""Bague"",""value"":""Bleu, Rouge, Verte""},{""name"":""Diamètre"",""value"":""012, 014, 016, 018, 021""},{""name"":""Longueur de la partie travaillante"",""value"":""10mm (ISO 199), 8mm (ISO 198)""}]",26,2026-07-29T15:49:50.238Z
https://dentalmarket.ma/product/fraise-diamantae-conique-a-bout-pointu-pour-contre-angle-odenta/,13851,fraise-diamantae-conique-a-bout-pointu-pour-contre-angle-odenta,Fraise Diamantée Conique à Bout Pointu pour Contre-Angle - Odenta,13851,variable,Odenta,ARYMARKET,,,Uncategorized | Odenta,,12,12,,12,12,MAD,InStock,,1570,,https://dentalmarket.ma/wp-content/uploads/2026/07/Odenta-10.png,https://dentalmarket.ma/wp-content/uploads/2026/07/Odenta-10.png,"[{""name"":""Bague"",""value"":""Bleu, Verte""},{""name"":""Diamètre"",""value"":""012, 014, 016, 018, 021""}]",10,2026-07-29T15:49:50.238Z
https://dentalmarket.ma/product/fraise-diamantee-conique-a-bout-plat-pour-contre-angle-odenta/,13850,fraise-diamantee-conique-a-bout-plat-pour-contre-angle-odenta,Fraise Diamantée Conique à Bout Plât pour Contre-Angle - Odenta,13850,variable,Odenta,ARYMARKET,,,Uncategorized | Odenta,,12,12,,12,12,MAD,InStock,,830,,https://dentalmarket.ma/wp-content/uploads/2026/07/Odenta-11.png,https://dentalmarket.ma/wp-content/uploads/2026/07/Odenta-11.png,"[{""name"":""Bague"",""value"":""Bleu""},{""name"":""Diamètre"",""value"":""012, 014, 016, 018, 021""}]",5,2026-07-29T15:49:50.238Z
https://dentalmarket.ma/product/fraise-diamantee-boule-long-col-pour-contre-angle-odenta/,13849,fraise-diamantee-boule-long-col-pour-contre-angle-odenta,Fraise Diamantée Boule Long-Col pour Contre-Angle - Odenta,13849,variable,Odenta,ARYMARKET,,,Uncategorized | Odenta,,13,13,,13,13,MAD,InStock,,200,,https://dentalmarket.ma/wp-content/uploads/2026/07/Odenta-13.png,https://dentalmarket.ma/wp-content/uploads/2026/07/Odenta-13.png,"[{""name"":""Bague"",""value"":""Verte""},{""name"":""Diamètre"",""value"":""010, 012""}]",2,2026-07-29T15:49:50.238Z
https://dentalmarket.ma/product/fraise-diamantee-boule-pour-contre-angle-odenta/,13848,fraise-diamantee-boule-pour-contre-angle-odenta,Fraise Diamantée Boule pour Contre-Angle - Odenta,13848,variable,Odenta,ARYMARKET,,,Uncategorized | Odenta,,12,12,,12,12,MAD,InStock,,1766,,https://dentalmarket.ma/wp-content/uploads/2026/07/Odenta-16.png,https://dentalmarket.ma/wp-content/uploads/2026/07/Odenta-16.png,"[{""name"":""Bague"",""value"":""Bleu, Verte""},{""name"":""Diamètre"",""value"":""008, 010, 012, 014, 016, 018, 020, 023""}]",11,2026-07-29T15:49:50.238Z
https://dentalmarket.ma/product/fraise-diamantee-poire-pour-contre-angle-odenta/,13847,fraise-diamantee-poire-pour-contre-angle-odenta,Fraise Diamantée Poire pour Contre-Angle - Odenta,13847,variable,Odenta,ARYMARKET,,,Uncategorized | Odenta,,12,12,,12,12,MAD,InStock,,405,,https://dentalmarket.ma/wp-content/uploads/2026/07/Odenta-1.png,https://dentalmarket.ma/wp-content/uploads/2026/07/Odenta-1.png,"[{""name"":""Bague"",""value"":""Bleu""},{""name"":""Diamètre"",""value"":""010, 012""}]",2,2026-07-29T15:49:50.238Z
https://dentalmarket.ma/product/fraise-diamantee-flamme-pour-contre-angle-odenta/,13846,fraise-diamantee-flamme-pour-contre-angle-odenta,Fraise Diamantée Flamme pour Contre-Angle - Odenta,13846,variable,Odenta,ARYMARKET,,,Uncategorized | Odenta,,12,12,,12,12,MAD,InStock,,1660,,https://dentalmarket.ma/wp-content/uploads/2026/07/Odenta-14.png,https://dentalmarket.ma/wp-content/uploads/2026/07/Odenta-14.png,"[{""name"":""Bague"",""value"":""Jaune, Rouge""},{""name"":""Diamètre"",""value"":""010, 012, 014, 016""}]",8,2026-07-29T15:49:50.238Z
https://dentalmarket.ma/product/fraise-diamantee-cylindrique-a-bout-rond-pour-contre-angle-odenta/,13845,fraise-diamantee-cylindrique-a-bout-rond-pour-contre-angle-odenta,Fraise Diamantée Cylindrique à Bout Rond pour Contre-Angle - Odenta,13845,variable,Odenta,ARYMARKET,,,Uncategorized | Odenta,,12,12,,12,12,MAD,InStock,,106,,https://dentalmarket.ma/wp-content/uploads/2026/07/Odenta-20.png,https://dentalmarket.ma/wp-content/uploads/2026/07/Odenta-20.png,"[{""name"":""Bague"",""value"":""Bleu""},{""name"":""Diamètre"",""value"":""012, 014""}]",2,2026-07-29T15:49:50.238Z
https://dentalmarket.ma/product/fraise-diamantee-cylindrique-pour-contre-angle-odenta/,13844,fraise-diamantee-cylindrique-pour-contre-angle-odenta,Fraise Diamantée Cylindrique pour Contre-Angle - Odenta,13844,variable,Odenta,ARYMARKET,,,Uncategorized | Odenta,,12,12,,12,12,MAD,InStock,,1103,,https://dentalmarket.ma/wp-content/uploads/2026/07/Odenta-21.png,https://dentalmarket.ma/wp-content/uploads/2026/07/Odenta-21.png,"[{""name"":""Bague"",""value"":""Bleu""},{""name"":""Diamètre"",""value"":""010, 012, 014, 016, 018""}]",5,2026-07-29T15:49:50.238Z
https://dentalmarket.ma/product/fraise-diamantee-ogive-pour-contre-angle-odenta/,13843,fraise-diamantee-ogive-pour-contre-angle-odenta,Fraise Diamantée Ogive pour Contre-Angle - Odenta,13843,variable,Odenta,ARYMARKET,,,Uncategorized | Odenta,,12,12,,12,12,MAD,InStock,,2358,,https://dentalmarket.ma/wp-content/uploads/2026/07/Odenta-15.png,https://dentalmarket.ma/wp-content/uploads/2026/07/Odenta-15.png,"[{""name"":""Bague"",""value"":""Bleu, Jaune, Rouge""},{""name"":""Diamètre"",""value"":""012, 014, 016, 018, 021""}]",10,2026-07-29T15:49:50.238Z
https://dentalmarket.ma/product/fraise-diamantee-roue-pour-turbine-odenta/,13842,fraise-diamantee-roue-pour-turbine-odenta,Fraise Diamantée Roue pour Turbine - Odenta,13842,variable,Odenta,ARYMARKET,,,Uncategorized | Odenta,,10,10,,10,10,MAD,InStock,,144,,https://dentalmarket.ma/wp-content/uploads/2026/07/Odenta-19.png,https://dentalmarket.ma/wp-content/uploads/2026/07/Odenta-19.png,"[{""name"":""Bague"",""value"":""Bleu""},{""name"":""Diamètre"",""value"":""042""}]",1,2026-07-29T15:49:50.238Z
https://dentalmarket.ma/product/fraise-diamantee-cong-conique-a-bout-rond-pour-turbine-odenta/,13841,fraise-diamantee-cong-conique-a-bout-rond-pour-turbine-odenta,Fraise Diamantée Congé / Conique à Rond pour Turbine - Odenta,13841,variable,Odenta,ARYMARKET,,,Uncategorized | Odenta,,10,10,,10,10,MAD,InStock,,2633,,https://dentalmarket.ma/wp-content/uploads/2026/07/Odenta-12.png,https://dentalmarket.ma/wp-content/uploads/2026/07/Odenta-12.png,"[{""name"":""Bague"",""value"":""Bleu, Jaune, Rouge, Verte""},{""name"":""Diamètre"",""value"":""010, 012, 014, 016, 018, 021, 023""},{""name"":""Longueur de la partie travaillante"",""value"":""10mm (ISO 199), 8mm (ISO 198)""}]",27,2026-07-29T15:49:50.238Z
https://dentalmarket.ma/product/fraise-diamantee-conique-a-bout-pointu-pour-turbine-odenta/,13840,fraise-diamantee-conique-a-bout-pointu-pour-turbine-odenta,Fraise Diamantée Conique à Bout Pointu pour Turbine - Odenta,13840,variable,Odenta,ARYMARKET,,,Uncategorized | Odenta,,10,10,,10,10,MAD,InStock,,850,,https://dentalmarket.ma/wp-content/uploads/2026/07/Odenta-10.png,https://dentalmarket.ma/wp-content/uploads/2026/07/Odenta-10.png,"[{""name"":""Bague"",""value"":""Bleu, Verte""},{""name"":""Diamètre"",""value"":""012, 014, 016, 018, 021""}]",6,2026-07-29T15:49:50.238Z
https://dentalmarket.ma/product/fraise-diamantee-conique-a-bout-plat-pour-turbine-odenta/,13839,fraise-diamantee-conique-a-bout-plat-pour-turbine-odenta,Fraise Diamantée Conique à Bout Plât pour Turbine - Odenta,13839,variable,Odenta,ARYMARKET,,,Uncategorized | Odenta,,10,10,,10,10,MAD,InStock,,882,,https://dentalmarket.ma/wp-content/uploads/2026/07/Odenta-11.png,https://dentalmarket.ma/wp-content/uploads/2026/07/Odenta-11.png,"[{""name"":""Bague"",""value"":""Bleu, Rouge, Verte""},{""name"":""Diamètre"",""value"":""014, 016, 018, 021""}]",7,2026-07-29T15:49:50.238Z
https://dentalmarket.ma/product/fraise-diamantee-long-col-pour-turbine-odenta/,13838,fraise-diamantee-long-col-pour-turbine-odenta,Fraise Diamantée Long-Col pour Turbine - Odenta,13838,variable,Odenta,ARYMARKET,,,Uncategorized | Odenta,,12,12,,12,12,MAD,InStock,,706,,https://dentalmarket.ma/wp-content/uploads/2026/07/Odenta-13.png,https://dentalmarket.ma/wp-content/uploads/2026/07/Odenta-13.png,"[{""name"":""Bague"",""value"":""Bleu, Vert""},{""name"":""Diamètre"",""value"":""010, 012, 014, 016, 018""}]",7,2026-07-29T15:49:50.238Z
https://dentalmarket.ma/product/fraise-diamantee-boule-pour-turbine-odenta/,13837,fraise-diamantee-boule-pour-turbine-odenta,Fraise Diamantée Boule pour Turbine - Odenta,13837,variable,Odenta,ARYMARKET,,,Uncategorized | Odenta,,10,10,,10,10,MAD,InStock,,3200,,https://dentalmarket.ma/wp-content/uploads/2026/07/Odenta-16.png,https://dentalmarket.ma/wp-content/uploads/2026/07/Odenta-16.png,"[{""name"":""Bague"",""value"":""Bleu, Rouge, Verte""},{""name"":""Diamètre"",""value"":""008, 009, 010, 012, 014, 016, 018, 021, 022, 023, 025, 029""}]",17,2026-07-29T15:49:50.238Z
https://dentalmarket.ma/product/fraise-diamantee-poire-pour-turbine-odenta/,13836,fraise-diamantee-poire-pour-turbine-odenta,Fraise Diamantée Poire pour Turbine - Odenta,13836,variable,Odenta,ARYMARKET,,,Uncategorized | Odenta,,10,10,,10,10,MAD,InStock,,299,,https://dentalmarket.ma/wp-content/uploads/2026/07/Odenta-1.png,https://dentalmarket.ma/wp-content/uploads/2026/07/Odenta-1.png,"[{""name"":""Bague"",""value"":""Bleu""},{""name"":""Diamètre"",""value"":""009, 010, 012""}]",3,2026-07-29T15:49:50.238Z
https://dentalmarket.ma/product/fraise-diamante-cne-invers-pour-turbine-odenta/,13835,fraise-diamante-cne-invers-pour-turbine-odenta,Fraise Diamantée Cône Inversé pour Turbine - Odenta,13835,variable,Odenta,ARYMARKET,,,Uncategorized | Odenta,,10,10,,10,10,MAD,InStock,,8,,https://dentalmarket.ma/wp-content/uploads/2026/07/Odenta-18.png,https://dentalmarket.ma/wp-content/uploads/2026/07/Odenta-18.png,"[{""name"":""Bague"",""value"":""Bleu""},{""name"":""Diamètre"",""value"":""010""}]",1,2026-07-29T15:49:50.238Z
https://dentalmarket.ma/product/fraise-diamantee-flamme-pour-turbine-odenta/,13834,fraise-diamantee-flamme-pour-turbine-odenta,Fraise Diamantée Flamme pour Turbine - Odenta,13834,variable,Odenta,ARYMARKET,,,Uncategorized | Odenta,,10,10,,10,10,MAD,InStock,,2111,,https://dentalmarket.ma/wp-content/uploads/2026/07/Odenta-14.png,https://dentalmarket.ma/wp-content/uploads/2026/07/Odenta-14.png,"[{""name"":""Bague"",""value"":""Bleu, Jaune, Rouge""},{""name"":""Diamètre"",""value"":""008, 010, 012, 014, 016, 018, 021""}]",10,2026-07-29T15:49:50.238Z
https://dentalmarket.ma/product/fraise-diamantee-cylindrique-a-bout-rond-pour-turbine-odenta/,13833,fraise-diamantee-cylindrique-a-bout-rond-pour-turbine-odenta,Fraise Diamantée Cylindrique à Bout Rond pour Turbine - Odenta,13833,variable,Odenta,ARYMARKET,,,Uncategorized | Odenta,,10,10,,10,10,MAD,InStock,,30,,https://dentalmarket.ma/wp-content/uploads/2026/07/Odenta-20.png,https://dentalmarket.ma/wp-content/uploads/2026/07/Odenta-20.png,"[{""name"":""Bague"",""value"":""Bleu""},{""name"":""Diamètre"",""value"":""012, 014, 016""}]",3,2026-07-29T15:49:50.238Z
https://dentalmarket.ma/product/fraise-diamantee-cylindrique-pour-turbine-odenta/,13832,fraise-diamantee-cylindrique-pour-turbine-odenta,Fraise Diamantée Cylindrique pour Turbine - Odenta,13832,variable,Odenta,ARYMARKET,,,Uncategorized | Odenta,,10,10,,10,10,MAD,InStock,,1919,,https://dentalmarket.ma/wp-content/uploads/2026/07/Odenta-21.png,https://dentalmarket.ma/wp-content/uploads/2026/07/Odenta-21.png,"[{""name"":""Bague"",""value"":""Bleu, Verte""},{""name"":""Diamètre"",""value"":""008, 009, 010, 012, 014, 016, 018""}]",8,2026-07-29T15:49:50.238Z
https://dentalmarket.ma/product/fraise-diamantee-chapeau-chinois-pour-turbine-odenta/,13831,fraise-diamantee-chapeau-chinois-pour-turbine-odenta,Fraise Diamantée Chapeau Chinois pour Turbine - Odenta,13831,variable,Odenta,ARYMARKET,,,Uncategorized | Odenta,,10,10,,10,10,MAD,InStock,,50,,https://dentalmarket.ma/wp-content/uploads/2026/07/Odenta-17.png,https://dentalmarket.ma/wp-content/uploads/2026/07/Odenta-17.png,"[{""name"":""Bague"",""value"":""Rouge""},{""name"":""Diamètre"",""value"":""031""}]",1,2026-07-29T15:49:50.238Z
https://dentalmarket.ma/product/fraise-diamantee-ogive-pour-turbine-odenta/,13830,fraise-diamantee-ogive-pour-turbine-odenta,Fraise Diamantée Ogive pour Turbine - Odenta,13830,variable,Odenta,ARYMARKET,,,Uncategorized | Odenta,,10,10,,10,10,MAD,InStock,,1085,,https://dentalmarket.ma/wp-content/uploads/2026/07/Odenta-15.png,https://dentalmarket.ma/wp-content/uploads/2026/07/Odenta-15.png,"[{""name"":""Bague"",""value"":""Bleu, Jaune, Rouge""},{""name"":""Diamètre"",""value"":""012, 018, 021""}]",6,2026-07-29T15:49:50.238Z
https://dentalmarket.ma/product/taille-crayon-staedtler/,13539,taille-crayon-staedtler,Taille-Crayon - STAEDTLER,13539,simple,,ARYMARKET,,,Uncategorized,,3,3,,3,3,MAD,InStock,,,,https://dentalmarket.ma/wp-content/uploads/2026/06/0.5-m-m-10x-6.png,https://dentalmarket.ma/wp-content/uploads/2026/06/0.5-m-m-10x-6.png,[],0,2026-07-29T15:49:50.238Z
https://dentalmarket.ma/product/gomme-staedtler/,13538,gomme-staedtler,Gomme - STAEDTLER,13538,simple,,ARYMARKET,,,Uncategorized,,3,3,,3,3,MAD,InStock,,,,https://dentalmarket.ma/wp-content/uploads/2026/06/0.5-m-m-10x-5.png,https://dentalmarket.ma/wp-content/uploads/2026/06/0.5-m-m-10x-5.png,[],0,2026-07-29T15:49:50.238Z
https://dentalmarket.ma/product/crayon-hb-staedtler/,13537,crayon-hb-staedtler,Crayon HB - STAEDTLER,13537,simple,,ARYMARKET,,,Uncategorized,,3,3,,3,3,MAD,InStock,,,,https://dentalmarket.ma/wp-content/uploads/2026/06/0.5-m-m-10x-4.png,https://dentalmarket.ma/wp-content/uploads/2026/06/0.5-m-m-10x-4.png,[],0,2026-07-29T15:49:50.238Z
https://dentalmarket.ma/product/cartouche-a-gaz/,13532,cartouche-a-gaz,Cartouche à Gaz,13532,simple,,ARYMARKET,,,Uncategorized,,15,15,,15,15,MAD,InStock,,,,https://dentalmarket.ma/wp-content/uploads/2026/06/cartouche-de-gaz-percable-campingaz-c206-gls.jpg,https://dentalmarket.ma/wp-content/uploads/2026/06/cartouche-de-gaz-percable-campingaz-c206-gls.jpg,[],0,2026-07-29T15:49:50.238Z
https://dentalmarket.ma/product/chalumeau/,13531,chalumeau,Chalumeau,13531,variable,,ARYMARKET,,,Uncategorized,,175,175,,175,185,MAD,InStock,,40,,https://dentalmarket.ma/wp-content/uploads/2026/06/Chalumeau.webp,https://dentalmarket.ma/wp-content/uploads/2026/06/Chalumeau.webp,"[{""name"":""Modèle"",""value"":""A, B""}]",2,2026-07-29T15:49:50.238Z
https://dentalmarket.ma/product/lunette-de-protection-cotisen/,CO-SG06,lunette-de-protection-cotisen,Lunette de Protection - COTISEN,CO-SG06,simple,COTISEN,ARYMARKET,,,Uncategorized | COTISEN,,20,20,,20,20,MAD,InStock,,,,https://dentalmarket.ma/wp-content/uploads/2026/07/Safety-GlassesOrange.jpg,https://dentalmarket.ma/wp-content/uploads/2026/07/Safety-GlassesOrange.jpg,[],0,2026-07-29T15:49:50.238Z
https://dentalmarket.ma/product/lunette-de-protection-antibuee-cotisen/,CO-SG03,lunette-de-protection-antibuee-cotisen,Lunette de Protection (Antibuée) - COTISEN,CO-SG03,simple,COTISEN,ARYMARKET,"L’écran du masque est constitué d’une feuille anti-buée, résistante aux rayures et aux éclats, qui protège intégralement la bouche, le nez et les yeux.","L'écran du masque est constitué d'une feuille anti-buée, résistante aux rayures et aux éclats, qui protège intégralement la bouche, le nez et les yeux.",Uncategorized | COTISEN,,40,60,40,40,40,MAD,InStock,,,,https://dentalmarket.ma/wp-content/uploads/2026/07/Anti-fog-Safety-Glasses-1.jpg,https://dentalmarket.ma/wp-content/uploads/2026/07/Anti-fog-Safety-Glasses-1.jpg | https://dentalmarket.ma/wp-content/uploads/2026/07/Anti-fog-Safety-Glasses-2.jpg | https://dentalmarket.ma/wp-content/uploads/2026/07/Anti-fog-Safety-Glasses-1-600x600.jpg | https://dentalmarket.ma/wp-content/uploads/2026/07/Anti-fog-Safety-Glasses-2-100x100.jpg,[],0,2026-07-29T15:49:50.238Z
https://dentalmarket.ma/product/pince-tribec/,11845,pince-tribec,Pince Tribec,11845,simple,,ARYMARKET,,,Instruments orthodontie | Orthodontie | Uncategorized,,160,160,,160,160,MAD,InStock,,,,https://dentalmarket.ma/wp-content/uploads/2026/03/1000324257.jpg,https://dentalmarket.ma/wp-content/uploads/2026/03/1000324257.jpg,[],0,2026-07-29T15:49:50.238Z
https://dentalmarket.ma/product/systeme-de-matrice-sectionnelle-a3-en-niti-ztdental/,10946,systeme-de-matrice-sectionnelle-a3-en-niti-ztdental,Système De Matrice Sectionnelle A3 en NiTi - ZTDental,10946,simple,ZTDental,ARYMARKET,,,Matrices dentaires | Restauration et Ciments dentaires | Uncategorized | ZTDental,,950,1200,950,950,950,MAD,OutOfStock,,,,https://dentalmarket.ma/wp-content/uploads/2025/11/Matrice.png,https://dentalmarket.ma/wp-content/uploads/2025/11/Matrice.png,[],0,2026-07-29T15:49:50.238Z
https://dentalmarket.ma/product/digital-shade-matching-device-e220-koungsun/,10902,digital-shade-matching-device-e220-koungsun,Digital Shade Matching Device E220 - KOUNGSUN,10902,simple,KOUNGSUN,ARYMARKET,,,Empreinte dentaire numérique | Empreintes et Laboratoire | Uncategorized | KOUNGSUN,,2199,2500,2199,2199,2199,MAD,InStock,,,,https://dentalmarket.ma/wp-content/uploads/2025/11/imgi_51_504447355_18009940178755538_2859408801803127374_n.webp,https://dentalmarket.ma/wp-content/uploads/2025/11/imgi_51_504447355_18009940178755538_2859408801803127374_n.webp | https://dentalmarket.ma/wp-content/uploads/2025/11/imgi_107_503771271_18009940208755538_3203096913459483046_n.webp | https://dentalmarket.ma/wp-content/uploads/2025/11/imgi_80_504168730_18009940199755538_7254887647509914027_n.webp | https://dentalmarket.ma/wp-content/uploads/2025/11/imgi_81_503951026_18009940217755538_6343478393702484548_n.webp | https://dentalmarket.ma/wp-content/uploads/2025/11/imgi_81_504208595_18009940232755538_7456407030746770970_n.webp | https://dentalmarket.ma/wp-content/uploads/2025/11/imgi_81_504163903_18009940235755538_4673545501203219328_n.webp | https://dentalmarket.ma/wp-content/uploads/2025/11/imgi_81_503777332_18009940244755538_5741323981154655792_n.webp | https://dentalmarket.ma/wp-content/uploads/2025/11/imgi_81_503989632_18009940253755538_44861924686937687_n.webp | https://dentalmarket.ma/wp-content/uploads/2025/11/imgi_51_504447355_18009940178755538_2859408801803127374_n-600x600.webp | https://dentalmarket.ma/wp-content/uploads/2025/11/imgi_107_503771271_18009940208755538_3203096913459483046_n-100x100.webp | https://dentalmarket.ma/wp-content/uploads/2025/11/imgi_80_504168730_18009940199755538_7254887647509914027_n-100x100.webp | https://dentalmarket.ma/wp-content/uploads/2025/11/imgi_81_503951026_18009940217755538_6343478393702484548_n-100x100.webp | https://dentalmarket.ma/wp-content/uploads/2025/11/imgi_81_504208595_18009940232755538_7456407030746770970_n-100x100.webp | https://dentalmarket.ma/wp-content/uploads/2025/11/imgi_81_504163903_18009940235755538_4673545501203219328_n-100x100.webp | https://dentalmarket.ma/wp-content/uploads/2025/11/imgi_81_503777332_18009940244755538_5741323981154655792_n-100x100.webp | https://dentalmarket.ma/wp-content/uploads/2025/11/imgi_81_503989632_18009940253755538_44861924686937687_n-100x100.webp,[],0,2026-07-29T15:49:50.238Z
https://dentalmarket.ma/product/coupe-gutta/,10884,coupe-gutta,Coupe Gutta,10884,simple,,ARYMARKET,"Gutta Cutter – Coupe rapide et précise de la Gutta Percha Le Gutta Cutter vous permet de couper la gutta-percha rapidement, proprement et avec une précision inégalée. Grâce à sa lame chauffante et ses quatre embouts spécialement conçus, chaque coupe est nette et parfaitement adaptée à l’anatomie de chaque canal radiculaire. Les principaux avantages : Rapidité et efficacité : La lame chauffante offre une coupe instantanée, sans effort, pour un gain de temps considérable. Précision optimale : Les embouts de formes variées assurent une coupe parfaite, parfaitement adaptée à la morphologie du canal. Plus pratique que les ciseaux : Léger, sans fil, et facile à manipuler, le Gutta Cutter simplifie votre travail, offrant une coupe propre en un seul geste. Gain de confort : Plus de stress lié à la coupe de la gutta-percha, profitez d’un confort de travail supérieur tout en améliorant la qualité de vos résultats. Ce que contient le kit : Le kit inclut : 1 pièce à main, 1 chargeur et 4 embouts (assortiment). Les lames peuvent être stérilisées en autoclave jusqu’à 25 fois, garantissant une hygiène optimale.","Gutta Cutter – Coupe rapide et précise de la Gutta Percha
Le Gutta Cutter vous permet de couper la gutta-percha rapidement, proprement et avec une précision inégalée. Grâce à sa lame chauffante et ses quatre embouts spécialement conçus, chaque coupe est nette et parfaitement adaptée à l’anatomie de chaque canal radiculaire.

Les principaux avantages :

 	
Rapidité et efficacité : La lame chauffante offre une coupe instantanée, sans effort, pour un gain de temps considérable.

 	
Précision optimale : Les embouts de formes variées assurent une coupe parfaite, parfaitement adaptée à la morphologie du canal.

 	
Plus pratique que les ciseaux : Léger, sans fil, et facile à manipuler, le Gutta Cutter simplifie votre travail, offrant une coupe propre en un seul geste.

 	
Gain de confort : Plus de stress lié à la coupe de la gutta-percha, profitez d’un confort de travail supérieur tout en améliorant la qualité de vos résultats.


Ce que contient le kit :
Le kit inclut : 1 pièce à main, 1 chargeur et 4 embouts (assortiment). Les lames peuvent être stérilisées en autoclave jusqu’à 25 fois, garantissant une hygiène optimale.",Endodontie | Moteurs d'endodontie | Uncategorized,,320,320,,320,320,MAD,OutOfStock,,,,https://dentalmarket.ma/wp-content/uploads/2025/11/Gutta-cutter.jpeg,https://dentalmarket.ma/wp-content/uploads/2025/11/Gutta-cutter.jpeg | https://dentalmarket.ma/wp-content/uploads/2025/11/Gutta-cutter-2.jpeg | https://dentalmarket.ma/wp-content/uploads/2025/11/Gutta-cutter-600x600.jpeg | https://dentalmarket.ma/wp-content/uploads/2025/11/Gutta-cutter-2-100x100.jpeg,[],0,2026-07-29T15:49:50.238Z
https://dentalmarket.ma/product/capteur-erlm/,10875,capteur-erlm,Capteur ERLM,10875,variable,,ARYMARKET,"Plaques de phosphore radiographique – Plaques d’imagerie intra-orale Conçues pour une imagerie radiographique intra-orale de précision, ces plaques de phosphore haute résolution sont idéales pour la capture d’images dentaires détaillées. Disponibles en plusieurs formats pour répondre à divers besoins diagnostiques. Caractéristiques principales : Épaisseur : Conception ultra-mince ≤ 1 mm pour le confort du patient Matériau : Fabriqué en PET de haute qualité avec un revêtement phosphorescent Indication : Utilisé pour la capture d’images radiographiques intra-orales de haute précision. Disponible en tailles 0 et 1 et 2 et 3 Spécifications techniques : Résolution spatiale de l’image : ≥14 lp/mm Efficacité de détection effective : 100 % de la zone de détection active Plage dynamique : ≥ 16 bits pour une qualité d’image à contraste élevé","Plaques de phosphore radiographique - Plaques d'imagerie intra-orale
Conçues pour une imagerie radiographique intra-orale de précision, ces plaques de phosphore haute résolution sont idéales pour la capture d'images dentaires détaillées. Disponibles en plusieurs formats pour répondre à divers besoins diagnostiques.
Caractéristiques principales :


 	Épaisseur : Conception ultra-mince ≤ 1 mm pour le confort du patient
 	Matériau : Fabriqué en PET de haute qualité avec un revêtement phosphorescent
 	Indication : Utilisé pour la capture d'images radiographiques intra-orales de haute précision.
 	Disponible en tailles 0 et 1 et 2 et 3

Spécifications techniques :


 	Résolution spatiale de l'image : ≥14 lp/mm
 	Efficacité de détection effective : 100 % de la zone de détection active
 	Plage dynamique : ≥ 16 bits pour une qualité d’image à contraste élevé",FMDC - Faculté de Médecine Dentaire de Casablanca | Fournitures pour Étudiants | Quatrième année | Radiographie | Radiographie et Photographie | UM6SS CASA - Université Mohammed VI de Médecine Dentaire de Casablanca,,499,499,,499,499,MAD,InStock,,0,,https://dentalmarket.ma/wp-content/uploads/2025/11/imgi_11_Phosphor_Imaging_Plates_1024x1024.jpeg,https://dentalmarket.ma/wp-content/uploads/2025/11/imgi_11_Phosphor_Imaging_Plates_1024x1024.jpeg | https://dentalmarket.ma/wp-content/uploads/2025/11/F2M6002-Size-2-Phosphor-Imaging-X-Ray-Plate-02.jpg | https://dentalmarket.ma/wp-content/uploads/2025/11/Capteur.webp | https://dentalmarket.ma/wp-content/uploads/2025/11/F2M6002-Size-2-Phosphor-Imaging-X-Ray-Plate-02-100x100.jpg | https://dentalmarket.ma/wp-content/uploads/2025/11/Capteur-100x100.webp,"[{""name"":""Size"",""value"":""0, 1, 2, 3""}]",4,2026-07-29T15:49:50.238Z
https://dentalmarket.ma/product/ecarteurs-des-levres-et-joues-en-latex-ztdental/,10855,ecarteurs-des-levres-et-joues-en-latex-ztdental,Écarteurs des Lèvres et Joues en Latex - ZTDental,10855,variable,ZTDental,ARYMARKET,"Écarteurs de joues Faciles à utiliser, flexibles et confortables, ils permettent d’isoler parfaitement les lèvres et les joues. La pression répartie uniformément autour de la bouche protège les commissures labiales et prévient les tractions excessives. Fabriqués en matériau élastique, ils évitent toute pression excessive sur le frein labial. Sans latex, ils sont hypoallergéniques.","Écarteurs de joues
Faciles à utiliser, flexibles et confortables, ils permettent d'isoler parfaitement les lèvres et les joues. La pression répartie uniformément autour de la bouche protège les commissures labiales et prévient les tractions excessives. Fabriqués en matériau élastique, ils évitent toute pression excessive sur le frein labial. Sans latex, ils sont hypoallergéniques.",Chirurgie et Implantologie | Instruments chirurgicaux | Uncategorized | ZTDental,,20,20,,20,20,MAD,InStock,,3,,https://dentalmarket.ma/wp-content/uploads/2025/11/Ecarteurs-des-Levres-et-Joues-en-Latex.png,https://dentalmarket.ma/wp-content/uploads/2025/11/Ecarteurs-des-Levres-et-Joues-en-Latex.png | https://dentalmarket.ma/wp-content/uploads/2025/11/Ecarteurs-des-Levres-et-Joues-en-Latex-1.png | https://dentalmarket.ma/wp-content/uploads/2025/11/Ecarteurs-des-Levres-et-Joues-en-Latex-600x600.png | https://dentalmarket.ma/wp-content/uploads/2025/11/Ecarteurs-des-Levres-et-Joues-en-Latex-1-100x100.png,"[{""name"":""Taille"",""value"":""Small, Medium, Large""}]",3,2026-07-29T15:49:50.238Z
https://dentalmarket.ma/product/lampe-de-polymerisation-q6-mecco/,10849,lampe-de-polymerisation-q6-mecco,Lampe de Polymérisation Q6 - MECCO,10849,simple,MECCO,ARYMARKET,,"Multi Wavelength Curing Light 1s,3s fast cure Turbo 3000mw/cm 2 High 2500mw/cm 2 Normal 2500mw/cm 2 Ortho 2500mw/cm 2 Ramp 0-1200mw/cm 2 Time: 1s,3s,5s, 10s, 15s,20s Colour: White",Equipements de restauration | Restauration et Ciments dentaires | Uncategorized | MECCO,,1200,1200,,1200,1200,MAD,InStock,,,,https://dentalmarket.ma/wp-content/uploads/2025/11/imgi_2_470903070_478324318629239_7609899655816230721_n.jpeg,https://dentalmarket.ma/wp-content/uploads/2025/11/imgi_2_470903070_478324318629239_7609899655816230721_n.jpeg,[],0,2026-07-29T15:49:50.238Z
https://dentalmarket.ma/product/savon-de-sculpture-pain-de-savon-x4/,10529,savon-de-sculpture-pain-de-savon-x4,Savon de Sculpture (Pain de Savon) ×4,10529,simple,,ARYMARKET,,,Fournitures pour Étudiants | Uncategorized,,25,25,,25,25,MAD,OutOfStock,,,,https://dentalmarket.ma/wp-content/uploads/2025/10/OvUn3672J1InwJ4abSVtV5jsCQ7vdsJhOJKCuDqe_lg.png,https://dentalmarket.ma/wp-content/uploads/2025/10/OvUn3672J1InwJ4abSVtV5jsCQ7vdsJhOJKCuDqe_lg.png,[],0,2026-07-29T15:49:50.238Z
https://dentalmarket.ma/product/chalumeau-moyen-demontable/,10180,chalumeau-moyen-demontable,Chalumeau Moyen/Démontable,10180,variable,,ARYMARKET,,,Empreintes et Laboratoire | Matériels de laboratoire | Uncategorized,,30,30,,30,120,MAD,InStock,,0,,https://dentalmarket.ma/wp-content/uploads/2025/09/0.5-m-m-10x-3.png,https://dentalmarket.ma/wp-content/uploads/2025/09/0.5-m-m-10x-3.png,"[{""name"":""Chalumeau avec ou sans cartouche de gaz"",""value"":""Chalumeau avec cartouche, Cartouche seule""}]",2,2026-07-29T15:49:50.238Z
https://dentalmarket.ma/product/plateau-dentaire-plateau-dexamen/,10036,plateau-dentaire-plateau-dexamen,Plateau Dentaire/Plateau d'Examen,10036,variable,Majestic Instruments,ARYMARKET,,,Instruments de diagnostic dentaire | Instruments dentaires | Uncategorized | Majestic Instruments,,35,35,,35,145,MAD,InStock,,0,,https://dentalmarket.ma/wp-content/uploads/2025/09/0.5-m-m-10x-2.png,https://dentalmarket.ma/wp-content/uploads/2025/09/0.5-m-m-10x-2.png,"[{""name"":""Sonde 6"",""value"":""Avec, Sans""},{""name"":""Sonde 17"",""value"":""Avec, Sans""},{""name"":""Miroir"",""value"":""Avec, Sans""},{""name"":""Précelle"",""value"":""Avec, Sans""}]",16,2026-07-29T15:49:50.238Z
https://dentalmarket.ma/product/bloc-note/,9886,bloc-note,Bloc Note,9886,simple,,ARYMARKET,,,Uncategorized,,10,10,,10,10,MAD,InStock,,,,https://dentalmarket.ma/wp-content/uploads/woocommerce-placeholder-600x600.png,https://dentalmarket.ma/wp-content/uploads/woocommerce-placeholder-600x600.png,[],0,2026-07-29T15:49:50.238Z
https://dentalmarket.ma/product/platre-dentaire-bleu/,9475,platre-dentaire-bleu,Plâtre Dentaire Bleu,9475,variable,,ARYMARKET,,,Empreintes et Laboratoire | Matériels de laboratoire | Uncategorized,,10,10,,10,20,MAD,InStock,,0,,https://dentalmarket.ma/wp-content/uploads/2025/09/0.5-m-m-10x-1.png,https://dentalmarket.ma/wp-content/uploads/2025/09/0.5-m-m-10x-1.png,"[{""name"":""Quantité"",""value"":""1/2 Kg, 1 Kg""}]",2,2026-07-29T15:49:50.238Z
https://dentalmarket.ma/product/compresse-non-sterile/,9170,compresse-non-sterile,Compresse Non Stérile,9170,variable,,ARYMARKET,,,Compresses | Uncategorized | Usage unique,,3,3,,3,25,MAD,InStock,,0,,https://dentalmarket.ma/wp-content/uploads/2025/09/Compresse.webp,https://dentalmarket.ma/wp-content/uploads/2025/09/Compresse.webp,"[{""name"":""Quantité"",""value"":""10 Compresses, 1 Paquet (100 Compresses)""}]",2,2026-07-29T15:49:50.238Z
https://dentalmarket.ma/product/desinfectant/,5613,desinfectant,Désinfectant - BIOBACTER,5613,simple,BIOBACTER,ARYMARKET,,,Désinfection et Stérilisation dentaire | Deuxième année | FMDC - Faculté de Médecine Dentaire de Casablanca | FMDR - Faculté de Médecine Dentaire de Rabat | Fournitures pour Étudiants | Hygiène des mains | Troisième année | Uncategorized | BIOBACTER,,15,15,,15,15,MAD,InStock,,,,https://dentalmarket.ma/wp-content/uploads/2024/08/Mon-projet-_1_-_1_.webp,https://dentalmarket.ma/wp-content/uploads/2024/08/Mon-projet-_1_-_1_.webp,[],0,2026-07-29T15:49:50.238Z
https://dentalmarket.ma/product/visiere-de-protection-10/,CO-FF01,visiere-de-protection-10,Visière de Protection (1 Monture + 10 Écrans) - COTISEN,CO-FF01,simple,COTISEN,ARYMARKET,"Protection compl?te : Prot?ge tout le visage contre ?claboussures, gouttelettes, poussi?res et autres contaminants. Vision claire : Mat?riau transparent offrant un large champ de vision sans g?ner le travail. Cadre robuste : Assure stabilit? et durabilit?, ?vite la d?formation et prolonge la dur?e de vie. Confortable : Bandeau ou crochets assurant un port agr?able et stable. Facile ? nettoyer : Surface lisse, simple ? laver et d?sinfecter. Durable : Plastique r?sistant aux chocs et ? l?usure pour un usage quotidien.","Protection compl?te : Prot?ge tout le visage contre ?claboussures, gouttelettes, poussi?res et autres contaminants.

 	
Vision claire : Mat?riau transparent offrant un large champ de vision sans g?ner le travail.

 	
Cadre robuste : Assure stabilit? et durabilit?, ?vite la d?formation et prolonge la dur?e de vie.

 	
Confortable : Bandeau ou crochets assurant un port agr?able et stable.

 	
Facile ? nettoyer : Surface lisse, simple ? laver et d?sinfecter.

 	
Durable : Plastique r?sistant aux chocs et ? l?usure pour un usage quotidien.",Fournitures pour ?tudiants | Protections | Troisi?me ann?e | UIR - Universit? Internationale de Rabat | Uncategorized | Usage unique | COTISEN,,100,100,,100,100,MAD,InStock,,,,https://dentalmarket.ma/wp-content/uploads/2026/07/Face-ShieldAnti-fog-1.jpg,https://dentalmarket.ma/wp-content/uploads/2026/07/Face-ShieldAnti-fog-1.jpg | https://dentalmarket.ma/wp-content/uploads/2026/07/Face-ShieldAnti-fog-2.jpg | https://dentalmarket.ma/wp-content/uploads/2026/07/Face-ShieldAnti-fog-1-600x600.jpg | https://dentalmarket.ma/wp-content/uploads/2026/07/Face-ShieldAnti-fog-2-100x100.jpg,[],0,2026-07-29T15:49:50.238Z
https://dentalmarket.ma/product/porte-fraise-piece-a-main/,8727,porte-fraise-piece-a-main,Porte Fraise Pièce à Main,8727,variable,,ARYMARKET,Spécifications: 1. Matériel: Plastique 2. Type: Autoclavable 3. Couleur: marron/bleu/gris/turquoise/bleu ciel 4. Trous: 5 trous 5. Taille: 37*11*54 Mm Caractéristiques: 1. Léger et portable 2. Peut ranger proprement les fraises 3. Durable et pratique 4. Conception à 5 trous 5. Autoclavable sous haute température de 134° 6. Support pour la désinfection de stérilisation des fraises,"Spécifications:
1. Matériel: Plastique
2. Type: Autoclavable
3. Couleur: marron/bleu/gris/turquoise/bleu ciel
4. Trous: 5 trous
5. Taille: 37*11*54 Mm





Caractéristiques:

1. Léger et portable
2. Peut ranger proprement les fraises
3. Durable et pratique
4. Conception à 5 trous
5. Autoclavable sous haute température de 134°
6. Support pour la désinfection de stérilisation des fraises",Accessoires pour fraise | Fraises dentaires et Polissage | Uncategorized,,35,35,,35,35,MAD,InStock,,22,,https://dentalmarket.ma/wp-content/uploads/2025/08/Porte-Fraise-HP.webp,https://dentalmarket.ma/wp-content/uploads/2025/08/Porte-Fraise-HP.webp,"[{""name"":""Couleur"",""value"":""Marron, Bleu, Gris, Turquoise, Bleu Ciel""}]",5,2026-07-29T15:49:50.238Z
https://dentalmarket.ma/product/fraise-batt-jota/,8726,fraise-batt-jota,Fraise BATT - Jota,8726,simple,Jota,ARYMARKET,"Fraise conique striée en acier, pointe arrondie Tige : [RAL] Contre-angle long","Fraise conique striée en acier, pointe arrondie
 	Tige : [RAL] Contre-angle long",Deuxième année | FMDC - Faculté de Médecine Dentaire de Casablanca | FMDR - Faculté de Médecine Dentaire de Rabat | FMPDF - Faculté de Médecine Dentaire de Fès | Fournitures pour Étudiants | Fraises dentaires et Polissage | Fraises en acier pour chirurgie | Quatrième année | Troisième année | UEMF - Université Euromed de Fès | UIASS - niversité internationale Abulcasis des sciences de la santé | UIC – Université Internationale de Casablanca | UIR - Université Internationale de Rabat | UM6SS CASA - Université Mohammed VI de Médecine Dentaire de Casablanca | Uncategorized | UPF - Université Privée de Fès | UPM - Université privée de Marrakech | Jota,,40,40,,40,40,MAD,OutOfStock,,,,https://dentalmarket.ma/wp-content/uploads/2025/08/BATT.png,https://dentalmarket.ma/wp-content/uploads/2025/08/BATT.png,[],0,2026-07-29T15:49:50.238Z
https://dentalmarket.ma/product/fraise-boule-multilame-jota/,8725,fraise-boule-multilame-jota,Fraise Boule Multilame - Jota,8725,simple,Jota,ARYMARKET,Fraise boule en acier multi-flammes Tige : [RA] Contre-angle,"Fraise boule en acier multi-flammes
 	Tige : [RA] Contre-angle",Deuxième année | FMDC - Faculté de Médecine Dentaire de Casablanca | FMDR - Faculté de Médecine Dentaire de Rabat | FMPDF - Faculté de Médecine Dentaire de Fès | Fournitures pour Étudiants | Fraises dentaires et Polissage | Polissage dentaire et finition | Quatrième année | Troisième année | UEMF - Université Euromed de Fès | UIASS - niversité internationale Abulcasis des sciences de la santé | UIC – Université Internationale de Casablanca | UIR - Université Internationale de Rabat | UM6SS CASA - Université Mohammed VI de Médecine Dentaire de Casablanca | Uncategorized | UPF - Université Privée de Fès | UPM - Université privée de Marrakech | Jota,,25,25,,25,25,MAD,OutOfStock,,,,https://dentalmarket.ma/wp-content/uploads/2025/08/Boule-Multilame.png,https://dentalmarket.ma/wp-content/uploads/2025/08/Boule-Multilame.png,[],0,2026-07-29T15:49:50.238Z
https://dentalmarket.ma/product/fraise-flamme-multilame-jota/,8721,fraise-flamme-multilame-jota,Fraise Flamme Multilame - Jota,8721,simple,Jota,ARYMARKET,Fraise flamme en acier multilames Tige : [RA] Contre-angle,"Fraise flamme en acier multilames
 	Tige : [RA] Contre-angle",Deuxième année | FMDC - Faculté de Médecine Dentaire de Casablanca | FMDR - Faculté de Médecine Dentaire de Rabat | FMPDF - Faculté de Médecine Dentaire de Fès | Fournitures pour Étudiants | Fraises dentaires et Polissage | Polissage dentaire et finition | Quatrième année | Troisième année | UEMF - Université Euromed de Fès | UIASS - niversité internationale Abulcasis des sciences de la santé | UIC – Université Internationale de Casablanca | UIR - Université Internationale de Rabat | UM6SS CASA - Université Mohammed VI de Médecine Dentaire de Casablanca | Uncategorized | UPF - Université Privée de Fès | UPM - Université privée de Marrakech | Jota,,25,25,,25,25,MAD,OutOfStock,,,,https://dentalmarket.ma/wp-content/uploads/2025/08/Flamme-Multilame.png,https://dentalmarket.ma/wp-content/uploads/2025/08/Flamme-Multilame.png,[],0,2026-07-29T15:49:50.238Z
https://dentalmarket.ma/product/sonde-de-rhein-majestic-instruments/,8719,sonde-de-rhein-majestic-instruments,Sonde de RHEIN - Majestic Instruments,8719,simple,Majestic Instruments,ARYMARKET,,,Instruments de diagnostic dentaire | Instruments dentaires | Uncategorized | Majestic Instruments,,30,30,,30,30,MAD,OutOfStock,,,,https://dentalmarket.ma/wp-content/uploads/2025/08/Sonde-de-RHEIN.webp,https://dentalmarket.ma/wp-content/uploads/2025/08/Sonde-de-RHEIN.webp,[],0,2026-07-29T15:49:50.238Z
https://dentalmarket.ma/product/sonde-17-majestic-instruments/,8718,sonde-17-majestic-instruments,Sonde 17 - Majestic Instruments,8718,simple,Majestic Instruments,ARYMARKET,,,Instruments de diagnostic dentaire | Instruments dentaires | Uncategorized | Majestic Instruments,,25,25,,25,25,MAD,OutOfStock,,,,https://dentalmarket.ma/wp-content/uploads/2025/08/Sonde-17.webp,https://dentalmarket.ma/wp-content/uploads/2025/08/Sonde-17.webp,[],0,2026-07-29T15:49:50.238Z
https://dentalmarket.ma/product/sonde-6-majestic-instruments/,8717,sonde-6-majestic-instruments,Sonde 6 - Majestic Instruments,8717,simple,Majestic Instruments,ARYMARKET,,,Instruments de diagnostic dentaire | Instruments dentaires | Uncategorized | Majestic Instruments,,25,25,,25,25,MAD,OutOfStock,,,,https://dentalmarket.ma/wp-content/uploads/2025/08/Sonde-6.webp,https://dentalmarket.ma/wp-content/uploads/2025/08/Sonde-6.webp,[],0,2026-07-29T15:49:50.238Z
https://dentalmarket.ma/product/spatule-a-cire-titan-surgical/,8715,spatule-a-cire-titan-surgical,Spatule à Cire - TITAN SURGICAL,8715,simple,TITAN SURGICAL,ARYMARKET,,,Empreintes et Laboratoire | Matériels de laboratoire | Uncategorized | TITAN SURGICAL,,40,40,,40,40,MAD,OutOfStock,,,,https://dentalmarket.ma/wp-content/uploads/2025/08/Spatule-a-Cire.png,https://dentalmarket.ma/wp-content/uploads/2025/08/Spatule-a-Cire.png,[],0,2026-07-29T15:49:50.238Z
https://dentalmarket.ma/product/spatule-a-dycal-majestic-instruments/,8714,spatule-a-dycal-majestic-instruments,Spatule à Dycal - Majestic Instruments,8714,simple,Majestic Instruments,ARYMARKET,,,Fouloirs dentaires | Instruments dentaires | Uncategorized | Majestic Instruments,,25,25,,25,25,MAD,InStock,,,,https://dentalmarket.ma/wp-content/uploads/2025/08/Spatule-a-Dycal.webp,https://dentalmarket.ma/wp-content/uploads/2025/08/Spatule-a-Dycal.webp,[],0,2026-07-29T15:49:50.238Z
https://dentalmarket.ma/product/spatule-de-bouche-majestic-instruments/,8713,spatule-de-bouche-majestic-instruments,Spatule de Bouche - Majestic Instruments,8713,simple,Majestic Instruments,ARYMARKET,,,Instruments de diagnostic dentaire | Instruments dentaires | Uncategorized | Majestic Instruments,,25,25,,25,25,MAD,InStock,,,,https://dentalmarket.ma/wp-content/uploads/2025/08/Spatule-de-Bouche.webp,https://dentalmarket.ma/wp-content/uploads/2025/08/Spatule-de-Bouche.webp,[],0,2026-07-29T15:49:50.238Z
https://dentalmarket.ma/product/spatule-a-ciment-malaxer-majestic-instruments/,8712,spatule-a-ciment-malaxer-majestic-instruments,Spatule à Ciment/Malaxer - Majestic Instruments,8712,simple,Majestic Instruments,ARYMARKET,,,Instruments de diagnostic dentaire | Instruments dentaires | Uncategorized | Majestic Instruments,,25,25,,25,25,MAD,InStock,,,,https://dentalmarket.ma/wp-content/uploads/2025/08/Spatule-a-Malaxer-1.webp,https://dentalmarket.ma/wp-content/uploads/2025/08/Spatule-a-Malaxer-1.webp,[],0,2026-07-29T15:49:50.238Z
https://dentalmarket.ma/product/spatule-de-lecron-majestic-instruments/,8711,spatule-de-lecron-majestic-instruments,Spatule de LECRON - Majestic Instruments,8711,simple,Majestic Instruments,ARYMARKET,,,Empreintes et Laboratoire | Matériels de laboratoire | Uncategorized | Majestic Instruments,,25,25,,25,25,MAD,InStock,,,,https://dentalmarket.ma/wp-content/uploads/2025/08/Spatule-LECRON.webp,https://dentalmarket.ma/wp-content/uploads/2025/08/Spatule-LECRON.webp,[],0,2026-07-29T15:49:50.238Z
https://dentalmarket.ma/product/spatule-de-zhale-majestic-instruments/,8710,spatule-de-zhale-majestic-instruments,Spatule de ZAHLE - Majestic Instruments,8710,simple,Majestic Instruments,ARYMARKET,,,Empreintes et Laboratoire | Matériels de laboratoire | Uncategorized | Majestic Instruments,,25,25,,25,25,MAD,InStock,,,,https://dentalmarket.ma/wp-content/uploads/2025/08/Spatule-de-ZHALE-.webp,https://dentalmarket.ma/wp-content/uploads/2025/08/Spatule-de-ZHALE-.webp,[],0,2026-07-29T15:49:50.238Z
https://dentalmarket.ma/product/spatule-de-ward-majestic-instruments/,8709,spatule-de-ward-majestic-instruments,Spatule de WARD - Majestic Instruments,8709,simple,Majestic Instruments,ARYMARKET,,,Instruments restauration et ciment | Restauration et Ciments dentaires | Uncategorized | Majestic Instruments,,25,25,,25,25,MAD,InStock,,,,https://dentalmarket.ma/wp-content/uploads/2025/08/Spatule-de-WARD.webp,https://dentalmarket.ma/wp-content/uploads/2025/08/Spatule-de-WARD.webp,[],0,2026-07-29T15:49:50.238Z
https://dentalmarket.ma/product/pointe-montee-en-chiffon-jaune/,8689,pointe-montee-en-chiffon-jaune,Pointe montée en Chiffon Jaune,8689,simple,,ARYMARKET,Pointe montée en Chiffon Jaune pour pièce à main.,Pointe montée en Chiffon Jaune pour pièce à main.,Fraises dentaires et Polissage | Polissage dentaire et finition | Uncategorized,,10,10,,10,10,MAD,InStock,,,,https://dentalmarket.ma/wp-content/uploads/2025/08/85.webp,https://dentalmarket.ma/wp-content/uploads/2025/08/85.webp,[],0,2026-07-29T15:49:50.238Z
https://dentalmarket.ma/product/cupule-pointe-siliconee-turbine/,8626,cupule-pointe-siliconee-turbine,"Cupule/Pointe Siliconée pour Polissage, Turbine",8626,variable,,ARYMARKET,"Cupules de finition dentaire – disponibles en plusieurs granulationsNos cupules de finition dentaire sont conçues pour assurer un polissage efficace et une finition optimale des restaurations.Elles garantissent confort, précision et durabilité, tout en s’adaptant aux différents besoins cliniques. ✔️ Excellente capacité de polissage et de finition✔️ Utilisation simple et pratique✔️ Résistantes et adaptées aux procédures de longue durée Lien vers cupules contre-angle : Contre-Angle","Cupules de finition dentaire – disponibles en plusieurs granulationsNos cupules de finition dentaire sont conçues pour assurer un polissage efficace et une finition optimale des restaurations.Elles garantissent confort, précision et durabilité, tout en s’adaptant aux différents besoins cliniques.
✔️ Excellente capacité de polissage et de finition✔️ Utilisation simple et pratique✔️ Résistantes et adaptées aux procédures de longue durée



Lien vers cupules contre-angle : Contre-Angle",Deuxième année | FMDC - Faculté de Médecine Dentaire de Casablanca | FMDR - Faculté de Médecine Dentaire de Rabat | FMPDF - Faculté de Médecine Dentaire de Fès | Fournitures pour Étudiants | Fraises dentaires et Polissage | Polissage dentaire et finition | Quatrième année | Troisième année | UEMF - Université Euromed de Fès | UIASS - niversité internationale Abulcasis des sciences de la santé | UIC – Université Internationale de Casablanca | UIR - Université Internationale de Rabat | UM6SS CASA - Université Mohammed VI de Médecine Dentaire de Casablanca | Uncategorized | UPF - Université Privée de Fès | UPM - Université privée de Marrakech,,10,10,,10,45,MAD,InStock,,531,,https://dentalmarket.ma/wp-content/uploads/2025/08/0.5mm10x20.webp,https://dentalmarket.ma/wp-content/uploads/2025/08/0.5mm10x20.webp,"[{""name"":""Granulométrie"",""value"":""Blanc/Gris, Rouge, Bleu, Vert, Jaune, Marron, Assortiment""},{""name"":""Forme"",""value"":""N°1, N°2, N°1+2""}]",13,2026-07-29T15:49:50.238Z
https://dentalmarket.ma/product/cupule-pointe-siliconee-contre-angle/,8425,cupule-pointe-siliconee-contre-angle,"Cupule/Pointe Siliconée pour Polissage, Contre-Angle",8425,variable,,ARYMARKET,"Cupules de finition dentaire – disponibles en plusieurs granulationsNos cupules de finition dentaire sont conçues pour assurer un polissage efficace et une finition optimale des restaurations.Elles garantissent confort, précision et durabilité, tout en s’adaptant aux différents besoins cliniques. ✔️ Excellente capacité de polissage et de finition✔️ Utilisation simple et pratique✔️ Résistantes et adaptées aux procédures de longue durée Lien vers cupules turbine : Turbine","Cupules de finition dentaire – disponibles en plusieurs granulationsNos cupules de finition dentaire sont conçues pour assurer un polissage efficace et une finition optimale des restaurations.Elles garantissent confort, précision et durabilité, tout en s’adaptant aux différents besoins cliniques.
✔️ Excellente capacité de polissage et de finition✔️ Utilisation simple et pratique✔️ Résistantes et adaptées aux procédures de longue durée




Lien vers cupules turbine : Turbine",Deuxième année | FMDC - Faculté de Médecine Dentaire de Casablanca | FMDR - Faculté de Médecine Dentaire de Rabat | FMPDF - Faculté de Médecine Dentaire de Fès | Fournitures pour Étudiants | Fraises dentaires et Polissage | Polissage dentaire et finition | Quatrième année | Troisième année | UEMF - Université Euromed de Fès | UIASS - niversité internationale Abulcasis des sciences de la santé | UIC – Université Internationale de Casablanca | UIR - Université Internationale de Rabat | UM6SS CASA - Université Mohammed VI de Médecine Dentaire de Casablanca | Uncategorized | UPF - Université Privée de Fès | UPM - Université privée de Marrakech,,10,10,,10,45,MAD,InStock,,1663,,https://dentalmarket.ma/wp-content/uploads/2025/08/0.5mm10x22-1.webp,https://dentalmarket.ma/wp-content/uploads/2025/08/0.5mm10x22-1.webp,"[{""name"":""Granulométrie"",""value"":""Blanc/Gris, Rouge, Bleu, Vert, Jaune, Marron, Assortiment""},{""name"":""Forme"",""value"":""N°1 (9557), N°2 (9555), N°3, N°4, N°5, N°6, N°1,2,3,4,5,6""}]",25,2026-07-29T15:49:50.238Z
https://dentalmarket.ma/product/pied-a-coulisse-majestic-instruments/,8594,pied-a-coulisse-majestic-instruments,Pied à Coulisse - Majestic Instruments,8594,simple,Majestic Instruments,ARYMARKET,"Pied à coulisse dentaire en acier inoxydable – Majestic InstrumentsInstrument de mesure de précision, idéal pour l’odontologie et la prothèse. Conçu en acier inoxydable résistant et stérilisable, il permet de mesurer avec exactitude les dents, espaces interdentaires et modèles. Outil indispensable pour un travail fiable et précis.","Pied à coulisse dentaire en acier inoxydable - Majestic InstrumentsInstrument de mesure de précision, idéal pour l’odontologie et la prothèse. Conçu en acier inoxydable résistant et stérilisable, il permet de mesurer avec exactitude les dents, espaces interdentaires et modèles. Outil indispensable pour un travail fiable et précis.",Instruments orthodontie | Orthodontie | Uncategorized | Majestic Instruments,,50,50,,50,50,MAD,InStock,,,,https://dentalmarket.ma/wp-content/uploads/2025/08/Pied-a-Coulisse-1.png,https://dentalmarket.ma/wp-content/uploads/2025/08/Pied-a-Coulisse-1.png,[],0,2026-07-29T15:49:50.238Z
https://dentalmarket.ma/product/brosse-a-dent-pour-tp/,8591,brosse-a-dent-pour-tp,Brosse à Dent pour TP,8591,simple,,ARYMARKET,,,"Hygiène bucco-dentaire | Prophylaxie, prévention et esthétique | Uncategorized",,3,3,,3,3,MAD,InStock,,,,https://dentalmarket.ma/wp-content/uploads/2025/08/Brosse-a-dent.png,https://dentalmarket.ma/wp-content/uploads/2025/08/Brosse-a-dent.png,[],0,2026-07-29T15:49:50.238Z
https://dentalmarket.ma/product/dents-prothetiques-acry-rock/,8412,dents-prothetiques-acry-rock,Dents Prothétiques - ACRY ROCK,8412,variable,ACRY ROCK,ARYMARKET,"DENTS ARTIFICIELLES EN POLYMÉTHYLMÉTHACRYLATE EN DEUX COUCHES DE COULEUR Les caractéristiques chimiques, physiques et esthétiques des deux types de dents sont les mêmes. Ils se distinguent par leurs différentes échelles de couleurs. Leurs principales caractéristiques sont les suivantes 1. Le bon effet esthétique dû au chevauchement des deux couches de couleur et à la coupe en couronne des bords incisifs. 2. Bonne résistance chimique et physique grâce à l’utilisation de matériaux de haute qualité. 3. Le vaste assortiment de formes et de teintes qui lui permet de s’adapter à toutes les exigences prothétiques. Lien vers d’autres dents prothétiques : UNIDENT","DENTS ARTIFICIELLES EN POLYMÉTHYLMÉTHACRYLATE EN DEUX COUCHES DE COULEUR
Les caractéristiques chimiques, physiques et esthétiques des deux types de dents sont les mêmes. Ils se distinguent par leurs différentes échelles de couleurs.

Leurs principales caractéristiques sont les suivantes
1. Le bon effet esthétique dû au chevauchement des deux couches de couleur et à la coupe en couronne des bords incisifs.
2. Bonne résistance chimique et physique grâce à l'utilisation de matériaux de haute qualité.
3. Le vaste assortiment de formes et de teintes qui lui permet de s'adapter à toutes les exigences prothétiques.



Lien vers d'autres dents prothétiques : UNIDENT",Deuxième année | FMDC - Faculté de Médecine Dentaire de Casablanca | FMDR - Faculté de Médecine Dentaire de Rabat | FMPDF - Faculté de Médecine Dentaire de Fès | Fournitures pour Étudiants | Matériaux de prothèse dentaire | Prothèses dentaires et Couronnes | Troisième année | UEMF - Université Euromed de Fès | UIASS - niversité internationale Abulcasis des sciences de la santé | UIC – Université Internationale de Casablanca | UIR - Université Internationale de Rabat | UM6SS CASA - Université Mohammed VI de Médecine Dentaire de Casablanca | Uncategorized | UPF - Université Privée de Fès | UPM - Université privée de Marrakech | ACRY ROCK,,30,30,,30,100,MAD,OutOfStock,,0,,https://dentalmarket.ma/wp-content/uploads/2025/08/ACRY-ROCK.webp,https://dentalmarket.ma/wp-content/uploads/2025/08/ACRY-ROCK.webp,"[{""name"":""Réference"",""value"":""S62, 18, D45""},{""name"":""Dent"",""value"":""Jeu Complet, Par 6 maxillaire antérieur, Par 8 maxillaire postérieur""}]",3,2026-07-29T15:49:50.238Z
https://dentalmarket.ma/product/dents-prothetiques-unident/,5691,dents-prothetiques-unident,Dents Prothétiques - UNIDENT,5691,variable,UNIDENT,ARYMARKET,"Dents à deux couches Fabriquées avec des polymères de grande densité moléculaire, les dents Unident conviennent pour les prothèses totales ou partielles. • Grande dureté • Excellente résistance à l’abrasion • Haute stabilité de la teinte • Naturel des formes Lien vers d’autres dents prothétiques : ACRY ROCK","Dents à deux couches

Fabriquées avec des polymères de grande densité moléculaire,
les dents Unident conviennent pour les prothèses totales ou
partielles.

• Grande dureté
• Excellente résistance à l’abrasion
• Haute stabilité de la teinte
• Naturel des formes



Lien vers d'autres dents prothétiques : ACRY ROCK",Deuxième année | FMDC - Faculté de Médecine Dentaire de Casablanca | FMDR - Faculté de Médecine Dentaire de Rabat | FMPDF - Faculté de Médecine Dentaire de Fès | Fournitures pour Étudiants | Matériaux de prothèse dentaire | Prothèses dentaires et Couronnes | Troisième année | UEMF - Université Euromed de Fès | UIASS - niversité internationale Abulcasis des sciences de la santé | UIC – Université Internationale de Casablanca | UIR - Université Internationale de Rabat | UM6SS CASA - Université Mohammed VI de Médecine Dentaire de Casablanca | Uncategorized | UPF - Université Privée de Fès | UPM - Université privée de Marrakech | UNIDENT,,13,13,,13,50,MAD,InStock,,0,,https://dentalmarket.ma/wp-content/uploads/2025/08/UNIDENT.webp,https://dentalmarket.ma/wp-content/uploads/2025/08/UNIDENT.webp,"[{""name"":""Référence"",""value"":""S54, S64, 21""},{""name"":""Dent"",""value"":""Jeu Complet, 6 Du Haut""},{""name"":""Teinte"",""value"":""A1, A2""}]",4,2026-07-29T15:49:50.238Z
https://dentalmarket.ma/product/charlotte/,8399,charlotte,Charlotte,8399,variable,,ARYMARKET,"Charlotte en polypropylène non tissé double élastique, à usage unique. Légère et aérée, elle assure une excellente perméabilité à l’air. Pliage en accordéon.","Charlotte en polypropylène non tissé double élastique, à usage unique. Légère et aérée, elle assure une excellente perméabilité à l’air. Pliage en accordéon.",Deuxième année | FMDC - Faculté de Médecine Dentaire de Casablanca | FMDR - Faculté de Médecine Dentaire de Rabat | FMPDF - Faculté de Médecine Dentaire de Fès | Fournitures pour Étudiants | Première Année | Protections | Troisième année | UEMF - Université Euromed de Fès | UIASS - niversité internationale Abulcasis des sciences de la santé | UIC – Université Internationale de Casablanca | UIR - Université Internationale de Rabat | UM6SS CASA - Université Mohammed VI de Médecine Dentaire de Casablanca | Uncategorized | UPF - Université Privée de Fès | UPM - Université privée de Marrakech | Usage unique,,8,10,8,8,8,MAD,InStock,,0,,https://dentalmarket.ma/wp-content/uploads/2024/08/2.jpg,https://dentalmarket.ma/wp-content/uploads/2024/08/2.jpg,"[{""name"":""Quantité"",""value"":""Boite de 10""}]",1,2026-07-29T15:49:50.238Z
https://dentalmarket.ma/product/fraise-poire-acier-inoxydable-contre-angle/,8386,fraise-poire-acier-inoxydable-contre-angle,Fraise Poire Acier Inoxydable Contre-Angle - Odenta,8386,variable,Odenta,ARYMARKET,,,Deuxième année | FMDC - Faculté de Médecine Dentaire de Casablanca | FMDR - Faculté de Médecine Dentaire de Rabat | FMPDF - Faculté de Médecine Dentaire de Fès | Fournitures pour Étudiants | Fraises dentaires et Polissage | Fraises en acier pour chirurgie | Odenta | Quatrième année | Troisième année | UEMF - Université Euromed de Fès | UIASS - niversité internationale Abulcasis des sciences de la santé | UIC – Université Internationale de Casablanca | UIR - Université Internationale de Rabat | UM6SS CASA - Université Mohammed VI de Médecine Dentaire de Casablanca | Uncategorized | UPF - Université Privée de Fès | UPM - Université privée de Marrakech,Odenta,14,15,14,14,14,MAD,InStock,,0,,https://dentalmarket.ma/wp-content/uploads/2026/07/Odenta-5.png,https://dentalmarket.ma/wp-content/uploads/2026/07/Odenta-5.png,"[{""name"":""Diamètre"",""value"":""021""}]",1,2026-07-29T15:49:50.238Z
https://dentalmarket.ma/product/fraise-conique-acier-inoxydable-contre-angle/,8380,fraise-conique-acier-inoxydable-contre-angle,Fraise Conique Acier Inoxydable Contre-Angle - Odenta,8380,variable,Odenta,ARYMARKET,,,Deuxième année | FMDC - Faculté de Médecine Dentaire de Casablanca | FMDR - Faculté de Médecine Dentaire de Rabat | FMPDF - Faculté de Médecine Dentaire de Fès | Fournitures pour Étudiants | Fraises dentaires et Polissage | Fraises en acier pour chirurgie | Odenta | Quatrième année | Troisième année | UEMF - Université Euromed de Fès | UIASS - niversité internationale Abulcasis des sciences de la santé | UIC – Université Internationale de Casablanca | UIR - Université Internationale de Rabat | UM6SS CASA - Université Mohammed VI de Médecine Dentaire de Casablanca | Uncategorized | UPF - Université Privée de Fès | UPM - Université privée de Marrakech,Odenta,14,15,14,14,14,MAD,InStock,,0,,https://dentalmarket.ma/wp-content/uploads/2026/07/Odenta-7.png,https://dentalmarket.ma/wp-content/uploads/2026/07/Odenta-7.png,"[{""name"":""Diamètre"",""value"":""006, 014, 016, 018, 021""}]",5,2026-07-29T15:49:50.238Z
https://dentalmarket.ma/product/fraise-cylindrique-acier-inoxydable-contre-angle/,8371,fraise-cylindrique-acier-inoxydable-contre-angle,Fraise Cylindrique Acier Inoxydable Contre-Angle - Odenta,8371,variable,Odenta,ARYMARKET,,,Deuxième année | FMDC - Faculté de Médecine Dentaire de Casablanca | FMDR - Faculté de Médecine Dentaire de Rabat | FMPDF - Faculté de Médecine Dentaire de Fès | Fournitures pour Étudiants | Fraises dentaires et Polissage | Fraises en acier pour chirurgie | Odenta | Quatrième année | Troisième année | UEMF - Université Euromed de Fès | UIASS - niversité internationale Abulcasis des sciences de la santé | UIC – Université Internationale de Casablanca | UIR - Université Internationale de Rabat | UM6SS CASA - Université Mohammed VI de Médecine Dentaire de Casablanca | Uncategorized | UPF - Université Privée de Fès | UPM - Université privée de Marrakech,Odenta,14,14,,14,14,MAD,InStock,,0,,https://dentalmarket.ma/wp-content/uploads/2026/07/Odenta-2.png,https://dentalmarket.ma/wp-content/uploads/2026/07/Odenta-2.png,"[{""name"":""Diamètre"",""value"":""006, 008, 010, 012, 014, 016, 018, 021""}]",8,2026-07-29T15:49:50.238Z
https://dentalmarket.ma/product/fraise-boule-longue-acier-inoxydable-contre-angle/,8368,fraise-boule-longue-acier-inoxydable-contre-angle,Fraise Boule Longue Acier Inoxydable Contre-Angle - Odenta,8368,variable,Odenta,ARYMARKET,,,Deuxième année | FMDC - Faculté de Médecine Dentaire de Casablanca | FMDR - Faculté de Médecine Dentaire de Rabat | FMPDF - Faculté de Médecine Dentaire de Fès | Fournitures pour Étudiants | Fraises dentaires et Polissage | Fraises en acier pour chirurgie | Odenta | Quatrième année | Troisième année | UEMF - Université Euromed de Fès | UIASS - niversité internationale Abulcasis des sciences de la santé | UIC – Université Internationale de Casablanca | UIR - Université Internationale de Rabat | UM6SS CASA - Université Mohammed VI de Médecine Dentaire de Casablanca | Uncategorized | UPF - Université Privée de Fès | UPM - Université privée de Marrakech,Odenta,18,20,18,18,18,MAD,InStock,,0,,https://dentalmarket.ma/wp-content/uploads/2026/07/Odenta-4.png,https://dentalmarket.ma/wp-content/uploads/2026/07/Odenta-4.png,"[{""name"":""Diamètre"",""value"":""010, 012""}]",2,2026-07-29T15:49:50.238Z
https://dentalmarket.ma/product/fraise-boule-acier-inoxydable-contre-angle/,8360,fraise-boule-acier-inoxydable-contre-angle,Fraise Boule Acier Inoxydable Contre-Angle - Odenta,8360,variable,Odenta,ARYMARKET,,,Deuxième année | FMDC - Faculté de Médecine Dentaire de Casablanca | FMDR - Faculté de Médecine Dentaire de Rabat | FMPDF - Faculté de Médecine Dentaire de Fès | Fournitures pour Étudiants | Fraises dentaires et Polissage | Fraises en acier pour chirurgie | Odenta | Quatrième année | Troisième année | UEMF - Université Euromed de Fès | UIASS - niversité internationale Abulcasis des sciences de la santé | UIC – Université Internationale de Casablanca | UIR - Université Internationale de Rabat | UM6SS CASA - Université Mohammed VI de Médecine Dentaire de Casablanca | Uncategorized | UPF - Université Privée de Fès | UPM - Université privée de Marrakech,Odenta,14,16,14,14,14,MAD,InStock,,0,,https://dentalmarket.ma/wp-content/uploads/2026/07/Odenta-4.png,https://dentalmarket.ma/wp-content/uploads/2026/07/Odenta-4.png,"[{""name"":""Diamètre"",""value"":""008, 009, 010, 012, 014, 016, 018""}]",6,2026-07-29T15:49:50.238Z
https://dentalmarket.ma/product/fraise-boule-longue-carbure-de-tungstene-contre-angle/,8357,fraise-boule-longue-carbure-de-tungstene-contre-angle,Fraise Boule Longue Carbure de Tungstène Contre-Angle - Odenta,8357,variable,Odenta,ARYMARKET,,,Deuxième année | FMDC - Faculté de Médecine Dentaire de Casablanca | FMDR - Faculté de Médecine Dentaire de Rabat | FMPDF - Faculté de Médecine Dentaire de Fès | Fournitures pour Étudiants | Fraises carbure de tungstène | Fraises dentaires et Polissage | Odenta | Quatrième année | Troisième année | UEMF - Université Euromed de Fès | UIASS - niversité internationale Abulcasis des sciences de la santé | UIC – Université Internationale de Casablanca | UIR - Université Internationale de Rabat | UM6SS CASA - Université Mohammed VI de Médecine Dentaire de Casablanca | Uncategorized | UPF - Université Privée de Fès | UPM - Université privée de Marrakech,Odenta,23,25,23,23,23,MAD,InStock,,112,,https://dentalmarket.ma/wp-content/uploads/2026/07/Odenta-4.png,https://dentalmarket.ma/wp-content/uploads/2026/07/Odenta-4.png,"[{""name"":""Diamètre"",""value"":""010, 012""}]",2,2026-07-29T15:49:50.238Z
https://dentalmarket.ma/product/fraise-poire-carbure-de-tungstene-contre-angle/,8355,fraise-poire-carbure-de-tungstene-contre-angle,Fraise Poire Carbure de Tungstène Contre-Angle - Odenta,8355,variable,Odenta,ARYMARKET,,,Deuxième année | FMDC - Faculté de Médecine Dentaire de Casablanca | FMDR - Faculté de Médecine Dentaire de Rabat | FMPDF - Faculté de Médecine Dentaire de Fès | Fournitures pour Étudiants | Fraises carbure de tungstène | Fraises dentaires et Polissage | Odenta | Quatrième année | Troisième année | UEMF - Université Euromed de Fès | UIASS - niversité internationale Abulcasis des sciences de la santé | UIC – Université Internationale de Casablanca | UIR - Université Internationale de Rabat | UM6SS CASA - Université Mohammed VI de Médecine Dentaire de Casablanca | Uncategorized | UPF - Université Privée de Fès | UPM - Université privée de Marrakech,Odenta,18,20,18,18,18,MAD,InStock,,436,,https://dentalmarket.ma/wp-content/uploads/2026/07/Odenta-5.png,https://dentalmarket.ma/wp-content/uploads/2026/07/Odenta-5.png,"[{""name"":""Diamètre"",""value"":""021""}]",1,2026-07-29T15:49:50.238Z
https://dentalmarket.ma/product/fraise-conique-carbure-de-tungstene-contre-angle/,8349,fraise-conique-carbure-de-tungstene-contre-angle,Fraise Conique Carbure de Tungstène Contre-Angle - Odenta,8349,variable,Odenta,ARYMARKET,,,Deuxième année | FMDC - Faculté de Médecine Dentaire de Casablanca | FMDR - Faculté de Médecine Dentaire de Rabat | FMPDF - Faculté de Médecine Dentaire de Fès | Fournitures pour Étudiants | Fraises carbure de tungstène | Fraises dentaires et Polissage | Odenta | Quatrième année | Troisième année | UEMF - Université Euromed de Fès | UIASS - niversité internationale Abulcasis des sciences de la santé | UIC – Université Internationale de Casablanca | UIR - Université Internationale de Rabat | UM6SS CASA - Université Mohammed VI de Médecine Dentaire de Casablanca | Uncategorized | UPF - Université Privée de Fès | UPM - Université privée de Marrakech,Odenta,18,20,18,18,18,MAD,InStock,,1068,,https://dentalmarket.ma/wp-content/uploads/2026/07/Odenta-7.png,https://dentalmarket.ma/wp-content/uploads/2026/07/Odenta-7.png,"[{""name"":""Diamètre"",""value"":""006, 014, 016, 018, 021""}]",5,2026-07-29T15:49:50.238Z
https://dentalmarket.ma/product/fraise-cylindrique-carbure-de-tungstene-contre-angle/,8340,fraise-cylindrique-carbure-de-tungstene-contre-angle,Fraise Cylindrique Carbure de Tungstène Contre-Angle - Odenta,8340,variable,Odenta,ARYMARKET,,,Deuxième année | FMDC - Faculté de Médecine Dentaire de Casablanca | FMDR - Faculté de Médecine Dentaire de Rabat | FMPDF - Faculté de Médecine Dentaire de Fès | Fournitures pour Étudiants | Fraises carbure de tungstène | Fraises dentaires et Polissage | Odenta | Quatrième année | Troisième année | UEMF - Université Euromed de Fès | UIASS - niversité internationale Abulcasis des sciences de la santé | UIC – Université Internationale de Casablanca | UIR - Université Internationale de Rabat | UM6SS CASA - Université Mohammed VI de Médecine Dentaire de Casablanca | Uncategorized | UPF - Université Privée de Fès | UPM - Université privée de Marrakech,Odenta,18,20,18,18,18,MAD,InStock,,1440,,https://dentalmarket.ma/wp-content/uploads/2026/07/Odenta-2.png,https://dentalmarket.ma/wp-content/uploads/2026/07/Odenta-2.png,"[{""name"":""Diamètre"",""value"":""006, 008, 010, 012, 014, 016, 018, 021""}]",8,2026-07-29T15:49:50.238Z
https://dentalmarket.ma/product/fraise-conique-carbure-de-tungstene-cross-cut-contre-angle/,8331,fraise-conique-carbure-de-tungstene-cross-cut-contre-angle,Fraise Conique Carbure de Tungstène (Cross-Cut) Contre-Angle - Odenta,8331,variable,Odenta,ARYMARKET,,,Deuxième année | FMDC - Faculté de Médecine Dentaire de Casablanca | FMDR - Faculté de Médecine Dentaire de Rabat | FMPDF - Faculté de Médecine Dentaire de Fès | Fournitures pour Étudiants | Fraises carbure de tungstène | Fraises dentaires et Polissage | Odenta | Quatrième année | Troisième année | UEMF - Université Euromed de Fès | UIASS - niversité internationale Abulcasis des sciences de la santé | UIC – Université Internationale de Casablanca | UIR - Université Internationale de Rabat | UM6SS CASA - Université Mohammed VI de Médecine Dentaire de Casablanca | Uncategorized | UPF - Université Privée de Fès | UPM - Université privée de Marrakech,Odenta,18,20,18,18,18,MAD,InStock,,172,,https://dentalmarket.ma/wp-content/uploads/2026/07/Odenta-6.png,https://dentalmarket.ma/wp-content/uploads/2026/07/Odenta-6.png,"[{""name"":""Diamètre"",""value"":""010, 012, 014, 016, 018, 021, 023""}]",4,2026-07-29T15:49:50.238Z
https://dentalmarket.ma/product/fraise-cylindrique-carbure-de-tungstene-cross-cut-contre-angle/,8323,fraise-cylindrique-carbure-de-tungstene-cross-cut-contre-angle,Fraise Cylindrique Carbure de Tungstène (Cross Cut) Contre-Angle - Odenta,8323,variable,Odenta,ARYMARKET,,,Deuxième année | FMDC - Faculté de Médecine Dentaire de Casablanca | FMDR - Faculté de Médecine Dentaire de Rabat | FMPDF - Faculté de Médecine Dentaire de Fès | Fournitures pour Étudiants | Fraises carbure de tungstène | Fraises dentaires et Polissage | Odenta | Quatrième année | Troisième année | UEMF - Université Euromed de Fès | UIASS - niversité internationale Abulcasis des sciences de la santé | UIC – Université Internationale de Casablanca | UIR - Université Internationale de Rabat | UM6SS CASA - Université Mohammed VI de Médecine Dentaire de Casablanca | Uncategorized | UPF - Université Privée de Fès | UPM - Université privée de Marrakech,Odenta,18,20,18,18,18,MAD,InStock,,1001,,https://dentalmarket.ma/wp-content/uploads/2026/07/Odenta-3.png,https://dentalmarket.ma/wp-content/uploads/2026/07/Odenta-3.png,"[{""name"":""Diamètre"",""value"":""009, 010, 012, 014, 016, 018, 021""}]",7,2026-07-29T15:49:50.238Z
https://dentalmarket.ma/product/fraise-boule-carbure-de-tungstene-contre-angle/,8314,fraise-boule-carbure-de-tungstene-contre-angle,Fraise Boule Carbure de Tungstène Contre-Angle - Odenta,8314,variable,Odenta,ARYMARKET,,,Deuxième année | FMDC - Faculté de Médecine Dentaire de Casablanca | FMDR - Faculté de Médecine Dentaire de Rabat | FMPDF - Faculté de Médecine Dentaire de Fès | Fournitures pour Étudiants | Fraises carbure de tungstène | Fraises dentaires et Polissage | Odenta | Quatrième année | Troisième année | UEMF - Université Euromed de Fès | UIASS - niversité internationale Abulcasis des sciences de la santé | UIC – Université Internationale de Casablanca | UIR - Université Internationale de Rabat | UM6SS CASA - Université Mohammed VI de Médecine Dentaire de Casablanca | Uncategorized | UPF - Université Privée de Fès | UPM - Université privée de Marrakech,Odenta,18,20,18,18,18,MAD,InStock,,3240,,https://dentalmarket.ma/wp-content/uploads/2026/07/Odenta-4.png,https://dentalmarket.ma/wp-content/uploads/2026/07/Odenta-4.png,"[{""name"":""Diamètre"",""value"":""008, 009, 010, 012, 014, 016, 018, 021, 023""}]",9,2026-07-29T15:49:50.238Z
https://dentalmarket.ma/product/fraise-boule-longue-carbure-de-tungstene-turbine/,8311,fraise-boule-longue-carbure-de-tungstene-turbine,Fraise Boule Longue Carbure de Tungstène Turbine - Odenta,8311,variable,Odenta,ARYMARKET,,,Deuxième année | FMDC - Faculté de Médecine Dentaire de Casablanca | FMDR - Faculté de Médecine Dentaire de Rabat | FMPDF - Faculté de Médecine Dentaire de Fès | Fournitures pour Étudiants | Fraises carbure de tungstène | Fraises dentaires et Polissage | Odenta | Quatrième année | Troisième année | UEMF - Université Euromed de Fès | UIASS - niversité internationale Abulcasis des sciences de la santé | UIC – Université Internationale de Casablanca | UIR - Université Internationale de Rabat | UM6SS CASA - Université Mohammed VI de Médecine Dentaire de Casablanca | Uncategorized | UPF - Université Privée de Fès | UPM - Université privée de Marrakech,Odenta,20,23,20,20,20,MAD,InStock,,97,,https://dentalmarket.ma/wp-content/uploads/2026/07/Odenta-4.png,https://dentalmarket.ma/wp-content/uploads/2026/07/Odenta-4.png,"[{""name"":""Diamètre"",""value"":""014, 016""}]",2,2026-07-29T15:49:50.238Z
https://dentalmarket.ma/product/fraise-cylindrique-carbure-de-tungstene-cross-cut-turbine/,8306,fraise-cylindrique-carbure-de-tungstene-cross-cut-turbine,Fraise Cylindrique Carbure de Tungstène (Cross Cut) Turbine - Odenta,8306,variable,Odenta,ARYMARKET,,,Deuxième année | FMDC - Faculté de Médecine Dentaire de Casablanca | FMDR - Faculté de Médecine Dentaire de Rabat | FMPDF - Faculté de Médecine Dentaire de Fès | Fournitures pour Étudiants | Fraises carbure de tungstène | Fraises dentaires et Polissage | Odenta | Quatrième année | Troisième année | UEMF - Université Euromed de Fès | UIASS - niversité internationale Abulcasis des sciences de la santé | UIC – Université Internationale de Casablanca | UIR - Université Internationale de Rabat | UM6SS CASA - Université Mohammed VI de Médecine Dentaire de Casablanca | Uncategorized | UPF - Université Privée de Fès | UPM - Université privée de Marrakech,Odenta,15,18,15,15,15,MAD,InStock,,1361,,https://dentalmarket.ma/wp-content/uploads/2026/07/Odenta-3.png,https://dentalmarket.ma/wp-content/uploads/2026/07/Odenta-3.png,"[{""name"":""Diamètre"",""value"":""008, 009, 010, 012""}]",4,2026-07-29T15:49:50.238Z
https://dentalmarket.ma/product/fraise-boule-carbure-de-tungstene-turbine/,8298,fraise-boule-carbure-de-tungstene-turbine,Fraise Boule Carbure de Tungstène Turbine - Odenta,8298,variable,Odenta,ARYMARKET,,,Deuxième année | FMDC - Faculté de Médecine Dentaire de Casablanca | FMDR - Faculté de Médecine Dentaire de Rabat | FMPDF - Faculté de Médecine Dentaire de Fès | Fournitures pour Étudiants | Fraises carbure de tungstène | Fraises dentaires et Polissage | Odenta | Quatrième année | Troisième année | UEMF - Université Euromed de Fès | UIASS - niversité internationale Abulcasis des sciences de la santé | UIC – Université Internationale de Casablanca | UIR - Université Internationale de Rabat | UM6SS CASA - Université Mohammed VI de Médecine Dentaire de Casablanca | Uncategorized | UPF - Université Privée de Fès | UPM - Université privée de Marrakech,Odenta,15,18,15,15,15,MAD,InStock,,1512,,https://dentalmarket.ma/wp-content/uploads/2026/07/Odenta-4.png,https://dentalmarket.ma/wp-content/uploads/2026/07/Odenta-4.png,"[{""name"":""Diamètre"",""value"":""008, 009, 010, 012, 014, 016, 018""}]",7,2026-07-29T15:49:50.238Z
https://dentalmarket.ma/product/fraise-conge-conique-a-bout-rond-diamantee-contre-angle/,8129,fraise-conge-conique-a-bout-rond-diamantee-contre-angle,Fraise Congé/Conique à Bout Rond Diamantée Contre-Angle,8129,variable,Odenta,ARYMARKET,,,Deuxième année | FMDC - Faculté de Médecine Dentaire de Casablanca | FMDR - Faculté de Médecine Dentaire de Rabat | FMPDF - Faculté de Médecine Dentaire de Fès | Fournitures pour Étudiants | Fraises dentaires et Polissage | Fraises diamantées | Odenta | Quatrième année | Troisième année | UEMF - Université Euromed de Fès | UIASS - niversité internationale Abulcasis des sciences de la santé | UIC – Université Internationale de Casablanca | UIR - Université Internationale de Rabat | UM6SS CASA - Université Mohammed VI de Médecine Dentaire de Casablanca | Uncategorized | UPF - Université Privée de Fès | UPM - Université privée de Marrakech,Odenta,10,13,10,10,10,MAD,InStock,,1691,,https://dentalmarket.ma/wp-content/uploads/2025/08/label_DM-105-105.png,https://dentalmarket.ma/wp-content/uploads/2025/08/label_DM-105-105.png,"[{""name"":""Bague"",""value"":""Jaune, Rouge, Bleu, Verte""},{""name"":""Diamètre"",""value"":""012, 014, 016, 018, 021""}]",12,2026-07-29T15:49:50.238Z
https://dentalmarket.ma/product/stylo-staedtler/,8083,stylo-staedtler,Stylo - STAEDTLER,8083,simple,STAEDTLER,ARYMARKET,Stylo-bille avec capuchon et clip Sécurité avion : l’équilibrage automatique de la pression empêche l’encre de fuir,"Stylo-bille avec capuchon et clip
 	Sécurité avion : l’équilibrage automatique de la pression empêche l’encre de fuir",Fournitures pour Étudiants | Uncategorized | STAEDTLER,,3,3,,3,3,MAD,InStock,,,,https://dentalmarket.ma/wp-content/uploads/2025/08/Stylo.webp,https://dentalmarket.ma/wp-content/uploads/2025/08/Stylo.webp,[],0,2026-07-29T15:49:50.238Z
https://dentalmarket.ma/product/lime-c-pro/,8012,lime-c-pro,Lime C PRO - ROGIN,8012,variable,ROGIN,ARYMARKET,"Rogin Limes C PRO – Acier InoxydableLimes endodontiques en acier inoxydable spécialement conçues pour négocier les canaux radiculaires étroits, calcifiés ou difficiles d’accès. Pointe active pour pénétration efficace Excellente rigidité pour un meilleur contrôle Tailles codées par couleur ISO Longueurs : 25 mm, 31 mm","Rogin Limes C PRO – Acier InoxydableLimes endodontiques en acier inoxydable spécialement conçues pour négocier les canaux radiculaires étroits, calcifiés ou difficiles d’accès.


 	
Pointe active pour pénétration efficace

 	
Excellente rigidité pour un meilleur contrôle

 	
Tailles codées par couleur ISO

 	
Longueurs : 25 mm, 31 mm",Endodontie | Limes dentaires | Uncategorized | ROGIN,,95,95,,95,95,MAD,OutOfStock,,0,,https://dentalmarket.ma/wp-content/uploads/2025/08/Lime-C.webp,https://dentalmarket.ma/wp-content/uploads/2025/08/Lime-C.webp,"[{""name"":""Longueur"",""value"":""25mm, 31mm""},{""name"":""N°"",""value"":""Assortiment (6 limes) – #06,#06,#08,#08,#10,#10""}]",2,2026-07-29T15:49:50.238Z
https://dentalmarket.ma/product/forets-largo/,7985,forets-largo,Forets Largo - ROGIN,7985,variable,ROGIN,ARYMARKET,Rogin Forêt LargoForêts Largo en acier inoxydable destinées à l’élargissement des canaux droits ou à la préparation pour les tenons post-endodontiques. Tailles n°1 à n°6 disponibles Coupe rapide et stable Utilisation sur contre-angle basse vitesse,"Rogin Forêt LargoForêts Largo en acier inoxydable destinées à l’élargissement des canaux droits ou à la préparation pour les tenons post-endodontiques.


 	
Tailles n°1 à n°6 disponibles

 	
Coupe rapide et stable

 	
Utilisation sur contre-angle basse vitesse",Endodontie | Forets dentaires | Uncategorized | ROGIN,,18,18,,18,108,MAD,InStock,,16,,https://dentalmarket.ma/wp-content/uploads/2025/08/Foret-Largo.webp,https://dentalmarket.ma/wp-content/uploads/2025/08/Foret-Largo.webp,"[{""name"":""Longueur"",""value"":""28mm, 32mm (standard)""},{""name"":""N°"",""value"":""#1, #2, #3, #4, #5, #6, #1~6 (Assotiment de 6 forets)""},{""name"":""Quantité"",""value"":""Unité (1 foret), Plaquette (6 forets)""}]",26,2026-07-29T15:49:50.238Z
https://dentalmarket.ma/product/forets-de-gates/,7954,forets-de-gates,Forets de Gates - ROGIN,7954,variable,ROGIN,ARYMARKET,Rogin Forêt de GâtesForêts de Gâtes en acier inoxydable pour l’élargissement des accès coronaires et la préparation du tiers supérieur des canaux. Tailles n°1 à n°6 disponibles Tige longue pour meilleure visibilité Utilisation sur contre-angle basse vitesse,"Rogin Forêt de GâtesForêts de Gâtes en acier inoxydable pour l’élargissement des accès coronaires et la préparation du tiers supérieur des canaux.


 	
Tailles n°1 à n°6 disponibles

 	
Tige longue pour meilleure visibilité

 	
Utilisation sur contre-angle basse vitesse",Endodontie | Forets dentaires | Uncategorized | ROGIN,,18,18,,18,108,MAD,InStock,,64,,https://dentalmarket.ma/wp-content/uploads/2025/08/Foret-de-Gate.webp,https://dentalmarket.ma/wp-content/uploads/2025/08/Foret-de-Gate.webp,"[{""name"":""Longueur"",""value"":""28mm, 32mm (standard)""},{""name"":""N°"",""value"":""#1, #2, #3, #4, #5, #6, #1~4 (Assotiment de 4 forets), #1~6 (Assotiment de 6 forets)""},{""name"":""Quantité"",""value"":""Unité (1 foret), Plaquette (6 forets)""}]",26,2026-07-29T15:49:50.238Z
https://dentalmarket.ma/product/protaper-de-retraitement/,7899,protaper-de-retraitement,Protaper de Retraitement - ROGIN,7899,simple,ROGIN,ARYMARKET,"Rogin Retreatment FilesLimes rotatifs NiTi spécialement conçus pour le retrait efficace du matériau d’obturation lors des reprises endodontiques (désobturation). Séquence adaptée au retrait de gutta-percha et de ciment Alliage NiTi haute performance pour flexibilité et résistance Tailles : assortiment D1-D3 (D1,D1,D2,D2,D3,D3) Excellente efficacité de coupe pour un nettoyage complet du canal","Rogin Retreatment FilesLimes rotatifs NiTi spécialement conçus pour le retrait efficace du matériau d’obturation lors des reprises endodontiques (désobturation).


 	
Séquence adaptée au retrait de gutta-percha et de ciment

 	
Alliage NiTi haute performance pour flexibilité et résistance

 	
Tailles : assortiment D1-D3 (D1,D1,D2,D2,D3,D3)

 	
Excellente efficacité de coupe pour un nettoyage complet du canal",Endodontie | Limes dentaires | Uncategorized | ROGIN,,195,250,195,195,195,MAD,OutOfStock,,,,https://dentalmarket.ma/wp-content/uploads/2025/08/Retraitement.webp,https://dentalmarket.ma/wp-content/uploads/2025/08/Retraitement.webp | https://dentalmarket.ma/wp-content/uploads/2025/08/Design-sans-titre-4.webp | https://dentalmarket.ma/wp-content/uploads/2025/08/Retraitement-600x600.webp | https://dentalmarket.ma/wp-content/uploads/2025/08/Design-sans-titre-4-100x100.webp,[],0,2026-07-29T15:49:50.238Z
https://dentalmarket.ma/product/protaper-gold-manuel-rogin/,protaper-gold-manuel-rogin,protaper-gold-manuel-rogin,,,simple,ROGIN,ARYMARKET,,,,,199,199,,,,MAD,,,,,,,[],0,2026-07-29T15:49:50.238Z
https://dentalmarket.ma/product/protaper-gold-rogin/,7888,protaper-gold-rogin,Protaper Gold - ROGIN,7888,variable,ROGIN,ARYMARKET,"Rogin Sup-Taper Files GoldLimes rotatifs NiTi dorés avec traitement thermique pour une flexibilité optimale, une puissance de coupe supérieure et une résistance accrue à la fracture. Tailles : assortiment SX–F3 Longueurs : 25 mm, 31 mm Idéal pour canaux radiculaires de courbure modérée Alliage NiTi médical hautes performances","Rogin Sup-Taper Files GoldLimes rotatifs NiTi dorés avec traitement thermique pour une flexibilité optimale, une puissance de coupe supérieure et une résistance accrue à la fracture.


 	
Tailles : assortiment SX–F3

 	
Longueurs : 25 mm, 31 mm

 	
Idéal pour canaux radiculaires de courbure modérée

 	
Alliage NiTi médical hautes performances",Endodontie | Limes dentaires | Uncategorized | ROGIN,,185,200,185,185,185,MAD,InStock,,73,,https://dentalmarket.ma/wp-content/uploads/2025/08/Protaper.webp,https://dentalmarket.ma/wp-content/uploads/2025/08/Protaper.webp,"[{""name"":""Longueur"",""value"":""25mm, 31mm""}]",2,2026-07-29T15:49:50.238Z
https://dentalmarket.ma/product/godet-dappen-jetable/,CO-DD01,godet-dappen-jetable,Godet Dappen Jetable - COTISEN,CO-DD01,simple,COTISEN,ARYMARKET,"Con?u pour une seule utilisation, il permet de gagner du temps et d??viter les infections crois?es. Utilis? pour contenir l?acide et l’adh?sif.","Con?u pour une seule utilisation, il permet de gagner du temps et d??viter les infections crois?es. Utilis? pour contenir l?acide et l'adh?sif.",Divers | Uncategorized | Usage unique | COTISEN,,2,2,,2,2,MAD,InStock,,,,https://dentalmarket.ma/wp-content/uploads/2026/07/Disposable-Dappen-Dish.jpg,https://dentalmarket.ma/wp-content/uploads/2026/07/Disposable-Dappen-Dish.jpg | https://dentalmarket.ma/wp-content/uploads/2025/08/Godet-Dappen-Jetable-2.webp | https://dentalmarket.ma/wp-content/uploads/2026/07/Disposable-Dappen-Dish-600x600.jpg | https://dentalmarket.ma/wp-content/uploads/2025/08/Godet-Dappen-Jetable-2-100x100.webp,[],0,2026-07-29T15:49:50.238Z
https://dentalmarket.ma/product/table-de-mesure-pour-traitement-endodontique/,7875,table-de-mesure-pour-traitement-endodontique,Table de Mesure pour Traitement Endodontique - COTISEN,7875,variable,COTISEN,ARYMARKET,Mesure haute précision : Échelle fine et marquages clairs pour mesurer avec exactitude la longueur des canaux radiculaires. Utilisation intuitive : Conçue pour être simple et rapide à manipuler. Plusieurs tailles disponibles : S’adapte aux différentes morphologies et dimensions de canaux pour plus de confort opératoire. Matériau durable : PA résistant conçue pour résister à une utilisation intensive sans détérioration. Nettoyage facile : Surface lisse facilitant le lavage et la désinfection. Autoclavable : Supporte la stérilisation à haute température 134 °C et haute pression.,"Mesure haute précision : Échelle fine et marquages clairs pour mesurer avec exactitude la longueur des canaux radiculaires.
 	
Utilisation intuitive : Conçue pour être simple et rapide à manipuler.

 	
Plusieurs tailles disponibles : S’adapte aux différentes morphologies et dimensions de canaux pour plus de confort opératoire.

 	
Matériau durable : PA résistant conçue pour résister à une utilisation intensive sans détérioration.

 	
Nettoyage facile : Surface lisse facilitant le lavage et la désinfection.

 	
Autoclavable : Supporte la stérilisation à haute température 134 °C et haute pression.",Accessoires endodontie | Endodontie | Uncategorized | COTISEN,,50,50,,50,50,MAD,InStock,,45,,https://dentalmarket.ma/wp-content/uploads/2026/07/Root-Canal-Measuring-Table.jpg,https://dentalmarket.ma/wp-content/uploads/2026/07/Root-Canal-Measuring-Table.jpg,"[{""name"":""Couleur"",""value"":""Gris, Marron""}]",2,2026-07-29T15:49:50.238Z
https://dentalmarket.ma/product/pince-porte-coton-x5/,CO-CDM,pince-porte-coton-x5,Pince Porte Coton - COTISEN,CO-CDM,simple,COTISEN,ARYMARKET,"Produit en mat?riau PP, bonne ?lasticit?, convient aux rouleaux de coton grands, moyens et petits pour un serrage efficace, et r?sistant ? l?humidit?.","Produit en mat?riau PP, bonne ?lasticit?, convient aux rouleaux de coton grands, moyens et petits pour un serrage efficace, et r?sistant ? l?humidit?.",Cotons dentaires et tampons salivaires | Uncategorized | Usage unique | COTISEN,,5,5,,5,5,MAD,InStock,,,,https://dentalmarket.ma/wp-content/uploads/2026/07/Cotton-Roll-Clip-1.jpg,https://dentalmarket.ma/wp-content/uploads/2026/07/Cotton-Roll-Clip-1.jpg | https://dentalmarket.ma/wp-content/uploads/2025/08/imgi_42_cotisen-cotton-roll-resin-holder.webp | https://dentalmarket.ma/wp-content/uploads/2026/07/Cotton-Roll-Clip-1-600x600.jpg | https://dentalmarket.ma/wp-content/uploads/2025/08/imgi_42_cotisen-cotton-roll-resin-holder-100x100.webp,[],0,2026-07-29T15:49:50.238Z
https://dentalmarket.ma/product/porte-empreinte-autoclavable/,7854,porte-empreinte-autoclavable,Porte Empreinte - COTISEN,7854,variable,COTISEN,ARYMARKET,"Autoclavable, sûr et précis, notre support d’empreinte s’adapte à toutes les tailles pour une utilisation simple et fiable.","Autoclavable, sûr et précis, notre support d’empreinte s’adapte à toutes les tailles pour une utilisation simple et fiable.",Empreintes et Laboratoire | Porte-empreintes individuels | Uncategorized | COTISEN,,10,10,,10,10,MAD,InStock,,124,,https://dentalmarket.ma/wp-content/uploads/2026/07/Autoclavable-Impression-Tray.jpg,https://dentalmarket.ma/wp-content/uploads/2026/07/Autoclavable-Impression-Tray.jpg,"[{""name"":""Taille"",""value"":""L, M, S""},{""name"":""Arcade"",""value"":""Maxillaire et Mandibulaire""}]",3,2026-07-29T15:49:50.238Z
https://dentalmarket.ma/product/plaque-base-maxillaire-et-mandibulaire/,7852,plaque-base-maxillaire-et-mandibulaire,Plaque Base - COTISEN,7852,variable,COTISEN,ARYMARKET,"La cire pour plaque de base sans poignée est un nouveau produit fabriqué à partir de matières plastiques respectueuses de l’environnement. Elle présente une bonne plasticité, une épaisseur uniforme, ne nécessite aucun mélange, est inodore et est facile à utiliser. Ce produit est idéal pour la fabrication de plaques de base, l’agencement des dents et la réalisation de modèles en cire par les dentistes et les prothésistes. (Maxillaire) 95x65x2mm (Mandibulaire) 95x65x2mm","La cire pour plaque de base sans poignée est un nouveau produit fabriqué à partir de matières plastiques respectueuses de l'environnement. Elle présente une bonne plasticité, une épaisseur uniforme, ne nécessite aucun mélange, est inodore et est facile à utiliser. Ce produit est idéal pour la fabrication de plaques de base, l'agencement des dents et la réalisation de modèles en cire par les dentistes et les prothésistes.

 	(Maxillaire) 95x65x2mm
 	(Mandibulaire) 95x65x2mm",Cires dentaires | Empreintes et Laboratoire | Uncategorized | COTISEN,,25,25,,25,45,MAD,InStock,,0,,https://dentalmarket.ma/wp-content/uploads/2025/08/Plaque-Base.webp,https://dentalmarket.ma/wp-content/uploads/2025/08/Plaque-Base.webp,"[{""name"":""Arcade"",""value"":""Mandibulaire, Maxillaire, Maxillaire et Mandibulaire""}]",3,2026-07-29T15:49:50.238Z
https://dentalmarket.ma/product/articulateur-quick-master/,7575,articulateur-quick-master,Articulateur Quick Master,7575,simple,,ARYMARKET,,,Accessoires prothèse dentaire | Deuxième année | Fournitures pour Étudiants | Prothèses dentaires et Couronnes | UIC – Université Internationale de Casablanca,,3550,3700,3550,3550,3550,MAD,OutOfStock,,,,https://dentalmarket.ma/wp-content/uploads/2025/04/Articulateur.jpg,https://dentalmarket.ma/wp-content/uploads/2025/04/Articulateur.jpg,[],0,2026-07-29T15:49:50.238Z
https://dentalmarket.ma/product/lampe-a-alcool/,7408,lampe-a-alcool,Lampe à Alcool - Majestic Instruments,7408,simple,Majestic Instruments,ARYMARKET,"Lampe à alcool – Majestic InstrumentsInstrument de laboratoire polyvalent, idéal pour chauffer ou stériliser en toute sécurité. Conçue en acier inoxydable, elle offre une flamme stable et contrôlable. Outil indispensable pour un travail précis et sûr en laboratoire ou en cabinet dentaire.","Lampe à alcool - Majestic InstrumentsInstrument de laboratoire polyvalent, idéal pour chauffer ou stériliser en toute sécurité. Conçue en acier inoxydable, elle offre une flamme stable et contrôlable. Outil indispensable pour un travail précis et sûr en laboratoire ou en cabinet dentaire.",Deuxième année | Empreintes et Laboratoire | Fournitures pour Étudiants | Matériels de laboratoire | UIC – Université Internationale de Casablanca | Majestic Instruments,,120,120,,120,120,MAD,InStock,,,,https://dentalmarket.ma/wp-content/uploads/2025/08/Lampe-a-alcool.webp,https://dentalmarket.ma/wp-content/uploads/2025/08/Lampe-a-alcool.webp,[],0,2026-07-29T15:49:50.238Z
https://dentalmarket.ma/product/pk-thomas-pkt/,6982,pk-thomas-pkt,PK-Thomas (PKT),6982,variable,,ARYMARKET,"PKT1 Idéal pour les procédures et techniques de modelage à la cire, le PKT1 est doté de pointes effilées et incurvées, conçues pour appliquer la cire fondue avec précision. Il permet un contrôle optimal du flux de cire, idéal pour les détails fins. PKT2 Idéal pour les procédures et techniques de modelage à la cire, le PKT2 dispose de pointes effilées et incurvées utilisées pour appliquer la cire fondue avec précision. Sa conception permet de travailler avec fluidité et précision, offrant un excellent contrôle pendant le modelage. PKT3 Idéal pour les procédures et techniques de modelage à la cire, le PKT3 est équipé d’un brunissoir pointu permettant de perfectionner et accentuer les sillons supplémentaires et de développement. Il est parfait pour affiner les détails fins et garantir un résultat optimal dans les zones complexes. PKT4 Idéal pour les procédures et techniques de modelage à la cire, le PKT4 est un instrument modifié conçu pour perfectionner les contours externes et éliminer l’excès de cire au niveau des marges cavo-surfaciques. Il assure une finition nette et précise, idéale pour un ajustement optimal. PKT5 Idéal pour les procédures et techniques de modelage à la cire, le PKT5 est un instrument spécial utilisé pour éliminer l’excès de cire lors du développement des crêtes cuspides. Sa forme unique permet de préserver la convexité souhaitée de ces crêtes, garantissant ainsi des résultats parfaits.","PKT1
Idéal pour les procédures et techniques de modelage à la cire, le PKT1 est doté de pointes effilées et incurvées, conçues pour appliquer la cire fondue avec précision. Il permet un contrôle optimal du flux de cire, idéal pour les détails fins.
PKT2
Idéal pour les procédures et techniques de modelage à la cire, le PKT2 dispose de pointes effilées et incurvées utilisées pour appliquer la cire fondue avec précision. Sa conception permet de travailler avec fluidité et précision, offrant un excellent contrôle pendant le modelage.
PKT3
Idéal pour les procédures et techniques de modelage à la cire, le PKT3 est équipé d’un brunissoir pointu permettant de perfectionner et accentuer les sillons supplémentaires et de développement. Il est parfait pour affiner les détails fins et garantir un résultat optimal dans les zones complexes.
PKT4
Idéal pour les procédures et techniques de modelage à la cire, le PKT4 est un instrument modifié conçu pour perfectionner les contours externes et éliminer l’excès de cire au niveau des marges cavo-surfaciques. Il assure une finition nette et précise, idéale pour un ajustement optimal.
PKT5
Idéal pour les procédures et techniques de modelage à la cire, le PKT5 est un instrument spécial utilisé pour éliminer l’excès de cire lors du développement des crêtes cuspides. Sa forme unique permet de préserver la convexité souhaitée de ces crêtes, garantissant ainsi des résultats parfaits.",Deuxième année | FMPDF - Faculté de Médecine Dentaire de Fès | Fournitures pour Étudiants | Instruments restauration et ciment | Restauration et Ciments dentaires | UEMF - Université Euromed de Fès | UIC – Université Internationale de Casablanca,,30,30,,30,125,MAD,InStock,,0,,https://dentalmarket.ma/wp-content/uploads/2024/11/Design-sans-titre-2024-11-23T193821.044.webp,https://dentalmarket.ma/wp-content/uploads/2024/11/Design-sans-titre-2024-11-23T193821.044.webp | https://dentalmarket.ma/wp-content/uploads/2024/11/PKT1__PKT1_full_rgb.jpg | https://dentalmarket.ma/wp-content/uploads/2024/11/PKT1__PKT1_h1_rgb.jpg | https://dentalmarket.ma/wp-content/uploads/2024/11/PKT2__PKT2_full_rgb.jpg | https://dentalmarket.ma/wp-content/uploads/2024/11/PKT2__PKT2_h1_rgb.jpg | https://dentalmarket.ma/wp-content/uploads/2024/11/PKT36__PKT3_full_rgb_1.jpg | https://dentalmarket.ma/wp-content/uploads/2024/11/PKT4__PKT4_full_rgb.jpg | https://dentalmarket.ma/wp-content/uploads/2024/11/PKT4__PKT4_h1_rgb.jpg | https://dentalmarket.ma/wp-content/uploads/2024/11/PKT5__PKT5_full_rgb.jpg | https://dentalmarket.ma/wp-content/uploads/2024/11/PKT5__PKT5_h1_rgb.jpg | https://dentalmarket.ma/wp-content/uploads/2024/11/Design-sans-titre-2024-11-23T193821.044-600x600.webp | https://dentalmarket.ma/wp-content/uploads/2024/11/PKT1__PKT1_full_rgb-100x100.jpg | https://dentalmarket.ma/wp-content/uploads/2024/11/PKT1__PKT1_h1_rgb-100x100.jpg | https://dentalmarket.ma/wp-content/uploads/2024/11/PKT2__PKT2_full_rgb-100x100.jpg | https://dentalmarket.ma/wp-content/uploads/2024/11/PKT2__PKT2_h1_rgb-100x100.jpg | https://dentalmarket.ma/wp-content/uploads/2024/11/PKT36__PKT3_full_rgb_1-100x100.jpg | https://dentalmarket.ma/wp-content/uploads/2024/11/PKT4__PKT4_full_rgb-100x100.jpg | https://dentalmarket.ma/wp-content/uploads/2024/11/PKT4__PKT4_h1_rgb-100x100.jpg | https://dentalmarket.ma/wp-content/uploads/2024/11/PKT5__PKT5_full_rgb-100x100.jpg | https://dentalmarket.ma/wp-content/uploads/2024/11/PKT5__PKT5_h1_rgb-100x100.jpg,"[{""name"":""Marque"",""value"":""Majestic Instruments, SHENDU PAK, Battan International, Titan Surgical Co.""},{""name"":""Options PKT"",""value"":""PKT n°1, PKT n°2, PKT n°1/2, PKT n°3, PKT n°4, PKT n°5, Kit complet PKT""}]",4,2026-07-29T15:49:50.238Z
https://dentalmarket.ma/product/regle-20cm-deli/,6894,regle-20cm-deli,Règle 20cm - DELI,6894,simple,DELI,ARYMARKET,,,FMDR - Faculté de Médecine Dentaire de Rabat | Fournitures pour Étudiants | Première Année | Troisième année | UIASS - niversité internationale Abulcasis des sciences de la santé | UIR - Université Internationale de Rabat | UM6SS CASA - Université Mohammed VI de Médecine Dentaire de Casablanca | Uncategorized | DELI,,3,3,,3,3,MAD,InStock,,,,https://dentalmarket.ma/wp-content/uploads/2025/08/Regle.webp,https://dentalmarket.ma/wp-content/uploads/2025/08/Regle.webp,[],0,2026-07-29T15:49:50.238Z
https://dentalmarket.ma/product/paire-de-bas/,6892,paire-de-bas,Paire de Bas en Nylon,6892,simple,,ARYMARKET,,,FMDC - Faculté de Médecine Dentaire de Casablanca | Fournitures pour Étudiants | Première Année | UEMF - Université Euromed de Fès | UIC – Université Internationale de Casablanca | UM6SS CASA - Université Mohammed VI de Médecine Dentaire de Casablanca | UPM - Université privée de Marrakech,,4,5,4,4,4,MAD,InStock,,,,https://dentalmarket.ma/wp-content/uploads/2024/10/s2-pack-23.png,https://dentalmarket.ma/wp-content/uploads/2024/10/s2-pack-23.png,[],0,2026-07-29T15:49:50.238Z
https://dentalmarket.ma/product/mini-chalumeau/,6867,mini-chalumeau,Mini Chalumeau,6867,variable,,ARYMARKET,,,Deuxième année | Empreintes et Laboratoire | FMDC - Faculté de Médecine Dentaire de Casablanca | FMDR - Faculté de Médecine Dentaire de Rabat | FMPDF - Faculté de Médecine Dentaire de Fès | Fournitures pour Étudiants | Matériels de laboratoire | Quatrième année | Troisième année | UEMF - Université Euromed de Fès | UIASS - niversité internationale Abulcasis des sciences de la santé | UIC – Université Internationale de Casablanca | UIR - Université Internationale de Rabat | UM6SS CASA - Université Mohammed VI de Médecine Dentaire de Casablanca | UPF - Université Privée de Fès | UPM - Université privée de Marrakech,,20,20,,20,82,MAD,InStock,,0,,https://dentalmarket.ma/wp-content/uploads/2024/10/171905735_66f6e28c6f7ca7-89543583D_NQ_NP_2X_6880.webp,https://dentalmarket.ma/wp-content/uploads/2024/10/171905735_66f6e28c6f7ca7-89543583D_NQ_NP_2X_6880.webp,"[{""name"":""Chalumeau avec ou sans recharge"",""value"":""Chalumeau sans recharge, Chalumeau avec recharge, Recharge seule""}]",3,2026-07-29T15:49:50.238Z
https://dentalmarket.ma/product/cire-rose/,6771,cire-rose,Cire Rose,6771,variable,,ARYMARKET,,,Cires dentaires | Deuxième année | Empreintes et Laboratoire | FMDC - Faculté de Médecine Dentaire de Casablanca | FMDR - Faculté de Médecine Dentaire de Rabat | FMPDF - Faculté de Médecine Dentaire de Fès | Fournitures pour Étudiants | Troisième année | UEMF - Université Euromed de Fès | UIASS - niversité internationale Abulcasis des sciences de la santé | UIC – Université Internationale de Casablanca | UIR - Université Internationale de Rabat | UM6SS CASA - Université Mohammed VI de Médecine Dentaire de Casablanca | UPF - Université Privée de Fès | UPM - Université privée de Marrakech,,5,5,,5,75,MAD,InStock,,0,,https://dentalmarket.ma/wp-content/uploads/2024/09/thumb_119-150-00_4c_E_01_in_P_h.jpg,https://dentalmarket.ma/wp-content/uploads/2024/09/thumb_119-150-00_4c_E_01_in_P_h.jpg,"[{""name"":""Quantité"",""value"":""1 Plaquette, 1 Boite (20 Plaquettes)""}]",2,2026-07-29T15:49:50.238Z
https://dentalmarket.ma/product/tourne-vis-petit-format/,6718,tourne-vis-petit-format,Tourne-Vis Petit Format,6718,simple,,ARYMARKET,,,"Aménagement, Textile et Tech | Bricolage | Deuxième année | FMDC - Faculté de Médecine Dentaire de Casablanca | FMPDF - Faculté de Médecine Dentaire de Fès | Fournitures pour Étudiants | Troisième année | UEMF - Université Euromed de Fès | UIC – Université Internationale de Casablanca | UIR - Université Internationale de Rabat | UM6SS CASA - Université Mohammed VI de Médecine Dentaire de Casablanca",,3,3,,3,3,MAD,InStock,,,,https://dentalmarket.ma/wp-content/uploads/2024/09/31NGnEZZ9L.jpg,https://dentalmarket.ma/wp-content/uploads/2024/09/31NGnEZZ9L.jpg,[],0,2026-07-29T15:49:50.238Z
https://dentalmarket.ma/product/papier-emeri/,6716,papier-emeri,Papier Emeri,6716,variable,,ARYMARKET,,,Deuxième année | Empreintes et Laboratoire | FMDR - Faculté de Médecine Dentaire de Rabat | FMPDF - Faculté de Médecine Dentaire de Fès | Fournitures pour Étudiants | Matériels de laboratoire | Première Année | Troisième année | UIASS - niversité internationale Abulcasis des sciences de la santé | UIR - Université Internationale de Rabat,,6,6,,6,6,MAD,InStock,,0,,https://dentalmarket.ma/wp-content/uploads/2024/09/630343.jpg,https://dentalmarket.ma/wp-content/uploads/2024/09/630343.jpg,"[{""name"":""Grains"",""value"":""Moyens, Fins""}]",2,2026-07-29T15:49:50.238Z
https://dentalmarket.ma/product/boite-en-plastique-avec-couvercle/,6318,boite-en-plastique-avec-couvercle,Boite en Plastique avec Couvercle,6318,simple,,ARYMARKET,,,Accessoires pour empreinte | Deuxième année | Empreintes et Laboratoire | FMDC - Faculté de Médecine Dentaire de Casablanca | FMPDF - Faculté de Médecine Dentaire de Fès | Fournitures pour Étudiants | Quatrième année | Troisième année | UIASS - niversité internationale Abulcasis des sciences de la santé | UM6SS CASA - Université Mohammed VI de Médecine Dentaire de Casablanca | Uncategorized,,10,10,,10,10,MAD,InStock,,,,https://dentalmarket.ma/wp-content/uploads/2024/08/Design-sans-titre-2024-08-31T122530.565.webp,https://dentalmarket.ma/wp-content/uploads/2024/08/Design-sans-titre-2024-08-31T122530.565.webp,[],0,2026-07-29T15:49:50.238Z
https://dentalmarket.ma/product/feuilles-simples-perforees-grand-format-80p/,6315,feuilles-simples-perforees-grand-format-80p,Feuilles Simples Perforées Grand Format 80P,6315,simple,,ARYMARKET,,,Fournitures pour Étudiants | Troisième année | UM6SS CASA - Université Mohammed VI de Médecine Dentaire de Casablanca,,10,10,,10,10,MAD,InStock,,,,https://dentalmarket.ma/wp-content/uploads/2024/08/lot-eco-400-fm-perf-seyes-3700408421410_1.jpg,https://dentalmarket.ma/wp-content/uploads/2024/08/lot-eco-400-fm-perf-seyes-3700408421410_1.jpg,[],0,2026-07-29T15:49:50.238Z
https://dentalmarket.ma/product/papier-de-verre-jaune/,6305,papier-de-verre-jaune,Papier de Verre Jaune,6305,simple,,ARYMARKET,,,Deuxième année | Empreintes et Laboratoire | FMDC - Faculté de Médecine Dentaire de Casablanca | FMDR - Faculté de Médecine Dentaire de Rabat | FMPDF - Faculté de Médecine Dentaire de Fès | Fournitures pour Étudiants | Matériels de laboratoire | Quatrième année | Troisième année | UIASS - niversité internationale Abulcasis des sciences de la santé | UIC – Université Internationale de Casablanca | UM6SS CASA - Université Mohammed VI de Médecine Dentaire de Casablanca | UPM - Université privée de Marrakech,,6,6,,6,6,MAD,InStock,,,,https://dentalmarket.ma/wp-content/uploads/2024/08/Design-sans-titre-2024-08-31T122558.372.webp,https://dentalmarket.ma/wp-content/uploads/2024/08/Design-sans-titre-2024-08-31T122558.372.webp,[],0,2026-07-29T15:49:50.238Z
https://dentalmarket.ma/product/feutre-permanant-staedtler/,6212,feutre-permanant-staedtler,Feutre Permanant - STAEDTLER,6212,variable,STAEDTLER,ARYMARKET,"Marqueur indélébile Staedtler Lumocolor Permanent, idéal pour écrire sur presque toutes les surfaces : plastique, métal, verre, carton, CD/DVD… Encre résistante à l’eau et à la lumière, séchage rapide, disponible en plusieurs couleurs et tailles de pointe.","Marqueur indélébile Staedtler Lumocolor Permanent, idéal pour écrire sur presque toutes les surfaces : plastique, métal, verre, carton, CD/DVD… Encre résistante à l’eau et à la lumière, séchage rapide, disponible en plusieurs couleurs et tailles de pointe.",Deuxième année | FMDC - Faculté de Médecine Dentaire de Casablanca | FMDR - Faculté de Médecine Dentaire de Rabat | FMPDF - Faculté de Médecine Dentaire de Fès | Fournitures pour Étudiants | Première Année | Quatrième année | Troisième année | UIASS - niversité internationale Abulcasis des sciences de la santé | UIC – Université Internationale de Casablanca | UIR - Université Internationale de Rabat | UM6SS CASA - Université Mohammed VI de Médecine Dentaire de Casablanca | Uncategorized | UPF - Université Privée de Fès | UPM - Université privée de Marrakech | STAEDTLER,,12,12,,12,15,MAD,InStock,,313,,https://dentalmarket.ma/wp-content/uploads/2025/08/Feutre.webp,https://dentalmarket.ma/wp-content/uploads/2025/08/Feutre.webp,"[{""name"":""Pointe"",""value"":""Double Pointe (Fine+Moyenne), Pointe Moyenne, Pointe Fine""},{""name"":""Couleur"",""value"":""Noir, Bleu, Rouge""}]",9,2026-07-29T15:49:50.238Z
https://dentalmarket.ma/product/cupule-pointe-de-polissage-pour-resine/,6205,cupule-pointe-de-polissage-pour-resine,Cupule/Pointe de Polissage pour Résine,6205,simple,,ARYMARKET,Pointe de Polissage pour Résine pièce à main.,Pointe de Polissage pour Résine pièce à main.,Deuxième année | FMDC - Faculté de Médecine Dentaire de Casablanca | FMDR - Faculté de Médecine Dentaire de Rabat | FMPDF - Faculté de Médecine Dentaire de Fès | Fournitures pour Étudiants | Fraises dentaires et Polissage | Polissage dentaire et finition | Quatrième année | Troisième année | UEMF - Université Euromed de Fès | UIASS - niversité internationale Abulcasis des sciences de la santé | UIC – Université Internationale de Casablanca | UIR - Université Internationale de Rabat | UM6SS CASA - Université Mohammed VI de Médecine Dentaire de Casablanca | Uncategorized | UPF - Université Privée de Fès | UPM - Université privée de Marrakech,,19,19,,19,19,MAD,InStock,,,,https://dentalmarket.ma/wp-content/uploads/2025/08/87.webp,https://dentalmarket.ma/wp-content/uploads/2025/08/87.webp,[],0,2026-07-29T15:49:50.238Z
https://dentalmarket.ma/product/vis-papillon-rondelle/,6084,vis-papillon-rondelle,"Vis, Papillon, Rondelle",6084,simple,,ARYMARKET,,,Deuxième année | FMDC - Faculté de Médecine Dentaire de Casablanca | FMDR - Faculté de Médecine Dentaire de Rabat | Fournitures pour Étudiants | Troisième année | UIASS - niversité internationale Abulcasis des sciences de la santé | UIR - Université Internationale de Rabat | UM6SS CASA - Université Mohammed VI de Médecine Dentaire de Casablanca,,5,5,,5,5,MAD,InStock,,,,https://dentalmarket.ma/wp-content/uploads/2024/08/DIN933.jpeg,https://dentalmarket.ma/wp-content/uploads/2024/08/DIN933.jpeg,[],0,2026-07-29T15:49:50.238Z
https://dentalmarket.ma/product/papier-a-articuler/,6076,papier-a-articuler,Papier à Articuler,6076,variable,,ARYMARKET,,,Contrôle de l'occlusion | FMDC - Faculté de Médecine Dentaire de Casablanca | FMDR - Faculté de Médecine Dentaire de Rabat | Fournitures pour Étudiants | Prothèses dentaires et Couronnes | Quatrième année | Troisième année | UIR - Université Internationale de Rabat | UM6SS CASA - Université Mohammed VI de Médecine Dentaire de Casablanca,,2,2,,2,2,MAD,InStock,,0,,https://dentalmarket.ma/wp-content/uploads/2024/08/zoom_bk01.jpg,https://dentalmarket.ma/wp-content/uploads/2024/08/zoom_bk01.jpg,"[{""name"":""Couleur"",""value"":""Rouge, Bleu""}]",2,2026-07-29T15:49:50.238Z
https://dentalmarket.ma/product/pince-universelle-dentaire/,6064,pince-universelle-dentaire,Pince Universelle - SHENDU PAK,6064,simple,SHENDU PAK,ARYMARKET,,,Deuxième année | Empreintes et Laboratoire | Fournitures pour Étudiants | Matériels de laboratoire | UEMF - Université Euromed de Fès | SHENDU PAK,,160,175,160,160,160,MAD,InStock,,,,https://dentalmarket.ma/wp-content/uploads/2025/08/Pince-Universelle.png,https://dentalmarket.ma/wp-content/uploads/2025/08/Pince-Universelle.png,[],0,2026-07-29T15:49:50.238Z
https://dentalmarket.ma/product/scotch-noir/,6062,scotch-noir,"Scotch Noir (2,5~3cm)",6062,simple,,ARYMARKET,,,Deuxième année | Empreintes et Laboratoire | Fournitures pour Étudiants | Matériels de laboratoire | Troisième année | UIR - Université Internationale de Rabat | UM6SS CASA - Université Mohammed VI de Médecine Dentaire de Casablanca,,4,4,,4,4,MAD,InStock,,,,https://dentalmarket.ma/wp-content/uploads/2024/08/1-1.jpg,https://dentalmarket.ma/wp-content/uploads/2024/08/1-1.jpg,[],0,2026-07-29T15:49:50.238Z
https://dentalmarket.ma/product/boite-de-mouchoir/,6047,boite-de-mouchoir,Boite de Mouchoir,6047,simple,,ARYMARKET,,Kleenex,"Aménagement, Textile et Tech | Deuxième année | Entretien et nettoyage du cabinet | FMDC - Faculté de Médecine Dentaire de Casablanca | Fournitures pour Étudiants | Quatrième année | Troisième année | UM6SS CASA - Université Mohammed VI de Médecine Dentaire de Casablanca | Uncategorized",,10,10,,10,10,MAD,InStock,,,,https://dentalmarket.ma/wp-content/uploads/2025/08/Boite-de-Mouchoir.webp,https://dentalmarket.ma/wp-content/uploads/2025/08/Boite-de-Mouchoir.webp,[],0,2026-07-29T15:49:50.238Z
https://dentalmarket.ma/product/scotch/,6040,scotch,Scotch,6040,simple,,ARYMARKET,,,Deuxième année | FMDC - Faculté de Médecine Dentaire de Casablanca | FMPDF - Faculté de Médecine Dentaire de Fès | Fournitures pour Étudiants | Première Année | Troisième année | UIASS - niversité internationale Abulcasis des sciences de la santé | UIR - Université Internationale de Rabat | UPF - Université Privée de Fès,,1,1,,1,1,MAD,InStock,,,,https://dentalmarket.ma/wp-content/uploads/2024/08/Design-sans-titre-2024-08-31T122501.447.webp,https://dentalmarket.ma/wp-content/uploads/2024/08/Design-sans-titre-2024-08-31T122501.447.webp,[],0,2026-07-29T15:49:50.238Z
https://dentalmarket.ma/product/colle-cyanolite/,6035,colle-cyanolite,Colle Cyanolite,6035,simple,,ARYMARKET,,,"Aménagement, Textile et Tech | Bricolage | Deuxième année | FMDC - Faculté de Médecine Dentaire de Casablanca | FMPDF - Faculté de Médecine Dentaire de Fès | Fournitures pour Étudiants | Troisième année | UIC – Université Internationale de Casablanca | UM6SS CASA - Université Mohammed VI de Médecine Dentaire de Casablanca",,3,3,,3,3,MAD,InStock,,,,https://dentalmarket.ma/wp-content/uploads/2024/08/Design-sans-titre-2024-08-27T224330.337-1.png,https://dentalmarket.ma/wp-content/uploads/2024/08/Design-sans-titre-2024-08-27T224330.337-1.png,[],0,2026-07-29T15:49:50.238Z
https://dentalmarket.ma/product/fil-orthodontique/,6029,fil-orthodontique,Fil Orthodontique,6029,variable,,ARYMARKET,Fil de renfort,Fil de renfort,Arcs et fils orthodontiques | FMDC - Faculté de Médecine Dentaire de Casablanca | Fournitures pour Étudiants | Orthodontie | Troisième année | UM6SS CASA - Université Mohammed VI de Médecine Dentaire de Casablanca,,10,10,,10,20,MAD,InStock,,0,,https://dentalmarket.ma/wp-content/uploads/2024/08/Design-sans-titre-2024-08-27T221708.142.webp,https://dentalmarket.ma/wp-content/uploads/2024/08/Design-sans-titre-2024-08-27T221708.142.webp,"[{""name"":""Diamètre"",""value"":""0.6mm, 0.7mm""},{""name"":""Longueur"",""value"":""1m, 1,5m, 2m""}]",6,2026-07-29T15:49:50.238Z
https://dentalmarket.ma/product/bol-et-spatule-a-alginate/,6027,bol-et-spatule-a-alginate,Bol et Spatule à Alginate,6027,simple,,ARYMARKET,,,Accessoires pour empreinte | Deuxième année | Empreintes et Laboratoire | FMDC - Faculté de Médecine Dentaire de Casablanca | FMDR - Faculté de Médecine Dentaire de Rabat | FMPDF - Faculté de Médecine Dentaire de Fès | Fournitures pour Étudiants | UEMF - Université Euromed de Fès | UIASS - niversité internationale Abulcasis des sciences de la santé | UIC – Université Internationale de Casablanca | UIR - Université Internationale de Rabat | UM6SS CASA - Université Mohammed VI de Médecine Dentaire de Casablanca | UPF - Université Privée de Fès | UPM - Université privée de Marrakech,,27,30,27,27,27,MAD,InStock,,,,https://dentalmarket.ma/wp-content/uploads/woocommerce-placeholder-600x600.png,https://dentalmarket.ma/wp-content/uploads/woocommerce-placeholder-600x600.png,[],0,2026-07-29T15:49:50.238Z
https://dentalmarket.ma/product/bol-et-spatule-a-platre/,6020,bol-et-spatule-a-platre,Bol et Spatule à Plâtre,6020,variable,,ARYMARKET,,,Accessoires pour empreinte | Deuxième année | Empreintes et Laboratoire | FMDC - Faculté de Médecine Dentaire de Casablanca | FMDR - Faculté de Médecine Dentaire de Rabat | FMPDF - Faculté de Médecine Dentaire de Fès | Fournitures pour Étudiants | Première Année | Troisième année | UEMF - Université Euromed de Fès | UIASS - niversité internationale Abulcasis des sciences de la santé | UIC – Université Internationale de Casablanca | UIR - Université Internationale de Rabat | UM6SS CASA - Université Mohammed VI de Médecine Dentaire de Casablanca | UPF - Université Privée de Fès | UPM - Université privée de Marrakech,,20,20,,20,50,MAD,InStock,,0,,https://dentalmarket.ma/wp-content/uploads/2024/08/Design-sans-titre-23.webp,https://dentalmarket.ma/wp-content/uploads/2024/08/Design-sans-titre-23.webp,"[{""name"":""Article"",""value"":""Bol et Spatule à Plâtre, Bol à Plâtre, Spatule à Plâtre""}]",3,2026-07-29T15:49:50.238Z
https://dentalmarket.ma/product/savon-liquide-antibacterien/,6015,savon-liquide-antibacterien,Savon Liquide Antibactérien - BIOBACTER,6015,simple,BIOBACTER,ARYMARKET,,,Désinfection et Stérilisation dentaire | FMDC - Faculté de Médecine Dentaire de Casablanca | FMDR - Faculté de Médecine Dentaire de Rabat | Fournitures pour Étudiants | Hygiène des mains | Première Année | Quatrième année | Troisième année | UEMF - Université Euromed de Fès | UIASS - niversité internationale Abulcasis des sciences de la santé | UIR - Université Internationale de Rabat | UM6SS CASA - Université Mohammed VI de Médecine Dentaire de Casablanca | Uncategorized | BIOBACTER,,24,24,,24,24,MAD,InStock,,,,https://dentalmarket.ma/wp-content/uploads/2024/08/Design-sans-titre-2024-08-27T213826.928.webp,https://dentalmarket.ma/wp-content/uploads/2024/08/Design-sans-titre-2024-08-27T213826.928.webp,[],0,2026-07-29T15:49:50.238Z
https://dentalmarket.ma/product/lime-h/,6009,lime-h,Lime H - ROGIN,6009,variable,ROGIN,ARYMARKET,"Rogin Limes H – Acier InoxydableLimes Hedström en acier inoxydable offrant une action de coupe efficace pour un façonnage rapide des canaux. Design spiralé pour évacuation optimale des débris Tailles codées par couleur ISO Longueurs : 25 mm, 31 mm Stérilisables à l’autoclave","Rogin Limes H – Acier InoxydableLimes Hedström en acier inoxydable offrant une action de coupe efficace pour un façonnage rapide des canaux.


 	
Design spiralé pour évacuation optimale des débris

 	
Tailles codées par couleur ISO

 	
Longueurs : 25 mm, 31 mm

 	Stérilisables à l’autoclave",Endodontie | FMDC - Faculté de Médecine Dentaire de Casablanca | FMDR - Faculté de Médecine Dentaire de Rabat | Fournitures pour Étudiants | Limes dentaires | Quatrième année | Troisième année | UEMF - Université Euromed de Fès | UIASS - niversité internationale Abulcasis des sciences de la santé | UIC – Université Internationale de Casablanca | UIR - Université Internationale de Rabat | UM6SS CASA - Université Mohammed VI de Médecine Dentaire de Casablanca | Uncategorized | UPF - Université Privée de Fès | UPM - Université privée de Marrakech | ROGIN,,32,32,,32,35,MAD,InStock,,37,,https://dentalmarket.ma/wp-content/uploads/2025/08/Lime-H.webp,https://dentalmarket.ma/wp-content/uploads/2025/08/Lime-H.webp,"[{""name"":""Longueur"",""value"":""25mm, 21mm""},{""name"":""N°"",""value"":""10~30 (5 limes), 15~40 (6limes)""}]",3,2026-07-29T15:49:50.238Z
https://dentalmarket.ma/product/papier-aluminium/,5985,papier-aluminium,Papier Aluminium,5985,simple,,ARYMARKET,,,Anesthésie et Divers | Divers | FMDR - Faculté de Médecine Dentaire de Rabat | Fournitures pour Étudiants | Troisième année | UIASS - niversité internationale Abulcasis des sciences de la santé | UIR - Université Internationale de Rabat,,42,42,,42,42,MAD,InStock,,,,https://dentalmarket.ma/wp-content/uploads/2024/08/Design-sans-titre-2024-08-27T005342.552-1.webp,https://dentalmarket.ma/wp-content/uploads/2024/08/Design-sans-titre-2024-08-27T005342.552-1.webp,[],0,2026-07-29T15:49:50.238Z
https://dentalmarket.ma/product/cellophane-bespack/,5982,cellophane-bespack,Cellophane BESPACK,5982,simple,,ARYMARKET,,,FMDC - Faculté de Médecine Dentaire de Casablanca | Fournitures pour Étudiants | Quatrième année,,52,52,,52,52,MAD,InStock,,,,https://dentalmarket.ma/wp-content/uploads/2024/08/Design-sans-titre-2024-08-27T005806.945.webp,https://dentalmarket.ma/wp-content/uploads/2024/08/Design-sans-titre-2024-08-27T005806.945.webp,[],0,2026-07-29T15:49:50.238Z
https://dentalmarket.ma/product/pince-waldach/,5979,pince-waldach,Pince WALDASH,5979,simple,,ARYMARKET,,,Accessoires prothèse dentaire | Deuxième année | FMDR - Faculté de Médecine Dentaire de Rabat | FMPDF - Faculté de Médecine Dentaire de Fès | Fournitures pour Étudiants | Première Année | Prothèses dentaires et Couronnes | Troisième année | UIASS - niversité internationale Abulcasis des sciences de la santé | UIC – Université Internationale de Casablanca | UIR - Université Internationale de Rabat | UPF - Université Privée de Fès,,160,170,160,160,160,MAD,InStock,,,,https://dentalmarket.ma/wp-content/uploads/2024/08/Design-sans-titre-19-1.png,https://dentalmarket.ma/wp-content/uploads/2024/08/Design-sans-titre-19-1.png,[],0,2026-07-29T15:49:50.238Z
https://dentalmarket.ma/product/colle-staedtler/,5977,colle-staedtler,Colle - STAEDTLER,5977,simple,STAEDTLER,ARYMARKET,,,"Aménagement, Textile et Tech | Divers | Fournitures pour Étudiants | Troisième année | UIR - Université Internationale de Rabat | STAEDTLER",,6,6,,6,6,MAD,InStock,,,,https://dentalmarket.ma/wp-content/uploads/2025/08/0.5-m-m-10x-13.png,https://dentalmarket.ma/wp-content/uploads/2025/08/0.5-m-m-10x-13.png,[],0,2026-07-29T15:49:50.238Z
https://dentalmarket.ma/product/mandrin/,5975,mandrin,Mandrin Inoxydable Renforcer,5975,simple,,ARYMARKET,,,Deuxième année | FMDC - Faculté de Médecine Dentaire de Casablanca | FMDR - Faculté de Médecine Dentaire de Rabat | Fournitures pour Étudiants | Troisième année | UEMF - Université Euromed de Fès | UIASS - niversité internationale Abulcasis des sciences de la santé | UIR - Université Internationale de Rabat | UM6SS CASA - Université Mohammed VI de Médecine Dentaire de Casablanca | Uncategorized,,15,15,,15,15,MAD,InStock,,,,https://dentalmarket.ma/wp-content/uploads/2024/08/Design-sans-titre-94-1.png,https://dentalmarket.ma/wp-content/uploads/2024/08/Design-sans-titre-94-1.png,[],0,2026-07-29T15:49:50.238Z
https://dentalmarket.ma/product/godet-en-silicone-dentaire/,5969,godet-en-silicone-dentaire,Godet en Silicone - COTISEN,5969,variable,COTISEN,ARYMARKET,"Produits en caoutchouc de silicone flexible, cinq modèles différents adaptés à différents travaux, lavables pour une utilisation répétée. Ventouse sur le dessous, permettant de poser les bols fermement sur des surfaces lisses comme le verre.","Produits en caoutchouc de silicone flexible, cinq modèles différents adaptés à différents travaux, lavables pour une utilisation répétée. Ventouse sur le dessous, permettant de poser les bols fermement sur des surfaces lisses comme le verre.",Accessoires prothèse dentaire | Deuxième année | FMDC - Faculté de Médecine Dentaire de Casablanca | FMDR - Faculté de Médecine Dentaire de Rabat | FMPDF - Faculté de Médecine Dentaire de Fès | Fournitures pour Étudiants | Prothèses dentaires et Couronnes | Troisième année | UEMF - Université Euromed de Fès | UIASS - niversité internationale Abulcasis des sciences de la santé | UIC – Université Internationale de Casablanca | UIR - Université Internationale de Rabat | UM6SS CASA - Université Mohammed VI de Médecine Dentaire de Casablanca | Uncategorized | UPF - Université Privée de Fès | UPM - Université privée de Marrakech | COTISEN,,16,16,,16,52,MAD,InStock,,0,,https://dentalmarket.ma/wp-content/uploads/2026/07/Silicone-Small-Bowl-1.jpg,https://dentalmarket.ma/wp-content/uploads/2026/07/Silicone-Small-Bowl-1.jpg | https://dentalmarket.ma/wp-content/uploads/2026/07/Silicone-Small-Bowl-2.jpg | https://dentalmarket.ma/wp-content/uploads/2026/07/Silicone-Small-Bowl-1-600x600.jpg | https://dentalmarket.ma/wp-content/uploads/2026/07/Silicone-Small-Bowl-2-100x100.jpg,"[{""name"":""Taille"",""value"":""Grand, Moyen, Set de 4 tailles""}]",3,2026-07-29T15:49:50.238Z
https://dentalmarket.ma/product/disque-de-polissage/,5961,disque-de-polissage,Disque de Polissage,5961,variable,,ARYMARKET,,,FMDC - Faculté de Médecine Dentaire de Casablanca | FMDR - Faculté de Médecine Dentaire de Rabat | FMPDF - Faculté de Médecine Dentaire de Fès | Fournitures pour Étudiants | Fraises dentaires et Polissage | Polissage dentaire et finition | Troisième année | UIASS - niversité internationale Abulcasis des sciences de la santé | UIC – Université Internationale de Casablanca | UIR - Université Internationale de Rabat | UM6SS CASA - Université Mohammed VI de Médecine Dentaire de Casablanca | Uncategorized | UPF - Université Privée de Fès | UPM - Université privée de Marrakech,,10,10,,10,25,MAD,InStock,,0,,https://dentalmarket.ma/wp-content/uploads/2024/08/Design-sans-titre-98.webp,https://dentalmarket.ma/wp-content/uploads/2024/08/Design-sans-titre-98.webp,"[{""name"":""Article"",""value"":""×8 Disque de Polissage + Mandrin, ×8 Disque de Polissage, Mandrin""}]",3,2026-07-29T15:49:50.238Z
https://dentalmarket.ma/product/disque-a-tronconner/,5943,disque-a-tronconner,Disque à Tronçonner,5943,variable,,ARYMARKET,,,Deuxième année | Empreintes et Laboratoire | FMDC - Faculté de Médecine Dentaire de Casablanca | FMDR - Faculté de Médecine Dentaire de Rabat | FMPDF - Faculté de Médecine Dentaire de Fès | Fournitures pour Étudiants | Matériels de laboratoire | UIASS - niversité internationale Abulcasis des sciences de la santé | UIC – Université Internationale de Casablanca | UIR - Université Internationale de Rabat | UM6SS CASA - Université Mohammed VI de Médecine Dentaire de Casablanca | Uncategorized | UPF - Université Privée de Fès | UPM - Université privée de Marrakech,,6,6,,6,20,MAD,InStock,,0,,https://dentalmarket.ma/wp-content/uploads/2024/08/Design-sans-titre-96.webp,https://dentalmarket.ma/wp-content/uploads/2024/08/Design-sans-titre-96.webp,"[{""name"":""Article"",""value"":""Disque à Tronçonner + Mandrin, Disque à Tronçonner, Mandrin""},{""name"":""Dimension"",""value"":""22*0.2mm, 25*0.6mm (moins fragile)""}]",4,2026-07-29T15:49:50.238Z
https://dentalmarket.ma/product/disque-metallique-abrasif-diamantee/,5933,disque-metallique-abrasif-diamantee,Disque Métallique/Abrasif Diamantée,5933,variable,,ARYMARKET,,,Deuxième année | Empreintes et Laboratoire | FMDC - Faculté de Médecine Dentaire de Casablanca | FMDR - Faculté de Médecine Dentaire de Rabat | FMPDF - Faculté de Médecine Dentaire de Fès | Fournitures pour Étudiants | Matériels de laboratoire | Troisième année | UEMF - Université Euromed de Fès | UIASS - niversité internationale Abulcasis des sciences de la santé | UIC – Université Internationale de Casablanca | UIR - Université Internationale de Rabat | UM6SS CASA - Université Mohammed VI de Médecine Dentaire de Casablanca | UPF - Université Privée de Fès | UPM - Université privée de Marrakech,,20,20,,20,35,MAD,InStock,,359,,https://dentalmarket.ma/wp-content/uploads/2024/08/Design-sans-titre-93-2.png,https://dentalmarket.ma/wp-content/uploads/2024/08/Design-sans-titre-93-2.png,"[{""name"":""Article"",""value"":""Disque Métallique/Abrasif Diamantée + Mandrin, Disque Métallique/Abrasif Diamantée, Mandrin""}]",2,2026-07-29T15:49:50.238Z
https://dentalmarket.ma/product/clean-grip-boite-de-transfert-autoclavable-a-135/,5926,clean-grip-boite-de-transfert-autoclavable-a-135,Clean Grip/Boîte de transfert - SANI,5926,simple,ROGIN,ARYMARKET,"Optimisez l’entretien de vos instruments endodontiques avec ce support de nettoyage pratique et efficace. Conçu pour maintenir vos limes propres et prolonger leur durée de vie, ce support SANI combine simplicité et hygiène. Usage : Nettoyage et rangement des limes endodontiques Matériau : Base en plastique robuste avec éponge absorbante pour maintenir les limes verticalement Avantages : Nettoie en douceur la lime après usage Préserve l’intégrité de l’instrument Maintien vertical pour un séchage et un stockage hygiénique","Optimisez l’entretien de vos instruments endodontiques avec ce support de nettoyage pratique et efficace. Conçu pour maintenir vos limes propres et prolonger leur durée de vie, ce support SANI combine simplicité et hygiène.


 	
Usage : Nettoyage et rangement des limes endodontiques

 	
Matériau : Base en plastique robuste avec éponge absorbante pour maintenir les limes verticalement

 	
Avantages :


 	
Nettoie en douceur la lime après usage

 	
Préserve l’intégrité de l’instrument

 	
Maintien vertical pour un séchage et un stockage hygiénique",Accessoires endodontie | Endodontie | FMDC - Faculté de Médecine Dentaire de Casablanca | FMDR - Faculté de Médecine Dentaire de Rabat | Fournitures pour Étudiants | Quatrième année | Troisième année | UEMF - Université Euromed de Fès | UIASS - niversité internationale Abulcasis des sciences de la santé | UIC – Université Internationale de Casablanca | UIR - Université Internationale de Rabat | UM6SS CASA - Université Mohammed VI de Médecine Dentaire de Casablanca | Uncategorized | UPF - Université Privée de Fès | UPM - Université privée de Marrakech | ROGIN,,70,70,,70,70,MAD,InStock,,,,https://dentalmarket.ma/wp-content/uploads/2025/08/Clean-Grip.webp,https://dentalmarket.ma/wp-content/uploads/2025/08/Clean-Grip.webp,"[{""name"":""Couleur"",""value"":""Vert, Bleu""}]",0,2026-07-29T15:49:50.238Z
https://dentalmarket.ma/product/fraise-a-resine-en-carbure-de-tungstene/,5897,fraise-a-resine-en-carbure-de-tungstene,Fraise à Résine en Carbure de Tungstène,5897,variable,,ARYMARKET,"Fraises en Carbure de Tungstène – Dentaire et Laboratoire Fraise en carbure de tungstène est un outil utilisé en dentisterie et en laboratoire dentaire pour le fraisage, la découpe et la finition de matériaux tels que les métaux, céramiques et résines. Disponible en différentes formes et tailles, cet outil s’adapte à divers besoins professionnels. Caractéristiques : Matériau : Carbure de tungstène Formes : cylindrique, conique, sphérique, etc. Différents diamètres selon l’application Usage : dentisterie, prothèses, travaux de laboratoire","Fraises en Carbure de Tungstène – Dentaire et Laboratoire
Fraise en carbure de tungstène est un outil utilisé en dentisterie et en laboratoire dentaire pour le fraisage, la découpe et la finition de matériaux tels que les métaux, céramiques et résines. Disponible en différentes formes et tailles, cet outil s’adapte à divers besoins professionnels.
Caractéristiques :


 	
Matériau : Carbure de tungstène

 	
Formes : cylindrique, conique, sphérique, etc.

 	
Différents diamètres selon l’application

 	
Usage : dentisterie, prothèses, travaux de laboratoire",Deuxième année | FMDC - Faculté de Médecine Dentaire de Casablanca | FMDR - Faculté de Médecine Dentaire de Rabat | FMPDF - Faculté de Médecine Dentaire de Fès | Fournitures pour Étudiants | Fraises carbure de tungstène | Fraises dentaires et Polissage | Troisième année | UEMF - Université Euromed de Fès | UIASS - niversité internationale Abulcasis des sciences de la santé | UIC – Université Internationale de Casablanca | UIR - Université Internationale de Rabat | UM6SS CASA - Université Mohammed VI de Médecine Dentaire de Casablanca | Uncategorized | UPF - Université Privée de Fès | UPM - Université privée de Marrakech,,32,32,,32,49,MAD,InStock,,571,,https://dentalmarket.ma/wp-content/uploads/2025/08/Cabide-Cutters.webp,https://dentalmarket.ma/wp-content/uploads/2025/08/Cabide-Cutters.webp,"[{""name"":""Forme/ISO"",""value"":""Poire, Boule, Conique, N° 500.104.194.190.040, N° 500.104.194.190.060, N° 500.104.263.190.060, N° 500.104.277.190.023""}]",7,2026-07-29T15:49:50.238Z
https://dentalmarket.ma/product/visiere-de-protection/,5890,visiere-de-protection,Visière de Protection,5890,simple,,ARYMARKET,,,Fournitures pour Étudiants | Protections | Troisième année | UIR - Université Internationale de Rabat | Uncategorized | Usage unique,,25,25,,25,25,MAD,InStock,,,,https://dentalmarket.ma/wp-content/uploads/2024/08/104872097_110901760670754_7183948517406902526_n-1.webp,https://dentalmarket.ma/wp-content/uploads/2024/08/104872097_110901760670754_7183948517406902526_n-1.webp,[],0,2026-07-29T15:49:50.238Z
https://dentalmarket.ma/product/bavette-masque-protecteurs/,5883,bavette-masque-protecteurs,Bavette/Masque Protecteurs,5883,variable,,ARYMARKET,Masque Chirurgical Type IIR. Il s’agit d’un masque à usage général et médical.,Masque Chirurgical Type IIR. Il s’agit d’un masque à usage général et médical.,Deuxième année | FMDC - Faculté de Médecine Dentaire de Casablanca | FMDR - Faculté de Médecine Dentaire de Rabat | FMPDF - Faculté de Médecine Dentaire de Fès | Fournitures pour Étudiants | Masques | Première Année | Troisième année | UEMF - Université Euromed de Fès | UIASS - niversité internationale Abulcasis des sciences de la santé | UIC – Université Internationale de Casablanca | UIR - Université Internationale de Rabat | UM6SS CASA - Université Mohammed VI de Médecine Dentaire de Casablanca | Uncategorized | UPF - Université Privée de Fès | UPM - Université privée de Marrakech | Usage unique,,15,15,,15,55,MAD,InStock,,0,,https://dentalmarket.ma/wp-content/uploads/2024/08/lot-de-50-masque-bavettes-qualite-superieure-medicale-de-protection-respiratoire-et-d-hygiene-bleu.jpg,https://dentalmarket.ma/wp-content/uploads/2024/08/lot-de-50-masque-bavettes-qualite-superieure-medicale-de-protection-respiratoire-et-d-hygiene-bleu.jpg,"[{""name"":""Quantité"",""value"":""Boite de 10, Boite de 50""}]",2,2026-07-29T15:49:50.238Z
https://dentalmarket.ma/product/porte-fraise-en-aluminium-autoclavable/,5815,porte-fraise-en-aluminium-autoclavable,Porte Fraise en Aluminium Autoclavable,5815,variable,,ARYMARKET,Bloc porte-fraise dentaire en aluminium à 15 trous FG : Fraises pour Turbine RA : Fraises pour Contre-Angle,"Bloc porte-fraise dentaire en aluminium à 15 trous
 	FG : Fraises pour Turbine
 	RA : Fraises pour Contre-Angle",Accessoires endodontie | Deuxième année | Endodontie | FMDC - Faculté de Médecine Dentaire de Casablanca | FMDR - Faculté de Médecine Dentaire de Rabat | FMPDF - Faculté de Médecine Dentaire de Fès | Fournitures pour Étudiants | Quatrième année | Troisième année | UEMF - Université Euromed de Fès | UIASS - niversité internationale Abulcasis des sciences de la santé | UIC – Université Internationale de Casablanca | UIR - Université Internationale de Rabat | UM6SS CASA - Université Mohammed VI de Médecine Dentaire de Casablanca | Uncategorized | UPF - Université Privée de Fès | UPM - Université privée de Marrakech,,99,99,,99,99,MAD,InStock,,23,,https://dentalmarket.ma/wp-content/uploads/2025/08/Porte-Fraise.webp,https://dentalmarket.ma/wp-content/uploads/2025/08/Porte-Fraise.webp,"[{""name"":""Support de"",""value"":""15*FG, 10*FG + 5*RA, 5*FG +10*RA""}]",3,2026-07-29T15:49:50.238Z
https://dentalmarket.ma/product/pointe-en-peau-de-chamois/,5785,pointe-en-peau-de-chamois,Pointe montée en Peau de Chamois,5785,simple,,ARYMARKET,Pointe montée en Peau de Chamois pièce à main.,Pointe montée en Peau de Chamois pièce à main.,Deuxième année | FMDC - Faculté de Médecine Dentaire de Casablanca | FMDR - Faculté de Médecine Dentaire de Rabat | Fournitures pour Étudiants | Fraises dentaires et Polissage | Polissage dentaire et finition | Troisième année | UEMF - Université Euromed de Fès | UIC – Université Internationale de Casablanca | UIR - Université Internationale de Rabat | UM6SS CASA - Université Mohammed VI de Médecine Dentaire de Casablanca | Uncategorized,,25,25,,25,25,MAD,InStock,,,,https://dentalmarket.ma/wp-content/uploads/2025/08/89.webp,https://dentalmarket.ma/wp-content/uploads/2025/08/89.webp,[],0,2026-07-29T15:49:50.238Z
https://dentalmarket.ma/product/malette-fmpdf/,5777,malette-fmpdf,Malette FMPDF,5777,variable,,ARYMARKET,,,Deuxième année | FMPDF - Faculté de Médecine Dentaire de Fès | Fournitures pour Étudiants | Première Année | Troisième année,,95,95,,95,99,MAD,InStock,,0,,https://dentalmarket.ma/wp-content/uploads/2024/08/91.png,https://dentalmarket.ma/wp-content/uploads/2024/08/91.png,"[{""name"":""Taille"",""value"":""Moyenne, Grande""}]",2,2026-07-29T15:49:50.238Z
https://dentalmarket.ma/product/malette-uemf/,5775,malette-uemf,Malette UEMF,5775,simple,,ARYMARKET,,,Deuxième année | Fournitures pour Étudiants | Première Année | Troisième année | UEMF - Université Euromed de Fès,,99,99,,99,99,MAD,InStock,,,,https://dentalmarket.ma/wp-content/uploads/2024/08/711.png,https://dentalmarket.ma/wp-content/uploads/2024/08/711.png,[],0,2026-07-29T15:49:50.238Z
https://dentalmarket.ma/product/malette-upf/,5773,malette-upf,Malette UPF,5773,simple,,ARYMARKET,,,Deuxième année | Fournitures pour Étudiants | Première Année | Troisième année | UPF - Université Privée de Fès,,99,99,,99,99,MAD,InStock,,,,https://dentalmarket.ma/wp-content/uploads/2024/08/611.png,https://dentalmarket.ma/wp-content/uploads/2024/08/611.png,[],0,2026-07-29T15:49:50.238Z
https://dentalmarket.ma/product/malette-upm/,5771,malette-upm,Malette UPM,5771,simple,,ARYMARKET,,,Deuxième année | Fournitures pour Étudiants | Première Année | Troisième année | UPM - Université privée de Marrakech,,99,99,,99,99,MAD,InStock,,,,https://dentalmarket.ma/wp-content/uploads/2024/08/101.png,https://dentalmarket.ma/wp-content/uploads/2024/08/101.png,[],0,2026-07-29T15:49:50.238Z
https://dentalmarket.ma/product/malette-uiass/,5769,malette-uiass,Malette UIASS,5769,simple,,ARYMARKET,,,Deuxième année | Fournitures pour Étudiants | Première Année | Troisième année | UIASS - niversité internationale Abulcasis des sciences de la santé,,99,99,,99,99,MAD,InStock,,,,https://dentalmarket.ma/wp-content/uploads/2024/08/Design-sans-titre-291.png,https://dentalmarket.ma/wp-content/uploads/2024/08/Design-sans-titre-291.png,[],0,2026-07-29T15:49:50.238Z
https://dentalmarket.ma/product/malette-fmdr/,5767,malette-fmdr,Malette FMDR,5767,simple,,ARYMARKET,,,Deuxième année | FMDR - Faculté de Médecine Dentaire de Rabat | Fournitures pour Étudiants | Première Année | Troisième année,,99,99,,99,99,MAD,InStock,,,,https://dentalmarket.ma/wp-content/uploads/2024/08/Design-sans-titre-17-1.png,https://dentalmarket.ma/wp-content/uploads/2024/08/Design-sans-titre-17-1.png,[],0,2026-07-29T15:49:50.238Z
https://dentalmarket.ma/product/malette-uir/,5765,malette-uir,Malette UIR,5765,simple,,ARYMARKET,,,Deuxième année | Fournitures pour Étudiants | Première Année | Troisième année | UIR - Université Internationale de Rabat,,99,99,,99,99,MAD,InStock,,,,https://dentalmarket.ma/wp-content/uploads/2024/08/81.png,https://dentalmarket.ma/wp-content/uploads/2024/08/81.png,[],0,2026-07-29T15:49:50.238Z
https://dentalmarket.ma/product/malette-uic/,5763,malette-uic,Malette UIC,5763,simple,,ARYMARKET,,,Deuxième année | Fournitures pour Étudiants | Première Année | Troisième année | UIC – Université Internationale de Casablanca,,99,99,,99,99,MAD,InStock,,,,https://dentalmarket.ma/wp-content/uploads/2024/08/321.png,https://dentalmarket.ma/wp-content/uploads/2024/08/321.png,[],0,2026-07-29T15:49:50.238Z
https://dentalmarket.ma/product/malette-um6ss/,5761,malette-um6ss,Malette UM6SS,5761,variable,,ARYMARKET,,,Fournitures pour Étudiants | Première Année | Troisième année | UM6SS CASA - Université Mohammed VI de Médecine Dentaire de Casablanca | Uncategorized,,95,95,,95,100,MAD,InStock,,0,,https://dentalmarket.ma/wp-content/uploads/2024/08/221.png,https://dentalmarket.ma/wp-content/uploads/2024/08/221.png,"[{""name"":""Taille"",""value"":""Moyenne, Grande""},{""name"":""UM6SS de"",""value"":""Casablanca, Rabat""}]",4,2026-07-29T15:49:50.238Z
https://dentalmarket.ma/product/malette-fmdc/,5759,malette-fmdc,Malette FMDC,5759,variable,,ARYMARKET,,,Deuxième année | FMDC - Faculté de Médecine Dentaire de Casablanca | Fournitures pour Étudiants | Première Année | Troisième année,,95,95,,95,100,MAD,InStock,,6,,https://dentalmarket.ma/wp-content/uploads/2024/08/411.png,https://dentalmarket.ma/wp-content/uploads/2024/08/411.png,"[{""name"":""Taille"",""value"":""Moyenne, Grande""}]",2,2026-07-29T15:49:50.238Z
https://dentalmarket.ma/product/broche/,5756,broche,Broche,5756,variable,,ARYMARKET,"Lime Broche – Acier InoxydableRâpes endodontiques en acier inoxydable, adaptées à l’élargissement en rotation douce des canaux radiculaires. Moins de spires pour un retrait de débris rapide Tailles codées par couleur ISO Longueurs : 21 mm, 25 mm, 28 mm, 31 mm Stérilisables à l’autoclave","Lime Broche – Acier InoxydableRâpes endodontiques en acier inoxydable, adaptées à l’élargissement en rotation douce des canaux radiculaires.


 	
Moins de spires pour un retrait de débris rapide

 	
Tailles codées par couleur ISO

 	
Longueurs : 21 mm, 25 mm, 28 mm, 31 mm

 	
Stérilisables à l’autoclave",Endodontie | FMDC - Faculté de Médecine Dentaire de Casablanca | FMDR - Faculté de Médecine Dentaire de Rabat | Fournitures pour Étudiants | Limes dentaires | Troisième année | UEMF - Université Euromed de Fès | UIASS - niversité internationale Abulcasis des sciences de la santé | UIC – Université Internationale de Casablanca | UIR - Université Internationale de Rabat | UM6SS CASA - Université Mohammed VI de Médecine Dentaire de Casablanca | Uncategorized | UPF - Université Privée de Fès | UPM - Université privée de Marrakech,,8,8,,8,35,MAD,InStock,,30,,https://dentalmarket.ma/wp-content/uploads/2025/08/Broche.png,https://dentalmarket.ma/wp-content/uploads/2025/08/Broche.png,"[{""name"":""Longueur"",""value"":""21mm, 25mm""},{""name"":""N°"",""value"":""#30, #15~40 (Assortiment de 6 limes)""}]",3,2026-07-29T15:49:50.238Z
https://dentalmarket.ma/product/couteau-de-cuisine/,5749,couteau-de-cuisine,Couteau de Cuisine,5749,simple,,ARYMARKET,,,"Aménagement, Textile et Tech | Cuisine & Electroménager | Deuxième année | FMDR - Faculté de Médecine Dentaire de Rabat | Fournitures pour Étudiants | Première Année | UIASS - niversité internationale Abulcasis des sciences de la santé | UIR - Université Internationale de Rabat",,6,7,6,6,6,MAD,InStock,,,,https://dentalmarket.ma/wp-content/uploads/2024/08/Design-sans-titre-8.png,https://dentalmarket.ma/wp-content/uploads/2024/08/Design-sans-titre-8.png,[],0,2026-07-29T15:49:50.238Z
https://dentalmarket.ma/product/brossette-pointe-en-poils-de-chevre/,5747,brossette-pointe-en-poils-de-chevre,Brossette/Pointe montée en Poils de Chèvre,5747,simple,,ARYMARKET,Pointe montée en Poils de Chèvre pièce à main.,Pointe montée en Poils de Chèvre pièce à main.,Deuxième année | FMDR - Faculté de Médecine Dentaire de Rabat | FMPDF - Faculté de Médecine Dentaire de Fès | Fournitures pour Étudiants | Fraises dentaires et Polissage | Polissage dentaire et finition | UEMF - Université Euromed de Fès | UIASS - niversité internationale Abulcasis des sciences de la santé | UIC – Université Internationale de Casablanca | UIR - Université Internationale de Rabat | UM6SS CASA - Université Mohammed VI de Médecine Dentaire de Casablanca | Uncategorized | UPF - Université Privée de Fès | UPM - Université privée de Marrakech,,10,10,,10,10,MAD,InStock,,,,https://dentalmarket.ma/wp-content/uploads/2025/08/88.webp,https://dentalmarket.ma/wp-content/uploads/2025/08/88.webp,[],0,2026-07-29T15:49:50.238Z
https://dentalmarket.ma/product/godet-en-verre-pot-dappen/,CO-GD01,godet-en-verre-pot-dappen,Godet Dappen en Verre - COTISEN,CO-GD01,simple,COTISEN,ARYMARKET,"Godets en verre de couleurs assorties, adapt?s pour m?langer de petites quantit?s.","Godets en verre de couleurs assorties, adapt?s pour m?langer de petites quantit?s.",Accessoires proth?se dentaire | Deuxi?me ann?e | FMDC - Facult? de M?decine Dentaire de Casablanca | FMDR - Facult? de M?decine Dentaire de Rabat | FMPDF - Facult? de M?decine Dentaire de F?s | Fournitures pour ?tudiants | Proth?ses dentaires et Couronnes | Troisi?me ann?e | UEMF - Universit? Euromed de F?s | UIASS - niversit? internationale Abulcasis des sciences de la sant? | UIC ? Universit? Internationale de Casablanca | UIR - Universit? Internationale de Rabat | UM6SS - Universit? Mohammed VI de M?decine Dentaire | Uncategorized | UPF - Universit? Priv?e de F?s | UPM - Universit? priv?e de Marrakech | COTISEN,,20,20,,20,20,MAD,InStock,,,,https://dentalmarket.ma/wp-content/uploads/2026/07/Glass-Dappen-Dish.jpg,https://dentalmarket.ma/wp-content/uploads/2026/07/Glass-Dappen-Dish.jpg,[],0,2026-07-29T15:49:50.238Z
https://dentalmarket.ma/product/regle-transparente-flexible-staedtler-30cm/,5727,regle-transparente-flexible-staedtler-30cm,Règle Transparente Flexible - STAEDTLER,5727,simple,STAEDTLER,ARYMARKET,Règle souple et flexible 30 cm Résistant à la rupture,"Règle souple et flexible 30 cm
 	Résistant à la rupture",FMPDF - Faculté de Médecine Dentaire de Fès | Fournitures pour Étudiants | Première Année | STAEDTLER,,6,6,,6,6,MAD,InStock,,,,https://dentalmarket.ma/wp-content/uploads/2025/08/Regle-Flexible.webp,https://dentalmarket.ma/wp-content/uploads/2025/08/Regle-Flexible.webp,[],0,2026-07-29T15:49:50.238Z
https://dentalmarket.ma/product/regle-plexiglas-staedtler-30cm/,5722,regle-plexiglas-staedtler-30cm,"Règle ""Plexiglas"" - STAEDTLER",5722,simple,STAEDTLER,ARYMARKET,Plexiglas® transparent Avec bords anti-tâches Longueur 30 cm,"Plexiglas® transparent
 	Avec bords anti-tâches
 	Longueur 30 cm",Deuxième année | FMDR - Faculté de Médecine Dentaire de Rabat | Fournitures pour Étudiants | Première Année | STAEDTLER,,25,25,,25,25,MAD,InStock,,,,https://dentalmarket.ma/wp-content/uploads/2025/08/Regle-Plexiglas.webp,https://dentalmarket.ma/wp-content/uploads/2025/08/Regle-Plexiglas.webp,[],0,2026-07-29T15:49:50.238Z
https://dentalmarket.ma/product/pince-coupante/,5719,pince-coupante,Pince Coupante - DANI,5719,simple,DANI,ARYMARKET,,,"Aménagement, Textile et Tech | Bricolage | Deuxième année | Fournitures pour Étudiants | Troisième année | UEMF - Université Euromed de Fès | UIR - Université Internationale de Rabat | UM6SS CASA - Université Mohammed VI de Médecine Dentaire de Casablanca | Uncategorized | DANI",,30,32,30,30,30,MAD,InStock,,,,https://dentalmarket.ma/wp-content/uploads/2024/08/Design-sans-titre-64-1.png,https://dentalmarket.ma/wp-content/uploads/2024/08/Design-sans-titre-64-1.png,[],0,2026-07-29T15:49:50.238Z
https://dentalmarket.ma/product/cupule-caoutchouc/,5710,cupule-caoutchouc,Cupule Caoutchouc,5710,simple,,ARYMARKET,"Cupule prophylactique à 6 ailettes, conçu pour un polissage précis et homogène des surfaces dentaires, assurant confort et efficacité.","Cupule prophylactique à 6 ailettes, conçu pour un polissage précis et homogène des surfaces dentaires, assurant confort et efficacité.",Deuxième année | FMDC - Faculté de Médecine Dentaire de Casablanca | FMDR - Faculté de Médecine Dentaire de Rabat | FMPDF - Faculté de Médecine Dentaire de Fès | Fournitures pour Étudiants | Fraises dentaires et Polissage | Polissage dentaire et finition | Quatrième année | Troisième année | UIASS - niversité internationale Abulcasis des sciences de la santé | UIC – Université Internationale de Casablanca | UIR - Université Internationale de Rabat | UM6SS CASA - Université Mohammed VI de Médecine Dentaire de Casablanca | Uncategorized | UPF - Université Privée de Fès | UPM - Université privée de Marrakech,,4,5,4,4,4,MAD,InStock,,,,https://dentalmarket.ma/wp-content/uploads/2024/08/Design-sans-titre-62-1.png,https://dentalmarket.ma/wp-content/uploads/2024/08/Design-sans-titre-62-1.png,[],0,2026-07-29T15:49:50.238Z
https://dentalmarket.ma/product/vaseline/,5706,vaseline,Vaseline,5706,simple,,ARYMARKET,,,Accessoires pour empreinte | Deuxième année | Empreintes et Laboratoire | FMDC - Faculté de Médecine Dentaire de Casablanca | FMDR - Faculté de Médecine Dentaire de Rabat | FMPDF - Faculté de Médecine Dentaire de Fès | Fournitures pour Étudiants | Troisième année | UIASS - niversité internationale Abulcasis des sciences de la santé | UIC – Université Internationale de Casablanca | UIR - Université Internationale de Rabat | UM6SS CASA - Université Mohammed VI de Médecine Dentaire de Casablanca | UPF - Université Privée de Fès,,15,18,15,15,15,MAD,InStock,,,,https://dentalmarket.ma/wp-content/uploads/2024/08/81NZHLOYKkL._AC_SX679_.jpg,https://dentalmarket.ma/wp-content/uploads/2024/08/81NZHLOYKkL._AC_SX679_.jpg,[],0,2026-07-29T15:49:50.238Z
https://dentalmarket.ma/product/carreau-de-faience/,5704,carreau-de-faience,Carreau de Faïence,5704,simple,,ARYMARKET,Carreau de Faïence 20cm×20cm.,Carreau de Faïence 20cm×20cm.,Deuxième année | Empreintes et Laboratoire | FMDC - Faculté de Médecine Dentaire de Casablanca | FMDR - Faculté de Médecine Dentaire de Rabat | FMPDF - Faculté de Médecine Dentaire de Fès | Fournitures pour Étudiants | Matériels de laboratoire | Troisième année | UEMF - Université Euromed de Fès | UIASS - niversité internationale Abulcasis des sciences de la santé | UIC – Université Internationale de Casablanca | UIR - Université Internationale de Rabat | UM6SS CASA - Université Mohammed VI de Médecine Dentaire de Casablanca | UPF - Université Privée de Fès | UPM - Université privée de Marrakech,,6,6,,6,6,MAD,InStock,,,,https://dentalmarket.ma/wp-content/uploads/2024/08/b28ec39c-54fb-4063-b546-8774979cffcc.jpg,https://dentalmarket.ma/wp-content/uploads/2024/08/b28ec39c-54fb-4063-b546-8774979cffcc.jpg,[],0,2026-07-29T15:49:50.238Z
https://dentalmarket.ma/product/papier-dessin/,5700,papier-dessin,Papier Dessin,5700,simple,,ARYMARKET,Canson,Canson,Deuxième année | FMDC - Faculté de Médecine Dentaire de Casablanca | FMDR - Faculté de Médecine Dentaire de Rabat | FMPDF - Faculté de Médecine Dentaire de Fès | Fournitures pour Étudiants | Première Année | Troisième année | UIASS - niversité internationale Abulcasis des sciences de la santé | UIC – Université Internationale de Casablanca | UIR - Université Internationale de Rabat | UM6SS CASA - Université Mohammed VI de Médecine Dentaire de Casablanca | Uncategorized,,12,12,,12,12,MAD,InStock,,,,https://dentalmarket.ma/wp-content/uploads/2024/08/pochette-dessin-a-grain-224g-m.webp,https://dentalmarket.ma/wp-content/uploads/2024/08/pochette-dessin-a-grain-224g-m.webp,[],0,2026-07-29T15:49:50.238Z
https://dentalmarket.ma/product/peau-de-chamois-chiffon-jaune/,5698,peau-de-chamois-chiffon-jaune,Peau de Chamois/Chiffon Jaune,5698,simple,,ARYMARKET,,,"Aménagement, Textile et Tech | Deuxième année | Entretien et nettoyage du cabinet | FMDC - Faculté de Médecine Dentaire de Casablanca | FMDR - Faculté de Médecine Dentaire de Rabat | Fournitures pour Étudiants | Première Année | Troisième année | UEMF - Université Euromed de Fès | UIC – Université Internationale de Casablanca | UM6SS CASA - Université Mohammed VI de Médecine Dentaire de Casablanca | UPF - Université Privée de Fès | UPM - Université privée de Marrakech",,5,5,,5,5,MAD,InStock,,,,https://dentalmarket.ma/wp-content/uploads/2024/08/chiffon-chamoisine.webp,https://dentalmarket.ma/wp-content/uploads/2024/08/chiffon-chamoisine.webp,[],0,2026-07-29T15:49:50.238Z
https://dentalmarket.ma/product/plaque-de-verre/,5696,plaque-de-verre,Plaque de Verre,5696,simple,,ARYMARKET,,,Amalgames et accessoires | Deuxième année | Fournitures pour Étudiants | Restauration et Ciments dentaires | Troisième année | UEMF - Université Euromed de Fès | UM6SS CASA - Université Mohammed VI de Médecine Dentaire de Casablanca,,15,20,15,15,15,MAD,InStock,,,,https://dentalmarket.ma/wp-content/uploads/2024/08/Plaque-de-verre-pour-laboratoire-dentaire-m-lange-de-124x78x7mm.jpg,https://dentalmarket.ma/wp-content/uploads/2024/08/Plaque-de-verre-pour-laboratoire-dentaire-m-lange-de-124x78x7mm.jpg,[],0,2026-07-29T15:49:50.238Z
https://dentalmarket.ma/product/pied-a-coulisse/,5694,pied-a-coulisse,Pied à Coulisse,5694,simple,,ARYMARKET,,,Deuxième année | FMDC - Faculté de Médecine Dentaire de Casablanca | FMDR - Faculté de Médecine Dentaire de Rabat | Fournitures pour Étudiants | Instruments orthodontie | Orthodontie | Troisième année | UM6SS CASA - Université Mohammed VI de Médecine Dentaire de Casablanca,,120,135,120,120,120,MAD,InStock,,,,https://dentalmarket.ma/wp-content/uploads/2024/08/d72c12f63dc7de775c42fabaf4196437.png,https://dentalmarket.ma/wp-content/uploads/2024/08/d72c12f63dc7de775c42fabaf4196437.png,[],0,2026-07-29T15:49:50.238Z
https://dentalmarket.ma/product/gants-latex/,5669,gants-latex,Gants Latex,5669,variable,,ARYMARKET,,,Deuxième année | FMDC - Faculté de Médecine Dentaire de Casablanca | FMDR - Faculté de Médecine Dentaire de Rabat | FMPDF - Faculté de Médecine Dentaire de Fès | Fournitures pour Étudiants | Gants d'examen | Première Année | Quatrième année | Troisième année | UEMF - Université Euromed de Fès | UIASS - niversité internationale Abulcasis des sciences de la santé | UIC – Université Internationale de Casablanca | UIR - Université Internationale de Rabat | UM6SS CASA - Université Mohammed VI de Médecine Dentaire de Casablanca | UPF - Université Privée de Fès | UPM - Université privée de Marrakech | Usage unique,,60,60,,60,60,MAD,InStock,,30,,https://dentalmarket.ma/wp-content/uploads/2024/08/comment_choisir_son_gant_medGical.webp,https://dentalmarket.ma/wp-content/uploads/2024/08/comment_choisir_son_gant_medGical.webp,"[{""name"":""Taille"",""value"":""S, M, L""}]",3,2026-07-29T15:49:50.238Z
https://dentalmarket.ma/product/crayon-de-couleur-staedtler/,5666,crayon-de-couleur-staedtler,Crayon de Couleur - STAEDTLER,5666,simple,STAEDTLER,ARYMARKET,Étui en carton avec 6 crayons de couleur dans des couleurs assorties,Étui en carton avec 6 crayons de couleur dans des couleurs assorties,FMDC - Faculté de Médecine Dentaire de Casablanca | FMDR - Faculté de Médecine Dentaire de Rabat | Fournitures pour Étudiants | Première Année | Troisième année | UEMF - Université Euromed de Fès | UIASS - niversité internationale Abulcasis des sciences de la santé | UIC – Université Internationale de Casablanca | UIR - Université Internationale de Rabat | UM6SS CASA - Université Mohammed VI de Médecine Dentaire de Casablanca | Uncategorized | UPF - Université Privée de Fès | UPM - Université privée de Marrakech | STAEDTLER,,14,14,,14,14,MAD,InStock,,,,https://dentalmarket.ma/wp-content/uploads/2025/08/Crayon-de-Couleur.webp,https://dentalmarket.ma/wp-content/uploads/2025/08/Crayon-de-Couleur.webp,[],0,2026-07-29T15:49:50.238Z
https://dentalmarket.ma/product/ciseau-staedtler/,5663,ciseau-staedtler,Ciseau - STAEDTLER,5663,simple,STAEDTLER,ARYMARKET,Blister d’une paire de ciseaux avec lames 14 cm,Blister d'une paire de ciseaux avec lames 14 cm,Deuxième année | FMDC - Faculté de Médecine Dentaire de Casablanca | FMDR - Faculté de Médecine Dentaire de Rabat | FMPDF - Faculté de Médecine Dentaire de Fès | Fournitures pour Étudiants | Première Année | Troisième année | UEMF - Université Euromed de Fès | UIASS - niversité internationale Abulcasis des sciences de la santé | UIC – Université Internationale de Casablanca | UIR - Université Internationale de Rabat | UM6SS CASA - Université Mohammed VI de Médecine Dentaire de Casablanca | Uncategorized | UPF - Université Privée de Fès | UPM - Université privée de Marrakech | STAEDTLER,,12,14,12,12,12,MAD,InStock,,,,https://dentalmarket.ma/wp-content/uploads/2025/08/Ciseau.webp,https://dentalmarket.ma/wp-content/uploads/2025/08/Ciseau.webp,[],0,2026-07-29T15:49:50.238Z
https://dentalmarket.ma/product/fraise-transmetallique/,5651,fraise-transmetallique,Fraise Transmétallique - ROGIN,5651,simple,,ARYMARKET,Rogin Fraise TransmétalliqueFraise en carbure de tungstène spécialement conçue pour la découpe et la dépose de couronnes et bridges métalliques. Lames à haute résistance pour coupe rapide et précise Idéale pour alliages précieux et non précieux Durabilité optimale grâce au carbure de qualité médicale Longueur : 19 mm,"Rogin Fraise TransmétalliqueFraise en carbure de tungstène spécialement conçue pour la découpe et la dépose de couronnes et bridges métalliques.


 	
Lames à haute résistance pour coupe rapide et précise

 	
Idéale pour alliages précieux et non précieux

 	
Durabilité optimale grâce au carbure de qualité médicale

 	
Longueur : 19 mm",FMDC - Faculté de Médecine Dentaire de Casablanca | FMPDF - Faculté de Médecine Dentaire de Fès | Fournitures pour Étudiants | Fraises carbure de tungstène | Fraises dentaires et Polissage | Quatrième année | UEMF - Université Euromed de Fès | UIASS - niversité internationale Abulcasis des sciences de la santé | UIC – Université Internationale de Casablanca | UIR - Université Internationale de Rabat | UM6SS CASA - Université Mohammed VI de Médecine Dentaire de Casablanca | Uncategorized | UPF - Université Privée de Fès | UPM - Université privée de Marrakech,,49,49,,49,49,MAD,InStock,,,,https://dentalmarket.ma/wp-content/uploads/2025/08/Transmetalique.png,https://dentalmarket.ma/wp-content/uploads/2025/08/Transmetalique.png,[],0,2026-07-29T15:49:50.238Z
https://dentalmarket.ma/product/lime-k/,5645,lime-k,Lime K - ROGIN,5645,variable,ROGIN,ARYMARKET,"Rogin Limes K – Acier InoxydableLimes endodontiques en acier inoxydable pour l’exploration, la mise en forme et le nettoyage précis des canaux radiculaires. Excellente rigidité et contrôle Tailles codées par couleur ISO Longueurs : 25 mm, 31 mm Stérilisables à l’autoclave","Rogin Limes K – Acier InoxydableLimes endodontiques en acier inoxydable pour l’exploration, la mise en forme et le nettoyage précis des canaux radiculaires.


 	
Excellente rigidité et contrôle

 	
Tailles codées par couleur ISO

 	
Longueurs : 25 mm, 31 mm

 	Stérilisables à l’autoclave",Endodontie | FMDC - Faculté de Médecine Dentaire de Casablanca | FMDR - Faculté de Médecine Dentaire de Rabat | Fournitures pour Étudiants | Limes dentaires | Quatrième année | Troisième année | UEMF - Université Euromed de Fès | UIASS - niversité internationale Abulcasis des sciences de la santé | UIC – Université Internationale de Casablanca | UIR - Université Internationale de Rabat | UM6SS CASA - Université Mohammed VI de Médecine Dentaire de Casablanca | Uncategorized | UPF - Université Privée de Fès | UPM - Université privée de Marrakech | ROGIN,,35,35,,35,35,MAD,InStock,,1970,,https://dentalmarket.ma/wp-content/uploads/2025/08/Lime-K.webp,https://dentalmarket.ma/wp-content/uploads/2025/08/Lime-K.webp,"[{""name"":""Longueur"",""value"":""25mm, 31mm""},{""name"":""N°"",""value"":""08, 10, 15, 20, 25, 30, 35, 40""},{""name"":""Quantité"",""value"":""Plaquette (6 limes), Unité (1 lime)""}]",14,2026-07-29T15:49:50.238Z
https://dentalmarket.ma/product/seringue/,5632,seringue,Seringue,5632,variable,,ARYMARKET,,,Endodontie | FMDC - Faculté de Médecine Dentaire de Casablanca | FMDR - Faculté de Médecine Dentaire de Rabat | Fournitures pour Étudiants | Irrigation canalaire | Troisième année | UIR - Université Internationale de Rabat | UM6SS CASA - Université Mohammed VI de Médecine Dentaire de Casablanca | Uncategorized,,1.5,1.5,,1.5,3,MAD,InStock,,99,,https://dentalmarket.ma/wp-content/uploads/2024/08/bd-emerald-seringue-avec-aiguille-21g-1-12-seringue-10-ml.jpg,https://dentalmarket.ma/wp-content/uploads/2024/08/bd-emerald-seringue-avec-aiguille-21g-1-12-seringue-10-ml.jpg,"[{""name"":""Volume"",""value"":""2.5 CC, 20 CC""}]",2,2026-07-29T15:49:50.238Z
https://dentalmarket.ma/product/brossette/,5619,brossette,Brossette,5619,variable,,ARYMARKET,"Brosses prophylactiques en forme de bol et cône, disponibles en couleurs vives, idéales pour un nettoyage efficace et uniforme des dents.","Brosses prophylactiques en forme de bol et cône, disponibles en couleurs vives, idéales pour un nettoyage efficace et uniforme des dents.",Fraises dentaires et Polissage | Polissage dentaire et finition | Uncategorized,,5,5,,5,22,MAD,InStock,,0,,https://dentalmarket.ma/wp-content/uploads/2024/08/H891afa0646264d9585efe4b4a93Nf841ft.webp,https://dentalmarket.ma/wp-content/uploads/2024/08/H891afa0646264d9585efe4b4a93Nf841ft.webp,"[{""name"":""Forme"",""value"":""Bol/Plate, Cône/Pointue""},{""name"":""Quantité"",""value"":""1, 3, 5""}]",6,2026-07-29T15:49:50.238Z
https://dentalmarket.ma/product/endoflare/,5616,endoflare,EndoFlare,5616,simple,,ARYMARKET,EndoFlore,EndoFlore,Endodontie | FMDC - Faculté de Médecine Dentaire de Casablanca | FMDR - Faculté de Médecine Dentaire de Rabat | FMPDF - Faculté de Médecine Dentaire de Fès | Fournitures pour Étudiants | Limes dentaires | Quatrième année | UEMF - Université Euromed de Fès | UIASS - niversité internationale Abulcasis des sciences de la santé | UIC – Université Internationale de Casablanca | UIR - Université Internationale de Rabat | UM6SS CASA - Université Mohammed VI de Médecine Dentaire de Casablanca | UPF - Université Privée de Fès | UPM - Université privée de Marrakech,,55,65,55,55,55,MAD,InStock,,,,https://dentalmarket.ma/wp-content/uploads/2024/08/Capture-web_3-9-2023_151757_.jpeg,https://dentalmarket.ma/wp-content/uploads/2024/08/Capture-web_3-9-2023_151757_.jpeg,[],0,2026-07-29T15:49:50.238Z
https://dentalmarket.ma/product/dowl-pins/,5608,dowl-pins,Dowel-Pins,5608,simple,,ARYMARKET,Recommandé : 4 Dowel-Pins,Recommandé : 4 Dowel-Pins,Empreintes et Laboratoire | FMDC - Faculté de Médecine Dentaire de Casablanca | FMDR - Faculté de Médecine Dentaire de Rabat | FMPDF - Faculté de Médecine Dentaire de Fès | Fournitures pour Étudiants | Matériels de laboratoire | Troisième année | UEMF - Université Euromed de Fès | UIASS - niversité internationale Abulcasis des sciences de la santé | UIC – Université Internationale de Casablanca | UIR - Université Internationale de Rabat | UM6SS CASA - Université Mohammed VI de Médecine Dentaire de Casablanca | UPF - Université Privée de Fès | UPM - Université privée de Marrakech,,1,1,,1,1,MAD,InStock,,,,https://dentalmarket.ma/wp-content/uploads/2024/08/dental-dowel-pins-with-spike-for-implant-dentures-fabrication.jpg,https://dentalmarket.ma/wp-content/uploads/2024/08/dental-dowel-pins-with-spike-for-implant-dentures-fabrication.jpg,[],0,2026-07-29T15:49:50.238Z
https://dentalmarket.ma/product/adaptateur/,5604,adaptateur,Adaptateur (Turbine ⮕ Contre-Angle),5604,simple,,ARYMARKET,"L’adaptateur de fraise de turbine pour contre-angle est conçu pour permettre l’utilisation de fraises de turbine standard sur un contre-angle dentaire. Fabriqué en acier inoxydable de haute qualité, il offre une grande résistance à l’usure et à la corrosion, garantissant une longue durée de vie.","L’adaptateur de fraise de turbine pour contre-angle est conçu pour permettre l’utilisation de fraises de turbine standard sur un contre-angle dentaire. Fabriqué en acier inoxydable de haute qualité, il offre une grande résistance à l’usure et à la corrosion, garantissant une longue durée de vie.",Deuxième année | FMDC - Faculté de Médecine Dentaire de Casablanca | FMDR - Faculté de Médecine Dentaire de Rabat | FMPDF - Faculté de Médecine Dentaire de Fès | Fournitures pour Étudiants | Fraises dentaires et Polissage | Polissage dentaire et finition | Quatrième année | Troisième année | UEMF - Université Euromed de Fès | UIASS - niversité internationale Abulcasis des sciences de la santé | UIC – Université Internationale de Casablanca | UIR - Université Internationale de Rabat | UM6SS CASA - Université Mohammed VI de Médecine Dentaire de Casablanca | Uncategorized | UPF - Université Privée de Fès | UPM - Université privée de Marrakech,,25,70,25,25,25,MAD,InStock,,,,https://dentalmarket.ma/wp-content/uploads/2024/08/de2cd6cfa420d63f0286b70bbae3a83c.jpg,https://dentalmarket.ma/wp-content/uploads/2024/08/de2cd6cfa420d63f0286b70bbae3a83c.jpg,[],0,2026-07-29T15:49:50.238Z
https://dentalmarket.ma/product/surligneurs-staedtler/,5595,surligneurs-staedtler,Surligneurs - STAEDTLER,5595,variable,STAEDTLER,ARYMARKET,Fluorescents / marqueurs Staedtler.,Fluorescents / marqueurs Staedtler.,Deuxième année | FMDC - Faculté de Médecine Dentaire de Casablanca | FMDR - Faculté de Médecine Dentaire de Rabat | FMPDF - Faculté de Médecine Dentaire de Fès | Fournitures pour Étudiants | Première Année | Troisième année | UEMF - Université Euromed de Fès | UIASS - niversité internationale Abulcasis des sciences de la santé | UIC – Université Internationale de Casablanca | UIR - Université Internationale de Rabat | UM6SS CASA - Université Mohammed VI de Médecine Dentaire de Casablanca | Uncategorized | UPF - Université Privée de Fès | UPM - Université privée de Marrakech | STAEDTLER,,32,32,,32,56,MAD,InStock,,2,,https://dentalmarket.ma/wp-content/uploads/2024/08/csm_2854174_Productpicture_21eeb0bc76-1.webp,https://dentalmarket.ma/wp-content/uploads/2024/08/csm_2854174_Productpicture_21eeb0bc76-1.webp,"[{""name"":""Pack"",""value"":""4 Couleurs, 6 Couleurs, 8 Couleurs""}]",3,2026-07-29T15:49:50.238Z
https://dentalmarket.ma/product/manche-bistouri-bistouri/,5589,manche-bistouri-bistouri,Manche Bistouri/Bistouri,5589,variable,,ARYMARKET,,,Chirurgie et Implantologie | Deuxième année | FMDC - Faculté de Médecine Dentaire de Casablanca | Fournitures pour Étudiants | Instruments chirurgicaux | Troisième année | UEMF - Université Euromed de Fès,,2,2,,2,26,MAD,InStock,,0,,https://dentalmarket.ma/wp-content/uploads/2024/08/Design-sans-titre-58.webp,https://dentalmarket.ma/wp-content/uploads/2024/08/Design-sans-titre-58.webp,"[{""name"":""Part"",""value"":""Manche Bistouri, Bistouri N°15, Manche Bistouri + Bistouri""}]",3,2026-07-29T15:49:50.238Z
https://dentalmarket.ma/product/fouloir-finger-spreader-rogin/,5579,fouloir-finger-spreader-rogin,Fouloir (Finger Spreader) - ROGIN,5579,variable,ROGIN,ARYMARKET,Rogin Fouloir – Acier InoxydableCondenseurs latéraux en acier inoxydable pour l’adaptation précise de la gutta-percha. Pointe conique pour pénétration profonde Différents diamètres ISO disponibles Manche ergonomique pour un contrôle optimal Stérilisables à l’autoclave,"Rogin Fouloir - Acier InoxydableCondenseurs latéraux en acier inoxydable pour l’adaptation précise de la gutta-percha.


 	
Pointe conique pour pénétration profonde

 	
Différents diamètres ISO disponibles

 	
Manche ergonomique pour un contrôle optimal

 	Stérilisables à l’autoclave",Endodontie | FMDC - Faculté de Médecine Dentaire de Casablanca | FMDR - Faculté de Médecine Dentaire de Rabat | Fournitures pour Étudiants | Instruments endodontie | Troisième année | UEMF - Université Euromed de Fès | UIASS - niversité internationale Abulcasis des sciences de la santé | UIC – Université Internationale de Casablanca | UIR - Université Internationale de Rabat | UM6SS CASA - Université Mohammed VI de Médecine Dentaire de Casablanca | Uncategorized | UPF - Université Privée de Fès | UPM - Université privée de Marrakech | ROGIN,,35,35,,35,45,MAD,InStock,,23,,https://dentalmarket.ma/wp-content/uploads/2025/08/Fouloir.webp,https://dentalmarket.ma/wp-content/uploads/2025/08/Fouloir.webp,"[{""name"":""Longueur"",""value"":""25mm""},{""name"":""N°"",""value"":""#20~35 (ABCD/4 fouloirs), #15~40 (Assortiment de 6 fouloirs)""}]",2,2026-07-29T15:49:50.238Z
https://dentalmarket.ma/product/gomme-a-platre/,5551,gomme-a-platre,Gomme à Plâtre - STAEDTLER,5551,simple,STAEDTLER,ARYMARKET,"Crayon à effacer avec brosse sans PVC, sans phtalate et sans latex Bois issu de forêts certifiées et gérées de manière durable","Crayon à effacer avec brosse
 	sans PVC, sans phtalate et sans latex
 	Bois issu de forêts certifiées et gérées de manière durable",Deuxième année | FMDC - Faculté de Médecine Dentaire de Casablanca | FMPDF - Faculté de Médecine Dentaire de Fès | Fournitures pour Étudiants | Troisième année | UM6SS CASA - Université Mohammed VI de Médecine Dentaire de Casablanca | Uncategorized | STAEDTLER,,15,15,,15,15,MAD,InStock,,,,https://dentalmarket.ma/wp-content/uploads/2025/08/Gomme-a-Platre.webp,https://dentalmarket.ma/wp-content/uploads/2025/08/Gomme-a-Platre.webp,[],0,2026-07-29T15:49:50.238Z
https://dentalmarket.ma/product/cahier-tp/,5523,cahier-tp,Cahier TP,5523,variable,,ARYMARKET,,,Deuxième année | FMDC - Faculté de Médecine Dentaire de Casablanca | FMDR - Faculté de Médecine Dentaire de Rabat | FMPDF - Faculté de Médecine Dentaire de Fès | Fournitures pour Étudiants | Première Année | Troisième année | UEMF - Université Euromed de Fès | UIASS - niversité internationale Abulcasis des sciences de la santé | UIC – Université Internationale de Casablanca | UIR - Université Internationale de Rabat | UM6SS CASA - Université Mohammed VI de Médecine Dentaire de Casablanca | UPF - Université Privée de Fès | UPM - Université privée de Marrakech,,14,14,,14,24,MAD,InStock,,26,,https://dentalmarket.ma/wp-content/uploads/2024/08/cahier_piqure_1.webp,https://dentalmarket.ma/wp-content/uploads/2024/08/cahier_piqure_1.webp,"[{""name"":""Nombre de pages"",""value"":""96P, 144P, 192P""}]",3,2026-07-29T15:49:50.238Z
https://dentalmarket.ma/product/toile-ciree/,5518,toile-ciree,Toile Cirée,5518,variable,,ARYMARKET,"Nous vous proposons deux tailles pour ce produit : Grande (100cm × 70cm) et Petite (50cm × 70cm). Même si votre professeur vous demande une taille légèrement différente, ne vous inquiétez pas ! Ces dimensions sont parfaitement adaptées à vos besoins académiques. Optez simplement pour la taille la plus proche et vous serez prêt pour vos cours et projets.","Nous vous proposons deux tailles pour ce produit : Grande (100cm × 70cm) et Petite (50cm × 70cm). Même si votre professeur vous demande une taille légèrement différente, ne vous inquiétez pas ! Ces dimensions sont parfaitement adaptées à vos besoins académiques. Optez simplement pour la taille la plus proche et vous serez prêt pour vos cours et projets.",Deuxième année | FMDC - Faculté de Médecine Dentaire de Casablanca | FMDR - Faculté de Médecine Dentaire de Rabat | FMPDF - Faculté de Médecine Dentaire de Fès | Fournitures pour Étudiants | Première Année | Protections | Troisième année | UEMF - Université Euromed de Fès | UIASS - niversité internationale Abulcasis des sciences de la santé | UIC – Université Internationale de Casablanca | UIR - Université Internationale de Rabat | UM6SS CASA - Université Mohammed VI de Médecine Dentaire de Casablanca | UPF - Université Privée de Fès | UPM - Université privée de Marrakech | Usage unique,,18,18,,18,32,MAD,InStock,,0,,https://dentalmarket.ma/wp-content/uploads/2024/08/e36772ca5f03c0c2456ca1b65ed829e740a18dbb_1148.jpg,https://dentalmarket.ma/wp-content/uploads/2024/08/e36772ca5f03c0c2456ca1b65ed829e740a18dbb_1148.jpg,"[{""name"":""Taille"",""value"":""Grande 100cm × 70cm, Petite 50cm × 70cm""}]",2,2026-07-29T15:49:50.238Z
https://dentalmarket.ma/product/pinceau/,5514,pinceau,Pinceau,5514,variable,,ARYMARKET,,,Deuxième année | FMDC - Faculté de Médecine Dentaire de Casablanca | FMPDF - Faculté de Médecine Dentaire de Fès | Fournitures pour Étudiants | Troisième année | UIR - Université Internationale de Rabat | UM6SS CASA - Université Mohammed VI de Médecine Dentaire de Casablanca,,3,3,,3,5,MAD,InStock,,49,,https://dentalmarket.ma/wp-content/uploads/2024/08/pinceau-martre-kolinsky-pointe-longue-fine-serie-8413-raphael-n2.jpg,https://dentalmarket.ma/wp-content/uploads/2024/08/pinceau-martre-kolinsky-pointe-longue-fine-serie-8413-raphael-n2.jpg,"[{""name"":""N°"",""value"":""2, 18, 20""}]",3,2026-07-29T15:49:50.238Z
https://dentalmarket.ma/product/pointe-en-feutrine/,5316,pointe-en-feutrine,Pointe montée en Feutrine,5316,simple,,ARYMARKET,Pointe montée en Feutrine pour pièce à main.,Pointe montée en Feutrine pour pièce à main.,Deuxième année | FMDC - Faculté de Médecine Dentaire de Casablanca | FMPDF - Faculté de Médecine Dentaire de Fès | Fournitures pour Étudiants | Fraises dentaires et Polissage | Polissage dentaire et finition | Troisième année | UEMF - Université Euromed de Fès | UIR - Université Internationale de Rabat | UM6SS CASA - Université Mohammed VI de Médecine Dentaire de Casablanca | Uncategorized,,13,13,,13,13,MAD,InStock,,,,https://dentalmarket.ma/wp-content/uploads/2025/08/90.webp,https://dentalmarket.ma/wp-content/uploads/2025/08/90.webp,[],0,2026-07-29T15:49:50.238Z
https://dentalmarket.ma/product/fraise-endo-z/,5310,fraise-endo-z,Fraise Endo-Z - ROGIN,5310,simple,ROGIN,ARYMARKET,"Rogin Endo Z (ou Zekria Endo)Fraise endodontique en carbure de tungstène, conçue pour l’ouverture de la chambre pulpaire et le retrait des surplombs dentinaires. Pointe non coupante pour éviter toute perforation Lames latérales tranchantes pour un accès optimal Haute résistance à l’usure Longueur : 23 mm","Rogin Endo Z (ou Zekria Endo)Fraise endodontique en carbure de tungstène, conçue pour l’ouverture de la chambre pulpaire et le retrait des surplombs dentinaires.


 	
Pointe non coupante pour éviter toute perforation

 	
Lames latérales tranchantes pour un accès optimal

 	
Haute résistance à l’usure

 	
Longueur : 23 mm",FMDC - Faculté de Médecine Dentaire de Casablanca | FMDR - Faculté de Médecine Dentaire de Rabat | FMPDF - Faculté de Médecine Dentaire de Fès | Fournitures pour Étudiants | Fraises carbure de tungstène | Fraises dentaires et Polissage | Troisième année | UEMF - Université Euromed de Fès | UIASS - niversité internationale Abulcasis des sciences de la santé | UIC – Université Internationale de Casablanca | UIR - Université Internationale de Rabat | UM6SS CASA - Université Mohammed VI de Médecine Dentaire de Casablanca | Uncategorized | UPF - Université Privée de Fès | UPM - Université privée de Marrakech | ROGIN,,49,70,49,49,49,MAD,InStock,,,,https://dentalmarket.ma/wp-content/uploads/2025/08/Design-sans-titre-5-1.png,https://dentalmarket.ma/wp-content/uploads/2025/08/Design-sans-titre-5-1.png,[],0,2026-07-29T15:49:50.238Z
https://dentalmarket.ma/product/lentulo/,5304,lentulo,Lentulo - ROGIN,5304,variable,ROGIN,ARYMARKET,Rogin Lentu avec RessortInstruments endodontiques pour l’application contrôlée de pâtes dans les canaux radiculaires. Tige avec ressort pour plus de souplesse et réduction du risque de fracture Mécanisme spirale pour distribution uniforme Différents diamètres disponibles Acier inoxydable haute qualité,"Rogin Lentu avec RessortInstruments endodontiques pour l’application contrôlée de pâtes dans les canaux radiculaires.


 	Tige avec ressort pour plus de souplesse et réduction du risque de fracture
 	Mécanisme spirale pour distribution uniforme
 	
Différents diamètres disponibles

 	
Acier inoxydable haute qualité",Endodontie | FMDC - Faculté de Médecine Dentaire de Casablanca | FMPDF - Faculté de Médecine Dentaire de Fès | Fournitures pour Étudiants | Instruments endodontie | Troisième année | UEMF - Université Euromed de Fès | UIASS - niversité internationale Abulcasis des sciences de la santé | UIC – Université Internationale de Casablanca | UIR - Université Internationale de Rabat | UM6SS CASA - Université Mohammed VI de Médecine Dentaire de Casablanca | Uncategorized | UPF - Université Privée de Fès | UPM - Université privée de Marrakech | ROGIN,,18,18,,18,72,MAD,InStock,,10,,https://dentalmarket.ma/wp-content/uploads/2025/08/Lentulo.png,https://dentalmarket.ma/wp-content/uploads/2025/08/Lentulo.png,"[{""name"":""Longueur"",""value"":""21mm, 25mm (standard)""},{""name"":""N°"",""value"":""#25 (Rouge), #30 (Bleu), #35 (Vert), #40 (Noir), #25~40 (Assortiment de 4 lentulos)""},{""name"":""Quantité"",""value"":""Unité (1 lentulo), Plaquette (4 lentulos)""}]",18,2026-07-29T15:49:50.238Z
https://dentalmarket.ma/product/gutta-thermo-condenseur-rogin/,5302,gutta-thermo-condenseur-rogin,Gutta Thermo Condenseur (Thermo-compacteur) - ROGIN,5302,variable,ROGIN,ARYMARKET,"Rogin GRC Files Limes rotatifs pour condensation de gutta-percha par friction thermique. Conception Hedström inversée avec tige coudée pour un compactage apical efficace, conicité 2%. Vitesse recommandée : 8 000 rpm","Rogin GRC Files
Limes rotatifs pour condensation de gutta-percha par friction thermique. Conception Hedström inversée avec tige coudée pour un compactage apical efficace, conicité 2%.

Vitesse recommandée : 8 000 rpm",Endodontie | FMDC - Faculté de Médecine Dentaire de Casablanca | Fournitures pour Étudiants | Instruments endodontie | Troisième année | UIR - Université Internationale de Rabat | Uncategorized | ROGIN,,49,49,,49,195,MAD,InStock,,231,,https://dentalmarket.ma/wp-content/uploads/2025/08/Themo-Condenseur.png,https://dentalmarket.ma/wp-content/uploads/2025/08/Themo-Condenseur.png,"[{""name"":""Couleur/Numéro"",""value"":""#25 (Rouge), #30 (Bleu), #35 (Vert), #40 (Noir), #25-40 (Assortiment)""}]",5,2026-07-29T15:49:50.238Z
https://dentalmarket.ma/product/cutter/,5295,cutter,Cutter,5295,variable,,ARYMARKET,,,"Aménagement, Textile et Tech | Bricolage | Deuxième année | FMDC - Faculté de Médecine Dentaire de Casablanca | FMDR - Faculté de Médecine Dentaire de Rabat | FMPDF - Faculté de Médecine Dentaire de Fès | Fournitures pour Étudiants | Quatrième année | Troisième année | UEMF - Université Euromed de Fès | UIASS - niversité internationale Abulcasis des sciences de la santé | UIC – Université Internationale de Casablanca | UIR - Université Internationale de Rabat | UM6SS CASA - Université Mohammed VI de Médecine Dentaire de Casablanca | Uncategorized | UPF - Université Privée de Fès | UPM - Université privée de Marrakech",,3,3,,3,12,MAD,InStock,,23,,https://dentalmarket.ma/wp-content/uploads/2025/08/Cutter-GP.webp,https://dentalmarket.ma/wp-content/uploads/2025/08/Cutter-GP.webp,"[{""name"":""Taille"",""value"":""Grand, Petit, Grand + Petit""}]",2,2026-07-29T15:49:50.238Z
https://dentalmarket.ma/product/regle-endo/,5280,regle-endo,Règle Endo,5280,variable,,ARYMARKET,,,Accessoires endodontie | Endodontie | FMDC - Faculté de Médecine Dentaire de Casablanca | FMDR - Faculté de Médecine Dentaire de Rabat | FMPDF - Faculté de Médecine Dentaire de Fès | Fournitures pour Étudiants | Quatrième année | Troisième année | UEMF - Université Euromed de Fès | UIASS - niversité internationale Abulcasis des sciences de la santé | UIC – Université Internationale de Casablanca | UIR - Université Internationale de Rabat | UM6SS CASA - Université Mohammed VI de Médecine Dentaire de Casablanca | UPF - Université Privée de Fès | UPM - Université privée de Marrakech,,35,35,,35,35,MAD,InStock,,2,,https://dentalmarket.ma/wp-content/uploads/2024/08/Design-sans-titre-48.png,https://dentalmarket.ma/wp-content/uploads/2024/08/Design-sans-titre-48.png,"[{""name"":""Couleur"",""value"":""Vert, Bleu, Violet, Rouge, Doré""}]",5,2026-07-29T15:49:50.238Z
https://dentalmarket.ma/product/couteau-a-platre-cire/,5272,couteau-a-platre-cire,Couteau à Plâtre/Cire,5272,variable,,ARYMARKET,,,Deuxième année | Empreintes et Laboratoire | FMDC - Faculté de Médecine Dentaire de Casablanca | FMDR - Faculté de Médecine Dentaire de Rabat | FMPDF - Faculté de Médecine Dentaire de Fès | Fournitures pour Étudiants | Matériels de laboratoire | Première Année | Troisième année | UEMF - Université Euromed de Fès | UIASS - niversité internationale Abulcasis des sciences de la santé | UIC – Université Internationale de Casablanca | UIR - Université Internationale de Rabat | UM6SS CASA - Université Mohammed VI de Médecine Dentaire de Casablanca | UPF - Université Privée de Fès | UPM - Université privée de Marrakech,,32,32,,32,79,MAD,InStock,,36,,https://dentalmarket.ma/wp-content/uploads/2024/08/INS-SS-1018.png,https://dentalmarket.ma/wp-content/uploads/2024/08/INS-SS-1018.png,"[{""name"":""Couteau à"",""value"":""Plâtre, Cire, Plâtre + Cire""}]",3,2026-07-29T15:49:50.238Z
https://dentalmarket.ma/product/precelle/,5269,precelle,Précelle - Majestic Instruments,5269,simple,Majestic Instruments,ARYMARKET,Précelle atelier.,Précelle atelier.,Deuxième année | Fournitures pour Étudiants | Instruments de diagnostic dentaire | Instruments dentaires | Troisième année | UEMF - Université Euromed de Fès | UIR - Université Internationale de Rabat | Uncategorized | Majestic Instruments,,35,35,,35,35,MAD,InStock,,,,https://dentalmarket.ma/wp-content/uploads/2025/08/Precelle.webp,https://dentalmarket.ma/wp-content/uploads/2025/08/Precelle.webp,[],0,2026-07-29T15:49:50.238Z
https://dentalmarket.ma/product/miroir/,5266,miroir,Miroir - Majestic Instruments,5266,simple,Majestic Instruments,ARYMARKET,Miroir avec manche.,Miroir avec manche.,Deuxième année | Fournitures pour Étudiants | Instruments de diagnostic dentaire | Instruments dentaires | UEMF - Université Euromed de Fès | UIASS - niversité internationale Abulcasis des sciences de la santé | Majestic Instruments,,25,25,,25,25,MAD,InStock,,,,https://dentalmarket.ma/wp-content/uploads/2025/08/Miroir.webp,https://dentalmarket.ma/wp-content/uploads/2025/08/Miroir.webp,[],0,2026-07-29T15:49:50.238Z
https://dentalmarket.ma/product/fraise-a-resine-en-pierre-rose/,4900,fraise-a-resine-en-pierre-rose,Fraise à Résine en Pierre Rose,4900,variable,,ARYMARKET,Fraise à Résine en Pierre Rose pour Pièce à Main.,Fraise à Résine en Pierre Rose pour Pièce à Main.,Deuxième année | FMDC - Faculté de Médecine Dentaire de Casablanca | FMDR - Faculté de Médecine Dentaire de Rabat | FMPDF - Faculté de Médecine Dentaire de Fès | Fournitures pour Étudiants | Fraises dentaires et Polissage | Polissage dentaire et finition | Troisième année | UEMF - Université Euromed de Fès | UIASS - niversité internationale Abulcasis des sciences de la santé | UIC – Université Internationale de Casablanca | UIR - Université Internationale de Rabat | UM6SS CASA - Université Mohammed VI de Médecine Dentaire de Casablanca | Uncategorized | UPF - Université Privée de Fès | UPM - Université privée de Marrakech,,7,7,,7,7,MAD,InStock,,45,,https://dentalmarket.ma/wp-content/uploads/2024/08/Design-sans-titre-44.png,https://dentalmarket.ma/wp-content/uploads/2024/08/Design-sans-titre-44.png,"[{""name"":""Forme"",""value"":""Conique, Cylindrique""}]",2,2026-07-29T15:49:50.238Z
https://dentalmarket.ma/product/fraise-pierre-blanche/,4894,fraise-pierre-blanche,Arkansas/Pointe Montée Pierre Blanche pour Polissage de Composite,4894,variable,,ARYMARKET,Fraises en pierre blanche (oxyde d’aluminium) : Meulage rapide et régulier Longue durée de vie grâce à une excellente résistance à l’usure Dissipation thermique efficace pour éviter la surchauffe Vitesse recommandée : 10 000 ~ 12 000 tr/min Idéal pour la finition des composites et matériaux esthétiques,"Fraises en pierre blanche (oxyde d’aluminium) :


 	
Meulage rapide et régulier

 	
Longue durée de vie grâce à une excellente résistance à l’usure

 	
Dissipation thermique efficace pour éviter la surchauffe

 	
Vitesse recommandée : 10 000 ~ 12 000 tr/min

 	
Idéal pour la finition des composites et matériaux esthétiques",Deuxième année | FMDC - Faculté de Médecine Dentaire de Casablanca | FMDR - Faculté de Médecine Dentaire de Rabat | FMPDF - Faculté de Médecine Dentaire de Fès | Fournitures pour Étudiants | Fraises dentaires et Polissage | Polissage dentaire et finition | Troisième année | UEMF - Université Euromed de Fès | UIASS - niversité internationale Abulcasis des sciences de la santé | UIC – Université Internationale de Casablanca | UIR - Université Internationale de Rabat | UM6SS CASA - Université Mohammed VI de Médecine Dentaire de Casablanca | Uncategorized | UPF - Université Privée de Fès | UPM - Université privée de Marrakech,,15,15,,15,35,MAD,InStock,,1523,,https://dentalmarket.ma/wp-content/uploads/2025/08/0.5mm10x21.webp,https://dentalmarket.ma/wp-content/uploads/2025/08/0.5mm10x21.webp,"[{""name"":""Tige"",""value"":""Contre-angle, Turbine""},{""name"":""Forme"",""value"":""N°1 (Flamme), N°2 (Conique), N°3 (Boule), N°4 (Cylindrique), N°1,2,3""}]",9,2026-07-29T15:49:50.238Z
https://dentalmarket.ma/product/poire-a-lavement-soufflette-a-air/,4887,poire-a-lavement-soufflette-a-air,Poire à Lavement/Soufflette à air,4887,simple,,ARYMARKET,,,Anesthésie et Divers | Deuxième année | Divers | FMDC - Faculté de Médecine Dentaire de Casablanca | FMPDF - Faculté de Médecine Dentaire de Fès | Fournitures pour Étudiants | Première Année | Troisième année | UM6SS CASA - Université Mohammed VI de Médecine Dentaire de Casablanca | Uncategorized,,32,32,,32,32,MAD,InStock,,,,https://dentalmarket.ma/wp-content/uploads/2025/08/Poire.webp,https://dentalmarket.ma/wp-content/uploads/2025/08/Poire.webp,[],0,2026-07-29T15:49:50.238Z
https://dentalmarket.ma/product/loupe-dhorloger/,4883,loupe-dhorloger,Loupe d'Horloger,4883,simple,,ARYMARKET,,,Deuxième année | Empreintes et Laboratoire | FMDC - Faculté de Médecine Dentaire de Casablanca | Fournitures pour Étudiants | Matériels de laboratoire | Troisième année | UIC – Université Internationale de Casablanca | UM6SS CASA - Université Mohammed VI de Médecine Dentaire de Casablanca | Uncategorized,,35,35,,35,35,MAD,InStock,,,,https://dentalmarket.ma/wp-content/uploads/2024/08/5363150000000_1.jpg,https://dentalmarket.ma/wp-content/uploads/2024/08/5363150000000_1.jpg,[],0,2026-07-29T15:49:50.238Z
https://dentalmarket.ma/product/regle-metallique-dentaire/,4880,regle-metallique-dentaire,Règle Métallique - DELI,4880,simple,DELI,ARYMARKET,"La règle en acier inoxydable Deli DL8015 de 15 cm est fabriquée en acier inoxydable résistant à la rouille, avec des graduations profondément gravées pour une lecture facile et une durabilité accrue. Dotée d’un bord métrique et d’un bord impérial, la règle Deli de 150 mm répond à tous vos besoins.","La règle en acier inoxydable Deli DL8015 de 15 cm est fabriquée en acier inoxydable résistant à la rouille, avec des graduations profondément gravées pour une lecture facile et une durabilité accrue. Dotée d’un bord métrique et d’un bord impérial, la règle Deli de 150 mm répond à tous vos besoins.",Deuxième année | FMDC - Faculté de Médecine Dentaire de Casablanca | FMDR - Faculté de Médecine Dentaire de Rabat | Fournitures pour Étudiants | Première Année | Quatrième année | Troisième année | UEMF - Université Euromed de Fès | UIASS - niversité internationale Abulcasis des sciences de la santé | UIR - Université Internationale de Rabat | UM6SS CASA - Université Mohammed VI de Médecine Dentaire de Casablanca | Uncategorized | UPM - Université privée de Marrakech | DELI,,16,20,16,16,16,MAD,InStock,,,,https://dentalmarket.ma/wp-content/uploads/2025/08/Regle-Metallique.webp,https://dentalmarket.ma/wp-content/uploads/2025/08/Regle-Metallique.webp,[],0,2026-07-29T15:49:50.238Z
https://dentalmarket.ma/product/chalumeaux/,4878,chalumeaux,Chalumeau,4878,variable,,ARYMARKET,,,Deuxième année | Empreintes et Laboratoire | FMDC - Faculté de Médecine Dentaire de Casablanca | FMDR - Faculté de Médecine Dentaire de Rabat | FMPDF - Faculté de Médecine Dentaire de Fès | Fournitures pour Étudiants | Matériels de laboratoire | Première Année | Quatrième année | Troisième année | UEMF - Université Euromed de Fès | UIASS - niversité internationale Abulcasis des sciences de la santé | UIC – Université Internationale de Casablanca | UIR - Université Internationale de Rabat | UM6SS CASA - Université Mohammed VI de Médecine Dentaire de Casablanca | UPF - Université Privée de Fès | UPM - Université privée de Marrakech,,15,15,,15,190,MAD,InStock,,0,,https://dentalmarket.ma/wp-content/uploads/2024/08/8900_nu_2014.jpg,https://dentalmarket.ma/wp-content/uploads/2024/08/8900_nu_2014.jpg,"[{""name"":""Chalumeau avec ou sans cartouche de gaz"",""value"":""Chalumeau sans cartouche, Chalumeau avec cartouche, Cartouche seule""}]",3,2026-07-29T15:49:50.238Z
https://dentalmarket.ma/product/dent-frasco/,4872,dent-frasco,Dent Frasco Adulte,4872,variable,,ARYMARKET,"Choisir la bonne référence de dents Frasco Nous proposons deux références de dents Frasco : A-3Z et AG-3. Voici quelques informations pour vous aider à choisir celle qui correspond le mieux à vos besoins : Référence A3-Z : Si vous utilisez ces produits pour vos séances de travaux pratiques à la faculté, cette référence est parfaitement adaptée au moule pour couler les dents en plâtre ainsi qu’au modèle de fixation rose, la référence A3-Z est le choix recommandé pour une compatibilité optimale avec le matériel fourni. Référence AG-3 : Bien que la référence AG-3 soit idéale pour l’entraînement à la maison, elle n’est pas parfaitement adaptée au moule et au modèle rose utilisés par la faculté. Si vous souhaitez vous exercer juste à la maison , la référence AG-3 peut être une option suffisante. Recommandation : Pour les travaux pratiques à la faculté : Choisissez la référence A3-Z. Pour l’entraînement à la maison : La référence AG-3 conviendra parfaitement. Si vous avez des questions supplémentaires ou si vous avez besoin de conseils personnalisés, n’hésitez pas à nous contacter !frasaco","Choisir la bonne référence de dents Frasco
Nous proposons deux références de dents Frasco : A-3Z et AG-3. Voici quelques informations pour vous aider à choisir celle qui correspond le mieux à vos besoins :
Référence A3-Z : Si vous utilisez ces produits pour vos séances de travaux pratiques à la faculté, cette référence est parfaitement adaptée au moule pour couler les dents en plâtre ainsi qu’au modèle de fixation rose, la référence A3-Z est le choix recommandé pour une compatibilité optimale avec le matériel fourni.
Référence AG-3 : Bien que la référence AG-3 soit idéale pour l’entraînement à la maison, elle n’est pas parfaitement adaptée au moule et au modèle rose utilisés par la faculté. Si vous souhaitez vous exercer juste à la maison , la référence AG-3 peut être une option suffisante.
Recommandation :
Pour les travaux pratiques à la faculté : Choisissez la référence A3-Z.
Pour l’entraînement à la maison : La référence AG-3 conviendra parfaitement.
Si vous avez des questions supplémentaires ou si vous avez besoin de conseils personnalisés, n’hésitez pas à nous contacter !frasaco",Deuxième année | FMDC - Faculté de Médecine Dentaire de Casablanca | FMDR - Faculté de Médecine Dentaire de Rabat | FMPDF - Faculté de Médecine Dentaire de Fès | Fournitures pour Étudiants | Troisième année | UEMF - Université Euromed de Fès | UIASS - niversité internationale Abulcasis des sciences de la santé | UIC – Université Internationale de Casablanca | UIR - Université Internationale de Rabat | UM6SS CASA - Université Mohammed VI de Médecine Dentaire de Casablanca | Uncategorized | UPF - Université Privée de Fès | UPM - Université privée de Marrakech,,17,17,,17,399,MAD,InStock,,2403,,https://dentalmarket.ma/wp-content/uploads/2024/08/61jmzAT6YhS._SL1500_.webp,https://dentalmarket.ma/wp-content/uploads/2024/08/61jmzAT6YhS._SL1500_.webp | https://dentalmarket.ma/wp-content/uploads/2024/08/81749.webp | https://dentalmarket.ma/wp-content/uploads/2024/08/61jmzAT6YhS._SL1500_-600x600.webp | https://dentalmarket.ma/wp-content/uploads/2024/08/81749-100x100.webp,"[{""name"":""Référence"",""value"":""A-3Z/E, AG-3""},{""name"":""Modèle de dent"",""value"":""Jeu Complet, 11, 12, 13, 14, 15, 16, 17, 18, 21, 22, 23, 24, 25, 26, 27, 28, 31, 32, 33, 34, 35, 36, 37, 38, 41, 42, 43, 44, 45, 46, 47, 48""},{""name"":""Conditionnement"",""value"":""En boîte, En sachet, À l'unité""}]",35,2026-07-29T15:49:50.238Z

